"","Susc_FN","Likert_Evaluation","Education_Score","Age","Gender","Income_Score","Dummy_Congruence","Familiar_Dummy","Duration","Dig_Lit_Avg","Article_day","ResponseId","Treat_Search"
"1",1,4,1,19,"Female",0,0,1,10.3333333333333,5,"Jun 1_1","R_2xXl0cCgOnoljGO",1
"2",0,4,3,49,"Male",1,1,0,12.0333333333333,4.2,"Jun 1_1","R_3JkOa4HTwtdYEHv",1
"3",0,4,3,65,"Female",1,1,0,24.1166666666667,4.7,"Jun 1_1","R_1ML1yHeaNRNZmMw",1
"4",0,5,5,29,"Female",2,0,0,11.7333333333333,4.5,"Jun 1_1","R_yk084j3S4m8ubLj",1
"5",0,4,1,21,"Female",2,0,0,8.03333333333333,2.3,"Jun 1_1","R_3Giyk6KiUaZqTWn",1
"6",0,2,4,36,"Female",1,0,0,30.5166666666667,4.6,"Jun 1_1","R_0JVjIUcs7rA6R8Z",1
"7",1,6,4,30,"Male",2,1,0,37.0833333333333,4.5,"Jun 1_1","R_1o5rbjFXr8U2RXi",1
"8",0,6,1,18,"Male",0,1,1,13.2666666666667,3.7,"Jun 1_1","R_PO3OaDyiYRAL0lP",1
"9",1,7,3,39,"Male",1,0,1,14.25,4.6,"Jun 1_1","R_1jldEk0h0MM7dqo",1
"10",1,6,4,42,"Male",2,1,0,36.2833333333333,3.8,"Jun 1_1","R_31i7lQZlIvQpo1i",1
"11",0,7,1,42,"Male",2,0,0,60,4,"Jun 1_1","R_1pArYJugXWt2p6j",1
"12",0,4,2,68,"Male",0,1,1,26.0333333333333,2.6,"Jun 1_1","R_1IYlWsahZkmENH0",1
"13",0,6,1,65,"Male",3,1,1,25.9666666666667,3.1,"Jun 1_1","R_3dRF53pKvDklAzA",1
"14",1,7,4,44,"Male",2,1,1,12.1,3.7,"Jun 1_1","R_3RsvTUEcdkpa5aC",1
"15",1,6,3,30,"Male",1,0,0,11.8166666666667,4.7,"Jun 1_1","R_3G6AnCBE4RtpbA8",1
"16",0,6,3,29,"Male",0,0,0,7.3,3.9,"Jun 1_1","R_1Pel06o0nrH9ATK",1
"17",1,7,3,25,"Male",3,1,1,12.1166666666667,5,"Jun 1_1","R_2YJUxOiSphH7MEa",1
"18",1,7,4,32,"Male",2,0,1,13.7,4.3,"Jun 1_1","R_31TT23zwAdT9tDU",1
"19",0,4,5,40,"Male",2,0,1,23.5333333333333,4,"Jun 1_1","R_3CD8Df9sZcpvE49",1
"20",0,5,1,50,"Male",0,0,0,29.2333333333333,3.7,"Jun 1_1","R_1M4FKrqVOTIjKTr",1
"21",0,3,1,18,"Female",2,0,0,16.2,3.4,"Jun 1_3","R_1dtbbD81ZtMu7Pp",1
"22",0,2,1,63,"Male",1,0,0,16.4666666666667,1.9,"Jun 1_3","R_2SCvbQVV0UKelSB",1
"23",0,5,3,45,"Male",2,1,0,19.9333333333333,4.7,"Jun 1_3","R_1jv4wMYuc70NrmJ",1
"24",1,7,1,63,"Female",0,1,0,21.5,3.4,"Jun 1_3","R_3OpQdxwPNkmf77I",1
"25",0,4,2,67,"Female",1,1,1,22.3333333333333,4.6,"Jun 1_3","R_21oKGBp2PfnLzG6",1
"26",1,4,3,72,"Male",2,0,0,22.3333333333333,3.5,"Jun 1_3","R_2UaAGVuEXQRzOiz",1
"27",1,6,3,48,"Female",0,0,0,29.75,2.5,"Jun 1_3","R_3PXjipdWUkak5k9",1
"28",0,3,1,40,"Female",0,0,0,38.15,4,"Jun 1_3","R_1CBodPjPMCtANT8",1
"29",0,1,4,34,"Female",0,0,0,18.6666666666667,4.2,"Jun 1_3","R_3nkkymdrKhUDz2b",1
"30",1,7,4,46,"Female",1,0,0,16.8,3.8,"Jun 1_3","R_20Pzcmzi67CNorj",1
"31",1,7,1,33,"Female",0,0,0,35.7333333333333,3.8,"Jun 1_3","R_Z1BQDmQUpX0Pcgp",1
"32",0,4,1,22,"Male",1,1,0,26.3666666666667,3.6,"Jun 1_3","R_12PWov92dkSiZN2",1
"33",0,4,1,20,"Male",2,1,0,11.1333333333333,3.6,"Jun 1_3","R_DH9dZol1UWK0Pap",1
"34",0,3,4,74,"Male",3,1,0,38.05,4.9,"Jun 1_3","R_1IQwcIEUgUNYP51",1
"35",1,5,3,30,"Male",1,0,0,11.2166666666667,3.4,"Jun 1_3","R_1IjajgcAMwTfElX",1
"36",1,4,2,35,"Male",0,0,0,46.3166666666667,4.7,"Jun 1_3","R_2PiqsHvcudgsDRj",1
"37",1,5,3,22,"Male",1,0,0,16.9,4.1,"Jun 1_3","R_1rqR90DP0Nj7aus",1
"38",0,1,3,54,"Male",1,0,0,32.9,4.2,"Jun 1_3","R_2TtaXOjWpxd761t",1
"39",0,4,3,38,"Male",0,0,1,24.3166666666667,4.8,"Jun 1_3","R_vk8mcVCnqNYeBQl",1
"40",0,5,3,20,"Male",2,0,0,14.5333333333333,3,"Jun 1_3","R_AGS8YC1YZ4V7S6d",1
"41",0,5,3,55,"Male",3,1,0,29.85,5,"Jun 1_3","R_sGobJE4PqP8NeM1",1
"42",0,2,0,18,"Male",2,0,0,13.2333333333333,3.8,"Jun 1_3","R_24vJUM6YRExnJBy",1
"43",0,5,3,67,"Male",3,1,0,27.4,4.5,"Jun 1_3","R_3Dp7UOmpTzPVUJk",1
"44",0,4,1,19,"Male",1,0,0,35.55,4.4,"Jun 1_3","R_2DYxPLR29FY1M3i",1
"45",0,4,2,65,"Male",1,0,0,51.8333333333333,5,"Jun 1_3","R_3NQJbaDUibUS4fl",1
"46",0,4,3,30,"Male",0,0,0,12.3666666666667,3.4,"Jun 1_3","R_2rHj0IXRZGZm5cr",1
"47",1,7,4,26,"Male",1,1,0,11.1166666666667,3.6,"Jun 1_3","R_1FeWJ1uJN1FweGQ",1
"48",0,1,5,39,"Male",3,0,0,17.9666666666667,4.3,"Jun 1_3","R_zdqCK4TJDQmfKW5",1
"49",0,5,3,31,"Male",1,0,0,9.31666666666667,1.8,"Jun 1_3","R_3HRNpP8mc9xL4ys",1
"50",0,5,1,29,"Male",2,0,0,34.7333333333333,4.6,"Jun 1_3","R_3CBCkHZgwNcK0XR",1
"51",0,4,4,58,"Male",1,0,0,22.8166666666667,4.6,"Jun 10_1","R_3PuBpYRvfKQbhKF",1
"52",1,5,3,64,"Female",0,0,0,18.6833333333333,2.9,"Jun 10_1","R_AoDJpO4lJxRsQHD",1
"53",1,5,3,30,"Female",1,0,0,19.5166666666667,4.1,"Jun 10_1","R_RCYIwGhlp5ytKKZ",1
"54",0,5,3,63,"Male",3,1,0,18.2333333333333,4,"Jun 10_1","R_2q8xe9r8kidRbHV",1
"55",1,7,1,74,"Female",0,0,0,21.9333333333333,4.2,"Jun 10_1","R_DwvTwBHPg8SIMBX",1
"56",0,4,1,68,"Female",0,0,0,33.2,3.4,"Jun 10_1","R_3kCdEkeX5LvVbee",1
"57",0,4,1,60,"Male",1,0,0,22.4166666666667,2.6,"Jun 10_1","R_1CxS7PavFqK0Gxc",1
"58",0,2,1,69,"Male",0,0,0,15.7333333333333,5,"Jun 10_1","R_DdXw5MoXLMQyUSd",1
"59",0,1,2,37,"Male",0,1,0,10.2,1.4,"Jun 10_1","R_1jdHlOwZT2Mkg5H",1
"60",1,5,3,30,"Female",1,0,0,38.0833333333333,4.5,"Jun 10_1","R_STbvrIALUQFn2mZ",1
"61",0,4,2,71,"Female",2,0,0,21.5833333333333,2.1,"Jun 10_1","R_OfkB3iMsXqXjV3X",1
"62",1,6,1,24,"Male",1,1,1,25.6,4.1,"Jun 10_1","R_DUi8Q5tir1wuNcl",1
"63",1,6,1,62,"Male",0,1,1,25.15,2.5,"Jun 10_1","R_7V3Yh42JrjYCQBX",1
"64",1,6,1,67,"Male",0,1,1,45.3,5,"Jun 10_1","R_1DPjhQy8xC6pdTO",1
"65",1,6,2,25,"Male",1,0,1,8.06666666666667,4.5,"Jun 10_1","R_3shRo1iZnRFpAjc",1
"66",0,4,2,68,"Male",1,0,0,10.6166666666667,2.2,"Jun 10_1","R_2B9gzZaWBRMK1vi",1
"67",1,7,3,40,"Male",3,0,1,40,3.8,"Jun 10_1","R_3fIQFIxcreorMOq",1
"68",1,5,4,63,"Male",1,1,0,27.1333333333333,3.8,"Jun 10_1","R_3j38ZeGdvDGdZmh",1
"69",0,1,3,41,"Male",3,0,1,11.7,4.8,"Jun 10_1","R_1LHjUE5TjDfTEvu",1
"70",0,4,3,36,"Female",1,0,0,6.05,2.1,"Jun 10_1","R_3CNKV3AxKXzdVrY",1
"71",1,7,3,27,"Female",0,1,0,18.45,2.7,"Jun 10_1","R_3PnPIDgvBKKqiQy",1
"72",0,4,1,18,"Female",0,0,0,23.9,3.1,"Jun 10_1","R_YXk30W4BeTBtByp",1
"73",1,6,3,36,"Female",3,1,0,6.78333333333333,4.6,"Jun 10_1","R_1KvCgz07XZwjNjE",1
"74",0,3,3,35,"Female",2,0,0,60,3.8,"Jun 10_1","R_10OdTei5GBHdMmk",1
"75",1,7,4,45,"Female",0,1,0,53.6333333333333,3.8,"Jun 10_1","R_2AHjwSqxvbfWYqg",1
"76",0,4,3,35,"Female",1,0,0,13.6833333333333,2.4,"Jun 10_1","R_1gGhVPQKJ5g2PBP",1
"77",0,4,2,36,"Female",2,0,0,15.6,4.6,"Jun 10_1","R_2q3fO1QOmtw4NIn",1
"78",0,4,2,46,"Female",0,1,0,60,3,"Jun 10_1","R_3m8Xoz7qFWBFLU8",1
"79",1,5,4,41,"Female",2,0,0,23.9,3.7,"Jun 10_1","R_1Ed3ASpawEbs1bg",1
"80",0,4,1,45,"Female",0,1,1,19.45,4.2,"Jun 10_1","R_23WdzdMt9h5ufti",1
"81",0,4,2,66,"Female",1,0,0,17.2,1.5,"Jun 10_3","R_2RQjWBPP2L9PCX7",1
"82",0,4,4,34,"Female",0,1,1,7.9,3.5,"Jun 10_3","R_bQpLHy1jE3Y97UJ",1
"83",1,5,2,50,"Female",0,0,0,18.4833333333333,1.7,"Jun 10_3","R_VQk4pfUpICgx6nf",1
"84",0,1,1,58,"Female",1,0,1,20.15,4.6,"Jun 10_3","R_XnYSUMsRqcpuzMB",1
"85",0,4,3,26,"Male",1,0,0,11.5666666666667,2.4,"Jun 10_3","R_1lyE4s653hURJMN",1
"86",1,6,2,25,"Male",1,0,0,11.15,3.9,"Jun 10_3","R_2DTTz3RIPKAZ9Zi",1
"87",1,7,5,39,"Male",3,0,1,21.3,4.6,"Jun 10_3","R_1r00pMlftmCnNdS",1
"88",0,2,4,74,"Female",1,0,0,36.3666666666667,3.6,"Jun 10_3","R_2t4hr6RB8aK6g6Q",1
"89",1,6,1,39,"Female",0,1,0,20.2833333333333,2.8,"Jun 10_3","R_0BznfS2dAmc9FU5",1
"90",1,7,3,40,"Male",2,0,1,45.15,5,"Jun 10_3","R_1j7iB6lvsAfvyAR",1
"91",0,4,1,26,"Male",0,NA,0,9.38333333333333,3,"Jun 10_3","R_2q3mJY76qYEeEZE",1
"92",1,6,1,62,"Female",0,0,1,11.3833333333333,4,"Jun 10_3","R_2zhGyA5s89YMHBL",1
"93",0,1,3,50,"Female",0,0,0,12.6,4.6,"Jun 10_3","R_21cxUu5E2e0CiBr",1
"94",0,3,4,71,"Male",1,0,1,39.5666666666667,4.7,"Jun 10_3","R_10HkoYCQ3c0fIYy",1
"95",0,5,1,67,"Male",1,1,1,21.95,5,"Jun 10_3","R_eeyCzA8RHelVngJ",1
"96",1,6,3,72,"Male",1,1,1,18.6666666666667,4.5,"Jun 10_3","R_SNw6KCtfaoqcyUp",1
"97",1,6,2,69,"Male",1,0,1,22.3333333333333,4.5,"Jun 10_3","R_1o5ayvnsqOJe1DS",1
"98",1,7,4,40,"Male",2,1,1,14.85,4.4,"Jun 10_3","R_1ddbVPxKyaEGVag",1
"99",1,6,3,82,"Male",3,1,1,60,2.1,"Jun 10_3","R_2zGR9mPFXMf2e8k",1
"100",0,2,4,68,"Male",0,0,1,35.2166666666667,2.7,"Jun 10_3","R_pQUewQ6gn2jkBZ7",1
"101",1,6,3,37,"Male",1,0,0,54.0833333333333,4.2,"Jun 10_3","R_2pQ3z7bEvan2r5k",1
"102",0,4,3,67,"Male",2,0,0,21.3166666666667,4.1,"Jun 10_3","R_3OqBnRKBKX8AWtj",1
"103",1,6,1,30,"Male",0,0,0,14.4833333333333,4.5,"Jun 10_3","R_25sycceSSnGb58K",1
"104",1,5,2,59,"Male",0,0,0,20.8333333333333,3.5,"Jun 10_3","R_OIiFirfGPf1cvGV",1
"105",1,7,1,19,"Female",2,0,0,15.1666666666667,3,"Jun 10_3","R_1Q58YdUpjMHtWQD",1
"106",1,7,2,47,"Other",0,1,0,29.7166666666667,4,"Jun 10_3","R_1gjpGgTCO8zYaPH",1
"107",1,6,0,18,"Female",0,0,1,23.3666666666667,3.5,"Jun 10_3","R_2QK6A64Luxf9dDu",1
"108",0,7,4,39,"Male",3,0,0,16.0166666666667,3.6,"Jun 15_3","R_6kZcghLrrmPp7yN",1
"109",0,1,0,68,"Female",0,0,0,24.8333333333333,2.1,"Jun 15_3","R_24FWA34ndmONE5E",1
"110",1,6,5,41,"Male",3,0,1,27.25,4,"Jun 15_3","R_1hzijqmh6N7g8Vy",1
"111",0,2,1,25,"Female",0,0,0,15.7,3.3,"Jun 15_3","R_3Rr6CsRkCmbBs5b",1
"112",0,3,3,44,"Female",3,0,0,15.6333333333333,3.1,"Jun 15_3","R_2xKMErsRYaTKpyh",1
"113",1,7,4,30,"Male",2,0,1,60,3.9,"Jun 15_3","R_10PiVE2TjyE3yLY",1
"114",1,4,4,65,"Female",0,0,0,60,2.9,"Jun 15_3","R_Dvo0EMpfgPn7kQN",1
"115",0,4,3,57,"Male",0,0,0,17.55,3.5,"Jun 15_3","R_3gZubr2CuYOgi8O",1
"116",0,4,3,82,"Male",1,0,0,20.5666666666667,2.5,"Jun 15_3","R_2WPtl8vw4bSSydJ",1
"117",0,5,5,44,"Female",1,NA,0,22.95,3.8,"Jun 15_3","R_1LT0mHNzFM8pyox",1
"118",1,7,4,60,"Male",1,0,0,8.03333333333333,3.8,"Jun 15_3","R_yPxwUTAMzV1egRr",1
"119",0,4,0,62,"Male",0,0,0,34.6166666666667,1.5,"Jun 15_3","R_3LdOFeMvr4fFU3w",1
"120",0,2,3,25,"Male",0,0,0,26.2166666666667,3.4,"Jun 15_3","R_1INneo0p3CBqQoU",1
"121",0,4,1,65,"Male",0,0,0,35.3666666666667,3.3,"Jun 15_3","R_2xFC1JYVmdyoAuH",1
"122",1,5,3,63,"Male",2,0,0,23.3,3.3,"Jun 15_3","R_UcMKuOWRXYS4kO5",1
"123",0,3,4,75,"Male",3,0,0,23.8,3.8,"Jun 15_3","R_1BWTUqr8FtB9EY8",1
"124",1,5,3,38,"Male",2,0,0,24.1333333333333,4.7,"Jun 15_3","R_1l3q1I81Scco6uS",1
"125",1,6,3,60,"Male",0,0,0,17.95,4.9,"Jun 15_3","R_2BzEjjaC6N7FNIu",1
"126",1,6,1,64,"Male",0,0,1,39.4666666666667,3.7,"Jun 15_3","R_2WBZwBP6PGvOck9",1
"127",1,5,4,55,"Male",1,0,0,13.4666666666667,3.6,"Jun 15_3","R_2YEzOJgqkT4CYaq",1
"128",0,5,1,30,"Female",3,0,1,10.95,4.5,"Jun 15_3","R_3HYYoor4iA7uhoQ",1
"129",0,4,1,33,"Female",1,0,0,18.1666666666667,1.8,"Jun 15_3","R_TplFcRPMeKtIEYp",1
"130",0,5,3,21,"Female",3,0,0,23.7166666666667,4.1,"Jun 15_3","R_3L6BKdwY217LW03",1
"131",0,4,2,46,"Female",2,0,1,48.8166666666667,4.6,"Jun 15_3","R_2odXhMZbrsKbJip",1
"132",1,5,2,44,"Female",1,0,1,17.2833333333333,5,"Jun 15_3","R_1INqJHBiJsSewxl",1
"133",0,3,3,66,"Male",2,0,0,12.3166666666667,1.6,"Jun 22_3","R_12AbOmHcSLCSoRF",1
"134",0,2,2,71,"Male",0,0,1,25.8833333333333,2.6,"Jun 22_3","R_31gEc8Grp9nG4Em",1
"135",0,3,2,79,"Male",1,0,0,41.0666666666667,4.4,"Jun 22_3","R_2YEdXJu4fobQd65",1
"136",0,3,1,22,"Male",1,0,0,9.66666666666667,3,"Jun 22_3","R_xEhFJPtWHYaWB3j",1
"137",0,4,1,18,"Male",0,NA,0,10.7166666666667,3.5,"Jun 22_3","R_80um6mVPfnAFMT7",1
"138",1,7,5,35,"Male",3,0,0,15.3,4.5,"Jun 22_3","R_11hZIh3IbWquCW4",1
"139",1,7,4,41,"Male",3,0,0,28.1833333333333,4.6,"Jun 22_3","R_3ehlIHdqAUcWao9",1
"140",0,3,2,53,"Male",2,0,0,8.63333333333333,4.7,"Jun 22_3","R_30059xsIalwMoB1",1
"141",0,1,4,72,"Male",1,0,0,24.1666666666667,3.7,"Jun 22_3","R_2aPmC7YsaSzR8vU",1
"142",1,7,4,45,"Male",3,0,0,37.8666666666667,3.4,"Jun 22_3","R_DAi0lextAZvAqul",1
"143",0,4,1,47,"Male",0,0,0,24.05,3.6,"Jun 22_3","R_115fCkCrp7DHJOx",1
"144",0,4,3,70,"Male",1,0,0,13.9,4.1,"Jun 22_3","R_2BgpbCdG9hZU6x6",1
"145",0,2,4,30,"Male",3,0,0,26.8,4.6,"Jun 22_3","R_2y8YDg02ze3WwAM",1
"146",1,6,1,57,"Female",0,0,1,19.25,2.2,"Jun 22_3","R_DvMlnf1XN7FpFlf",1
"147",0,4,1,69,"Male",0,0,0,21.7,5,"Jun 22_3","R_1pzF8Vcu8ntAe0H",1
"148",0,1,2,72,"Male",1,0,0,23.3,3.2,"Jun 22_3","R_2qdDVjuwi7lqZGc",1
"149",0,3,3,64,"Male",1,0,0,25.7666666666667,2.4,"Jun 22_3","R_cu6Dan95a1gV997",1
"150",0,4,3,32,"Male",3,0,0,14.3166666666667,4,"Jun 22_3","R_pbL0OPzvXfUf5AZ",1
"151",0,2,2,45,"Male",1,0,0,19.2333333333333,3.4,"Jun 22_3","R_1CxvR78Bt8gYWQK",1
"152",0,4,4,58,"Female",1,0,0,10.6666666666667,4.4,"Jun 22_3","R_3e2Efv033f8SWT3",1
"153",0,1,3,53,"Female",1,0,0,23.7333333333333,4.1,"Jun 22_3","R_2U8YFNCYlHeWwWq",1
"154",0,4,3,22,"Female",0,0,0,21.8666666666667,3.9,"Jun 22_3","R_1FOLhNxExeROkPf",1
"155",0,4,2,50,"Female",1,0,0,15.4833333333333,3.7,"Jun 22_3","R_vjWT4I1cCQa1ExX",1
"156",0,4,0,60,"Female",0,0,0,19.5166666666667,2.6,"Jun 22_3","R_25AVxOTUcmBrvwd",1
"157",0,4,2,51,"Female",0,0,0,15.2833333333333,2.8,"Jun 22_3","R_1N3Ut25FQPHnmlg",1
"158",0,1,2,40,"Female",0,0,0,26.7,2.8,"Jun 22_3","R_UaxKmz3ySOqzZ73",1
"159",0,5,1,19,"Female",1,0,0,11.2333333333333,3.9,"Jun 22_3","R_1QxwPOY6mHCAXLX",1
"160",0,5,2,77,"Female",0,0,0,12.5333333333333,4.6,"Jun 22_3","R_2rOz7nIUNPWtm49",1
"161",1,4,1,20,"Female",0,0,0,9.93333333333333,4.1,"Jun 22_3","R_bqMIqvBTFKUwkeZ",1
"162",1,4,2,35,"Female",2,0,0,10.3833333333333,4.2,"Jun 22_3","R_eEdC4G5GQYO5aAp",1
"163",0,4,1,81,"Female",0,0,0,43.1,2.7,"Jun 22_3","R_3R2ig0MNSDElciP",1
"164",1,7,1,64,"Female",0,0,0,35.1333333333333,3.4,"Jun 22_3","R_28CyCzTzJoqvyVq",1
"165",0,1,3,29,"Female",1,0,0,18.0166666666667,3.8,"Jun 22_3","R_3EtDD5tOObdTBo2",1
"166",0,2,1,80,"Female",3,0,0,20.5333333333333,4.1,"Jun 22_3","R_3MsXsRUydtNgdKe",1
"167",0,1,1,32,"Female",1,0,0,23.6333333333333,4.8,"Jun 22_3","R_PTCZpIwWgVQSfnP",1
"168",0,3,4,34,"Female",2,0,0,26.3,4.5,"Jun 22_3","R_2DZihgUgRHdEBfp",1
"169",1,5,3,38,"Female",2,0,0,26.7833333333333,3.6,"Jun 22_3","R_2bNbDuBuT9JDYxS",1
"170",0,1,3,50,"Female",1,0,0,30.0166666666667,2.7,"Jun 22_3","R_3eeorMj3UcwRHtN",1
"171",0,4,1,18,"Female",0,0,0,9.16666666666667,2.8,"Jun 22_3","R_1QxRC19eS6CPexi",1
"172",0,7,1,28,"Female",0,NA,0,8.53333333333333,3.1,"Jun 22_3","R_sGYKcyuBDSUIOJz",1
"173",0,4,1,34,"Female",0,0,0,10.4333333333333,2.7,"Jun 22_3","R_BYci0j9tytIX9ND",1
"174",1,4,1,34,"Female",0,0,0,60,2.8,"Jun 22_3","R_3kM1gHJiqK8fAvM",1
"175",0,3,0,28,"Female",1,0,0,20.1333333333333,2.9,"Jun 22_3","R_1LSeEfhxoEYpIfe",1
"176",0,5,2,43,"Female",0,1,0,10.6,4.4,"Jun 3_1","R_2rNQxLmMyMzXGEs",1
"177",0,3,3,35,"Female",0,0,1,29.2,4.6,"Jun 3_1","R_RJfCGZPEUygwxhf",1
"178",0,4,2,25,"Female",0,0,0,7.18333333333333,3.3,"Jun 3_1","R_2z5CFjhlh9mf996",1
"179",1,4,3,29,"Female",0,1,0,23.5,3.7,"Jun 3_1","R_2w1ghEfa7uWFZLy",1
"180",0,3,4,69,"Male",2,0,1,45.6666666666667,2,"Jun 3_1","R_1LGcSjpK3dHWHQ8",1
"181",1,7,1,67,"Female",0,1,1,56.1,4.6,"Jun 3_1","R_2dATQ1miAbCBgn5",1
"182",1,7,1,58,"Female",1,1,0,45.85,4.9,"Jun 3_1","R_3hA9QxiYUV4jTjJ",1
"183",1,7,3,67,"Female",0,0,0,29.2166666666667,4,"Jun 3_1","R_2tJ4RiUsTNGtxr7",1
"184",0,1,1,65,"Female",0,1,0,37.2166666666667,3.7,"Jun 3_1","R_1CruVbyz22SCZvn",1
"185",1,7,4,34,"Male",1,0,0,23.5,5,"Jun 3_1","R_3kcwKfvs12RVmj3",1
"186",1,6,2,20,"Male",1,NA,0,60,4.4,"Jun 3_1","R_10rt15OLib0Xubw",1
"187",1,7,1,58,"Male",0,1,1,23.35,3.4,"Jun 3_1","R_30ixbOEtEXWNm0U",1
"188",1,6,4,67,"Male",1,0,1,29.5,3.1,"Jun 3_1","R_1C1MxVZymHzXSHm",1
"189",0,4,4,36,"Male",1,1,0,9.93333333333333,3.1,"Jun 3_1","R_vqzygVO3irlus01",1
"190",0,3,1,22,"Male",0,0,0,20.2333333333333,4,"Jun 3_1","R_dosCyZJMNLxfddv",1
"191",0,4,3,22,"Male",1,0,0,16.0333333333333,4.3,"Jun 3_1","R_1DP80ERtos2o3hc",1
"192",0,4,1,44,"Male",0,0,0,8.06666666666667,1,"Jun 3_1","R_37VjELHESrOxZ9n",1
"193",1,7,5,27,"Male",3,1,1,39.5333333333333,5,"Jun 3_1","R_20YfIMBTYFuD2Ax",1
"194",0,1,5,30,"Male",2,0,0,15.4,4.1,"Jun 3_1","R_2zI80AzqiujVs5P",1
"195",1,7,3,68,"Male",2,1,1,43.5333333333333,3.2,"Jun 3_1","R_3NJ0UeFZntpkNrI",1
"196",0,5,1,75,"Female",1,1,1,60,4.2,"Jun 3_1","R_AcU7VipH0bFbHLb",1
"197",1,6,4,71,"Male",2,0,1,60,3.6,"Jun 3_1","R_39i2XnllVO9Ac9z",1
"198",0,1,1,32,"Male",0,1,0,16.7833333333333,3.7,"Jun 3_1","R_cBz0FgFaPFSpPe9",1
"199",0,2,4,70,"Male",2,0,1,20.45,3.4,"Jun 3_1","R_2VybvlnGvi9DesF",1
"200",1,6,3,67,"Female",1,0,0,60,2.8,"Jun 3_1","R_3CHIujTrAOvgKuI",1
"201",1,7,2,50,"Male",1,0,0,13.9666666666667,5,"Jun 3_1","R_7OnTwB3Qgq6F3LH",1
"202",0,3,2,20,"Male",0,1,0,35.8666666666667,3.7,"Jun 3_1","R_CmimzfCTjLOsbf3",1
"203",0,1,2,21,"Male",0,1,0,12.6666666666667,3.8,"Jun 3_1","R_UFaaJmkgP3ygEMN",1
"204",0,4,1,60,"Male",0,1,0,47.6,2.6,"Jun 3_1","R_1EWfroGKcMBjncC",1
"205",0,2,3,22,"Male",0,0,0,40.8666666666667,4.7,"Jun 3_1","R_2zZNXunTKdyJ4Pk",1
"206",0,4,1,59,"Male",1,NA,0,18.1166666666667,2.7,"Jun 3_1","R_5dq3XEaAMR9xZYd",1
"207",0,1,3,59,"Female",1,0,1,22.4333333333333,3.3,"Jun 3_1","R_2cw8NkCNGvdqKMm",1
"208",0,1,3,37,"Female",1,0,0,12.1833333333333,4.5,"Jun 3_1","R_27P4DtHOq4iWrsy",1
"209",1,7,1,40,"Female",1,0,0,15.9,4,"Jun 3_1","R_3oBfzSDCIodDkZX",1
"210",1,7,4,46,"Female",2,0,0,50.35,4.3,"Jun 3_1","R_31arrDLGuvoXAlI",1
"211",0,3,3,35,"Female",1,0,0,43.4333333333333,3.6,"Jun 3_1","R_3Leg7eNFgaKlRcf",1
"212",0,3,3,37,"Female",0,0,0,52.8,4.3,"Jun 3_1","R_7WchCm6zEBSZyDv",1
"213",0,4,3,21,"Female",0,0,0,24.9,4.5,"Jun 3_3","R_12JC8j3kkjHStYz",1
"214",0,4,1,34,"Female",0,0,0,14.3166666666667,3.2,"Jun 3_3","R_3oKQqcHY684Lmg5",1
"215",1,7,3,40,"Female",0,0,0,27.5,4.5,"Jun 3_3","R_3EVTiRrnEOMlNeV",1
"216",0,4,3,78,"Female",2,0,1,41.5666666666667,4.1,"Jun 3_3","R_5vGHPmhF5v7jfah",1
"217",1,4,1,19,"Female",1,0,0,11.8333333333333,4.7,"Jun 3_3","R_2S1RHOxibaJ338V",1
"218",0,2,3,62,"Female",3,1,0,60,3.1,"Jun 3_3","R_3iPAT62rCYmE0ul",1
"219",0,5,4,39,"Male",1,0,0,11.85,4.8,"Jun 3_3","R_2QWZTN8CnrWFVLZ",1
"220",0,1,1,62,"Female",0,0,0,23.6333333333333,2.7,"Jun 3_3","R_1OZD11UzoJSCKra",1
"221",0,2,4,66,"Male",2,1,0,19.45,4.1,"Jun 3_3","R_1LoFGHcX2LmSuxu",1
"222",1,7,5,42,"Male",3,0,0,26.2166666666667,4.9,"Jun 3_3","R_2tmXrGeLb5CpwPF",1
"223",0,4,1,32,"Female",1,1,0,20.0333333333333,4.4,"Jun 3_3","R_3kvlQB3D4Xp4Ptj",1
"224",1,5,1,18,"Male",0,1,0,11.4,3.1,"Jun 3_3","R_3MG3cFQmej8Zqdu",1
"225",1,7,1,51,"Female",0,1,0,30.1333333333333,4,"Jun 3_3","R_231PMidlmZFMAeO",1
"226",0,3,3,57,"Female",0,1,1,60,3.4,"Jun 3_3","R_21uOEJTwYzosgBw",1
"227",1,6,2,55,"Male",0,0,0,30.6166666666667,3.5,"Jun 3_3","R_2wAD4bULtySCDJ9",1
"228",0,5,3,29,"Male",0,1,0,18.2333333333333,3.1,"Jun 3_3","R_3HCcgtwPiBDpNp6",1
"229",0,2,2,67,"Male",0,0,0,51.25,3,"Jun 3_3","R_u1GZ1czox9wu4lr",1
"230",0,2,3,20,"Male",3,0,0,60,4.2,"Jun 3_3","R_2e3TvX7gv3Az17C",1
"231",1,7,1,18,"Male",0,0,0,30.0166666666667,2.7,"Jun 3_3","R_28RS1NKXYxvgiDk",1
"232",0,1,3,23,"Male",3,0,0,15.05,4.1,"Jun 3_3","R_1n907ZgBKyrqHlI",1
"233",0,4,1,18,"Male",0,1,0,12.1166666666667,1.7,"Jun 3_3","R_Rm3lvrwUIZUeC5P",1
"234",0,1,2,58,"Male",0,0,0,26.8833333333333,3,"Jun 3_3","R_338CopcIWofUwI0",1
"235",0,4,2,71,"Male",1,1,0,60,3.4,"Jun 3_3","R_1dv0YaciyG6zuFj",1
"236",1,7,1,39,"Female",1,1,0,29.25,4.8,"Jun 3_3","R_2e3eGTcUQFb75pR",1
"237",0,5,3,72,"Female",1,0,0,58.5666666666667,2.2,"Jun 3_3","R_1GIH7L3ZC81DK2e",1
"238",0,1,4,39,"Female",3,0,0,22.6666666666667,4.4,"Jun 3_3","R_1Nl8IIyvlYTW3f0",1
"239",0,4,2,48,"Female",3,0,0,50.75,3,"Jun 3_3","R_pDxquPHx7E73q5X",1
"240",0,5,2,48,"Female",2,0,0,39.0166666666667,3.8,"Jun 3_3","R_3QQ1imj7B1HibmA",1
"241",1,7,3,30,"Female",3,0,0,9.43333333333333,2.5,"Jun 8_1","R_3fvlIZtn4IHPgSO",1
"242",1,6,1,23,"Male",1,0,0,45.4333333333333,4.2,"Jun 8_1","R_1MYAOV0j6sZkfvM",1
"243",0,1,2,71,"Female",1,0,1,23.6666666666667,3.5,"Jun 8_1","R_2uwygsAdhTTis9v",1
"244",0,5,1,73,"Male",0,0,0,19.0166666666667,2.7,"Jun 8_1","R_1hKoiFEGkiaGieA",1
"245",0,4,1,20,"Male",0,0,0,15.35,4.9,"Jun 8_1","R_2bVm9YMewXmzWTx",1
"246",0,1,3,24,"Female",3,0,0,11.7333333333333,4.4,"Jun 8_1","R_3fW7GcnhHX8gLvB",1
"247",1,6,3,31,"Male",0,0,0,31.9833333333333,3.4,"Jun 8_1","R_r8a9mdc2rntsNk5",1
"248",0,5,1,21,"Male",0,0,0,14.8166666666667,3.4,"Jun 8_1","R_3elhWJsWLyrUtlV",1
"249",1,6,1,33,"Male",0,0,0,46.8,4.5,"Jun 8_1","R_tG9rbW4vLdi8UW5",1
"250",1,5,2,19,"Male",1,0,0,13.75,4.7,"Jun 8_1","R_1LSAvG7TqwZaULD",1
"251",0,4,3,35,"Female",1,0,0,13.1166666666667,4.8,"Jun 8_1","R_yWssufBgtxtbGdb",1
"252",0,4,2,24,"Female",1,0,1,11.7666666666667,3.6,"Jun 8_1","R_1inBN67OWH2u6nN",1
"253",0,6,3,44,"Female",2,0,0,29.4166666666667,4.6,"Jun 8_1","R_RQOF1aeJiTociop",1
"254",1,4,1,18,"Female",1,0,0,15.2166666666667,3.4,"Jun 8_1","R_1g8wU1W9Nr9XjOm",1
"255",0,4,1,39,"Female",1,0,0,26.4,3.8,"Jun 8_1","R_2f7qS4mf5w1daqB",1
"256",0,1,3,37,"Female",0,0,0,41.3333333333333,4.9,"Jun 8_1","R_1OP7ljxtMi7iwvG",1
"257",0,5,1,57,"Female",2,0,0,14.9166666666667,2.2,"Jun 8_1","R_2Bh7nJIF0yzaoMQ",1
"258",0,2,1,69,"Female",0,0,1,50,3.3,"Jun 8_1","R_dj05i95ysb9VWpj",1
"259",0,1,3,59,"Male",1,0,0,13.1833333333333,4,"Jun 8_1","R_2TG1kkGSrdZib7e",1
"260",0,7,4,41,"Female",2,0,1,60,4.2,"Jun 8_1","R_1QGEWtPJWO9MrUB",1
"261",1,7,3,63,"Female",0,0,0,21.3166666666667,4.6,"Jun 8_1","R_3enyURlnJF1QZM2",1
"262",0,4,3,41,"Male",3,0,0,26.7833333333333,4.4,"Jun 8_1","R_bPX2hnxOz6JbdnP",1
"263",0,4,3,57,"Male",0,0,1,15.85,4,"Jun 8_1","R_3k7dMLIDOTtsp4G",1
"264",0,5,1,49,"Male",0,0,1,29.9833333333333,4.2,"Jun 8_1","R_3Ge1gJHOubXM05N",1
"265",0,2,5,62,"Male",1,0,0,17.25,5,"Jun 8_1","R_2sYF4prtn44yb12",1
"266",1,4,1,47,"Male",0,0,0,7.76666666666667,3.9,"Jun 8_1","R_3k6xoMqT5tZuZvo",1
"267",0,2,3,53,"Male",3,0,0,16.6333333333333,3.6,"Jun 8_1","R_1dp1E4KfWIjp8H3",1
"268",1,6,1,55,"Female",1,0,0,11.3833333333333,1.9,"Jun 8_1","R_2WSGpBkWUi801hI",1
"269",0,1,3,53,"Female",2,0,0,26.6,4.4,"Jun 8_1","R_Agm2IpPNv8AdOLL",1
"270",0,4,1,46,"Female",0,0,1,18.1666666666667,4.3,"Jun 8_1","R_qEi66FhFVNTox6F",1
"271",0,4,1,35,"Female",0,NA,0,29.4666666666667,3,"Jun 8_3","R_3I9QdT5wivaksA8",1
"272",0,1,2,41,"Female",1,0,0,60,3.4,"Jun 8_3","R_1LbrPzeGFslovlf",1
"273",0,3,4,69,"Male",2,0,0,41.9333333333333,3.8,"Jun 8_3","R_xbleAQ8PYA4aqS5",1
"274",0,1,3,35,"Female",2,0,0,31.6333333333333,4.3,"Jun 8_3","R_25vIEYyWXKGPHZR",1
"275",1,6,1,19,"Male",3,1,0,20.1,3.1,"Jun 8_3","R_2AWkL2jmytg2jb2",1
"276",0,4,1,23,"Female",2,NA,1,20.6833333333333,2.8,"Jun 8_3","R_2VvvqG0Lni9ewO3",1
"277",1,7,4,33,"Male",3,0,0,60,4.9,"Jun 8_3","R_1doT3kCBvgYB3VC",1
"278",0,5,1,18,"Other",1,0,0,15.25,4.1,"Jun 8_3","R_1kS7DTDKositQut",1
"279",0,5,3,23,"Male",0,0,0,13.7666666666667,4.9,"Jun 8_3","R_31zVIoS4spVITO2",1
"280",1,7,5,45,"Male",1,1,1,26.6,4.5,"Jun 8_3","R_10Zc3wxCTRXpJ6s",1
"281",0,4,3,25,"Female",1,0,0,26.8333333333333,4.1,"Jun 8_3","R_1F2mUYc8avebrHJ",1
"282",0,2,1,37,"Male",1,1,0,20.3166666666667,2.2,"Jun 8_3","R_22KYIw8C2SbCTnq",1
"283",0,4,1,66,"Female",0,0,1,15.6,2.9,"Jun 8_3","R_2463qYzKVFnc7Di",1
"284",1,4,1,56,"Female",0,0,0,13.0833333333333,3.1,"Jun 8_3","R_Qn1C22z7Pnug5Q5",1
"285",0,1,3,76,"Female",0,1,1,18.8,3.6,"Jun 8_3","R_1Qn42XvrljWS2GX",1
"286",1,5,3,24,"Male",0,1,1,7.05,4.6,"Jun 8_3","R_1rohzTx11p2B9Xs",1
"287",0,1,4,41,"Female",3,0,0,21.5,4.6,"Jun 8_3","R_2ByS5rrQFAkjcx8",1
"288",0,6,1,24,"Female",0,0,0,17.5166666666667,4.4,"Jun 8_3","R_1rBc2gQj05RmBCZ",1
"289",0,1,4,63,"Female",3,0,0,40.7833333333333,4,"Jun 8_3","R_2PsRqzzvlg898Z2",1
"290",0,1,1,47,"Male",0,0,0,21.2666666666667,5,"Jun 8_3","R_ePyVLpB8rPSuDRL",1
"291",0,1,3,37,"Male",2,0,0,41.8833333333333,4.8,"Jun 8_3","R_xlPhYEswNTLuV4R",1
"292",1,5,2,63,"Male",1,1,0,45.9666666666667,4.9,"Jun 8_3","R_Tqle4ViOFjdjoVH",1
"293",0,2,1,41,"Male",1,0,0,23.6,3.6,"Jun 8_3","R_1MLDOsA84IhJy4M",1
"294",0,4,1,41,"Male",0,0,1,29.2333333333333,3.8,"Jun 8_3","R_1pEf83EYUjs9Xng",1
"295",0,4,1,63,"Female",0,NA,0,31,2.7,"Jun 8_3","R_BWZ3JBmGeYUIpot",1
"296",0,4,1,61,"Female",0,1,0,39.8833333333333,5,"Jun 8_3","R_eFfiEnStGFe9AuB",1
"297",0,1,1,51,"Male",2,0,0,13.5166666666667,3.2,"Jun 8_3","R_2WPDKZDtWj636q0",1
"298",1,7,1,41,"Male",0,0,0,7.76666666666667,5,"Jun 8_3","R_W0f6acqy3nHdsEF",1
"299",0,4,5,39,"Male",1,1,0,15.9333333333333,3.3,"Jun 8_3","R_uh1bQn0p1I758Ix",1
"300",1,7,4,46,"Female",2,0,0,17.85,5,"Jun 8_3","R_1rlk8lc8rmrUdVM",1
"301",0,1,1,56,"Female",0,0,1,29.9,4.2,"Jun 8_3","R_w192LRwPGuYchiN",1
"302",0,4,4,78,"Female",1,0,0,17.1666666666667,3.3,"Jun 8_3","R_2s0zAPEQQxYAFsK",1
"303",0,1,2,50,"Female",0,0,0,26.1333333333333,4.2,"Jun 8_3","R_3MF3eZ1fsog0OEX",1
"304",0,3,3,35,"Male",2,0,0,8.3,3,"May 28_1","R_2CIySnwy0pc69vc",1
"305",1,5,3,26,"Female",2,0,0,9.56666666666667,3.6,"May 28_1","R_YXqZIX3yrTOUMyR",1
"306",1,5,5,38,"Male",1,0,0,33.0666666666667,4.8,"May 28_1","R_2pRIeR1t5KWReUN",1
"307",1,7,3,69,"Female",1,0,0,56.9833333333333,2,"May 28_1","R_2XhpIrH73WSk3bw",1
"308",0,4,2,29,"Male",0,0,0,17.15,4.2,"May 28_1","R_3I0M5cKca4VK0P3",1
"309",1,7,4,45,"Male",3,0,0,15.8833333333333,4.1,"May 28_1","R_1LvwmEGhpfDsFFg",1
"310",1,7,3,50,"Male",2,0,0,27.2166666666667,2.1,"May 28_1","R_OvW1SIRGjQBxClX",1
"311",1,5,3,49,"Male",2,0,0,17.3833333333333,4.5,"May 28_1","R_1rNZV2Js0LcsWNz",1
"312",0,6,2,29,"Male",0,0,0,19.6,4.7,"May 28_1","R_x015rl1q0zzzfDb",1
"313",0,4,1,40,"Male",1,0,0,14.8666666666667,4.6,"May 28_1","R_2eVbjN8seXOqM5n",1
"314",0,3,1,21,"Male",0,0,0,8,2.3,"May 28_1","R_2WUnkBFXZtwRimn",1
"315",1,5,1,27,"Male",0,0,0,17.0333333333333,2.5,"May 28_1","R_D5ymzyh3g9BSjO9",1
"316",1,5,3,21,"Female",1,0,0,11.05,4.2,"May 28_1","R_2b41CAVaC1dwpXz",1
"317",0,3,1,20,"Female",2,0,0,10.4833333333333,3.8,"May 28_1","R_1CqhO9KfUAhlh17",1
"318",0,4,4,45,"Female",1,0,0,11.6333333333333,3.4,"May 28_1","R_2EbeWKvC6w3WCgS",1
"319",1,4,1,21,"Female",0,0,0,20.4,3.3,"May 28_1","R_skaLkXyeuu43DsB",1
"320",1,5,1,20,"Female",3,0,0,12.9833333333333,4.6,"May 28_1","R_1i2Ry4bDV14yo4A",1
"321",1,5,3,22,"Female",0,0,0,11.2666666666667,3.7,"May 28_1","R_1cYZ4vSZ5tmLr29",1
"322",0,1,1,29,"Female",1,0,0,33.2,2.7,"May 28_1","R_ptmKfHt6Ksh1k8F",1
"323",1,6,1,22,"Female",0,1,0,31.7333333333333,4,"May 28_1","R_3HHuiAjYtaljXeP",1
"324",0,3,2,19,"Female",2,0,0,29.4666666666667,3.6,"May 28_1","R_Ry6QcXCU1AAiIq5",1
"325",1,6,4,49,"Female",2,1,0,34.3666666666667,4.4,"May 28_1","R_2srAFncmAoI9F1n",1
"326",0,5,2,57,"Female",0,0,0,21.6166666666667,3.3,"May 28_1","R_2VfQJvWH54kgSYl",1
"327",1,6,1,32,"Male",1,0,0,28.4,3.4,"May 28_1","R_3fABEeh0mSKsoJJ",1
"328",0,7,4,41,"Male",1,0,0,19.2333333333333,3.6,"May 28_1","R_RwzM4QuIZdbnylX",1
"329",0,1,3,43,"Male",1,0,0,29.2833333333333,4.6,"May 28_1","R_cCl73MsDJgxTeSd",1
"330",1,5,4,50,"Male",1,0,0,25.1,3,"May 28_1","R_DHSBaWbSsI9zlBL",1
"331",0,4,4,68,"Female",0,0,1,28.8166666666667,4,"May 28_1","R_2DXPwFjsYEaCbRs",1
"332",0,2,3,62,"Female",0,1,1,40.5,3.5,"May 28_1","R_R4ef5ckKn3SmdxL",1
"333",1,4,1,41,"Female",1,1,0,14.7,3.4,"May 28_1","R_2DLKq1fM8mEHq5R",1
"334",0,3,3,39,"Female",1,0,1,34.2166666666667,4.5,"May 28_1","R_1mseSITXdb13Vhj",1
"335",0,3,2,36,"Male",0,0,1,43.1166666666667,2.2,"May 28_1","R_O8W1EdZlv1t9WIV",1
"336",0,1,4,47,"Male",2,0,1,8.93333333333333,5,"May 28_1","R_3IPPIXanc5wkdGU",1
"337",1,7,3,55,"Male",0,1,1,22.2166666666667,3.8,"May 28_1","R_3NRlwYIAQhyiHCR",1
"338",0,5,1,51,"Female",0,0,0,49.1,4.1,"May 28_1","R_3CDW1JG8az3Trtg",1
"339",0,4,3,52,"Male",1,0,0,21.7833333333333,4.4,"May 28_1","R_3EAcMYxP0hAWDV9",1
"340",1,6,1,72,"Female",0,0,1,50.3833333333333,3.1,"May 28_2","R_1DBdDegsP0SoC0P",1
"341",0,4,1,58,"Male",1,0,0,19.5666666666667,4.2,"May 28_2","R_RFbY9g7uVWlSB9f",1
"342",1,4,1,20,"Male",2,0,0,22.3,3.9,"May 28_2","R_2eQmO1gSCQGrzV9",1
"343",1,7,1,18,"Female",1,0,0,9.8,4.2,"May 28_2","R_2RaFuesumaO1hbL",1
"344",0,6,2,28,"Female",1,0,0,27.15,4.4,"May 28_2","R_PuowkxYdZ1ly7ip",1
"345",0,3,1,62,"Male",0,0,0,60,5,"May 28_2","R_OyaQobVrfMtQoaR",1
"346",1,4,1,23,"Female",1,0,1,30.4333333333333,2.8,"May 28_2","R_3J9hW2k7BmRpc0V",1
"347",0,4,3,23,"Female",0,0,0,22.45,3.7,"May 28_2","R_20SZ8kqOuHMw14U",1
"348",0,1,1,63,"Male",1,0,0,26.15,4.1,"May 28_2","R_5vxW67jcj0Va0Tv",1
"349",0,2,3,57,"Female",0,0,0,60,3.5,"May 28_2","R_3p5dx7jTVGHywvp",1
"350",0,5,2,57,"Male",0,0,1,12.0333333333333,4,"May 28_2","R_2aCwCiaef7Yvom8",1
"351",1,6,3,47,"Female",1,0,0,12.7166666666667,4.5,"May 28_2","R_2zzFCXv0Qt3VVJc",1
"352",1,6,1,60,"Male",1,0,1,32.4666666666667,1.8,"May 28_2","R_3lGQaO6mcB48UH5",1
"353",0,1,3,60,"Male",1,0,0,29.6166666666667,3.4,"May 28_2","R_1QAX6fWTA1dptIX",1
"354",0,5,3,38,"Male",1,0,1,32.25,5,"May 28_2","R_2xJYeQWw2prOo6g",1
"355",1,7,1,56,"Male",1,0,0,20.5166666666667,4.6,"May 28_2","R_29mMtQKHKkTau4a",1
"356",0,4,1,56,"Male",0,0,0,19.2666666666667,3.2,"May 28_2","R_1n0DGEAGZvm0CcR",1
"357",0,2,3,60,"Male",1,0,0,18.05,4.1,"May 28_2","R_27HiyuFOovgOgtH",1
"358",1,5,3,37,"Female",0,0,1,20.5,3.5,"May 28_2","R_2aXFMTOLWlLcBLQ",1
"359",0,5,2,60,"Female",1,0,0,27.9666666666667,3.1,"May 28_2","R_1TwUKK9JHezY8XT",1
"360",1,6,3,52,"Female",2,0,1,29.7333333333333,4.1,"May 28_2","R_C2jXrlO13okgtkB",1
"361",1,6,2,57,"Female",1,0,0,60,5,"May 28_2","R_1DGPTdYVwG1kTDA",1
"362",0,5,2,44,"Female",0,0,0,39.5166666666667,3.2,"May 28_2","R_1H7tp9dzQWglj84",1
"363",1,7,2,61,"Male",0,0,0,60,2.7,"May 28_2","R_1jlYgI3GtyllKM1",1
"364",1,3,5,39,"Male",2,0,0,13.5166666666667,3.4,"May 28_2","R_3NO5w1bhWG9SvqS",1
"365",0,4,4,40,"Female",2,0,0,60,4.2,"May 28_2","R_2sNCTmvxVCOSrDz",1
"366",1,6,3,50,"Male",2,0,0,43.7,3.9,"May 28_2","R_1i3dl2Z3zi2sTIk",1
"367",1,7,3,52,"Female",0,0,1,25.2666666666667,4.1,"May 28_2","R_3j86hL0YovaYYHi",1
"368",0,4,1,66,"Female",1,0,1,24.0333333333333,4.5,"May 28_2","R_2rCaiXGSyEa9FYT",1
"369",1,6,5,67,"Male",2,0,1,23.5666666666667,4.3,"May 28_2","R_2TGiHJ0p28eC3iQ",1
"370",1,6,3,38,"Female",2,0,0,41.5833333333333,4.9,"May 28_2","R_3dMukShxrZx2Y3H",1
"371",1,4,1,20,"Female",1,0,0,18.6166666666667,2.2,"May 28_3","R_1ignUkBJIRKjVAs",1
"372",1,4,1,18,"Female",1,0,1,13.7333333333333,3.4,"May 28_3","R_23UAym36NvSTYqo",1
"373",1,6,1,52,"Female",1,0,0,48.75,4.5,"May 28_3","R_XqaEXZClkIE9lRf",1
"374",1,6,1,21,"Male",0,0,0,34.0666666666667,3.7,"May 28_3","R_AtFUQykhgb9Cmzv",1
"375",1,4,4,45,"Male",1,0,1,10.9,4.1,"May 28_3","R_3kL1LziyJu3Bxp0",1
"376",1,5,2,18,"Male",1,0,1,12.7333333333333,4.5,"May 28_3","R_24vi69sYMb6s6ve",1
"377",0,2,3,56,"Male",1,0,0,15,5,"May 28_3","R_xE3mKE5PYmR40et",1
"378",0,4,1,20,"Female",0,0,0,9.2,4.6,"May 28_3","R_12Fr9I3WYkk0b7x",1
"379",1,6,1,31,"Female",0,0,0,22.45,2.5,"May 28_3","R_esQlcxHcFUscJJT",1
"380",0,3,1,18,"Female",2,0,0,32.95,4.3,"May 28_3","R_27lFVcynsQvO8oR",1
"381",0,4,2,23,"Female",0,0,0,11.7166666666667,2.6,"May 28_3","R_1jkyxBVpkWQanKE",1
"382",0,4,1,29,"Male",0,0,0,9.25,3.1,"May 28_3","R_2zwmSymN5F8rdtJ",1
"383",0,6,0,18,"Female",2,0,0,13.9833333333333,3.6,"May 28_3","R_2zXX4gHZJ08FHJk",1
"384",0,2,1,20,"Female",2,0,0,17.2833333333333,4.4,"May 28_3","R_40ih2iBRRbDLNXb",1
"385",0,3,4,33,"Male",1,0,0,15.3166666666667,4.6,"May 28_3","R_3O8ixOasrTG3JiK",1
"386",0,4,1,65,"Female",1,0,0,60,3,"May 28_3","R_AFICeAoYF98yCKB",1
"387",0,1,3,58,"Male",0,0,0,35.85,4,"May 28_3","R_1q9wwCg7uRUfhqG",1
"388",1,7,3,60,"Male",1,0,0,25.65,4,"May 28_3","R_33jneYhWn0xpGja",1
"389",0,3,1,75,"Male",1,0,0,27.25,3.9,"May 28_3","R_1pxj4VAa0xK5tu4",1
"390",0,3,3,52,"Female",1,0,0,54.6666666666667,3.8,"May 28_3","R_s72lXcorJROkRB7",1
"391",1,7,3,50,"Male",2,0,0,25.0333333333333,2.6,"May 28_3","R_2D7vPF0Yi0UHLhk",1
"392",0,4,3,52,"Male",3,0,0,27.0333333333333,4.3,"May 28_3","R_2TLyQVJu46hn5So",1
"393",1,7,3,45,"Male",2,0,0,24.0333333333333,4.5,"May 28_3","R_3nCQniMnF4KOJqU",1
"394",1,6,1,61,"Male",0,0,1,20.1833333333333,5,"May 28_3","R_3MMUt3fnZK09Vhu",1
"395",0,3,1,66,"Female",3,0,0,24.7166666666667,4.6,"May 28_3","R_8HXCR8e9Ek8CGmB",1
"396",1,7,1,19,"Female",0,0,1,10.3333333333333,5,"Jun 1_1","R_2xXl0cCgOnoljGO",0
"397",0,5,3,49,"Male",1,1,0,12.0333333333333,4.2,"Jun 1_1","R_3JkOa4HTwtdYEHv",0
"398",0,5,3,65,"Female",1,1,0,24.1166666666667,4.7,"Jun 1_1","R_1ML1yHeaNRNZmMw",0
"399",0,1,5,29,"Female",2,0,0,11.7333333333333,4.5,"Jun 1_1","R_yk084j3S4m8ubLj",0
"400",0,4,1,21,"Female",2,0,0,8.03333333333333,2.3,"Jun 1_1","R_3Giyk6KiUaZqTWn",0
"401",0,2,4,36,"Female",1,0,0,30.5166666666667,4.6,"Jun 1_1","R_0JVjIUcs7rA6R8Z",0
"402",1,6,4,30,"Male",2,1,0,37.0833333333333,4.5,"Jun 1_1","R_1o5rbjFXr8U2RXi",0
"403",1,6,1,18,"Male",0,1,1,13.2666666666667,3.7,"Jun 1_1","R_PO3OaDyiYRAL0lP",0
"404",1,5,3,39,"Male",1,0,1,14.25,4.6,"Jun 1_1","R_1jldEk0h0MM7dqo",0
"405",1,6,4,42,"Male",2,1,0,36.2833333333333,3.8,"Jun 1_1","R_31i7lQZlIvQpo1i",0
"406",0,6,1,42,"Male",2,0,0,60,4,"Jun 1_1","R_1pArYJugXWt2p6j",0
"407",1,6,2,68,"Male",0,1,1,26.0333333333333,2.6,"Jun 1_1","R_1IYlWsahZkmENH0",0
"408",1,7,1,65,"Male",3,1,1,25.9666666666667,3.1,"Jun 1_1","R_3dRF53pKvDklAzA",0
"409",1,7,4,44,"Male",2,1,1,12.1,3.7,"Jun 1_1","R_3RsvTUEcdkpa5aC",0
"410",0,3,3,30,"Male",1,0,0,11.8166666666667,4.7,"Jun 1_1","R_3G6AnCBE4RtpbA8",0
"411",1,3,3,29,"Male",0,0,0,7.3,3.9,"Jun 1_1","R_1Pel06o0nrH9ATK",0
"412",1,7,3,25,"Male",3,1,1,12.1166666666667,5,"Jun 1_1","R_2YJUxOiSphH7MEa",0
"413",1,7,4,32,"Male",2,0,1,13.7,4.3,"Jun 1_1","R_31TT23zwAdT9tDU",0
"414",0,4,5,40,"Male",2,0,1,23.5333333333333,4,"Jun 1_1","R_3CD8Df9sZcpvE49",0
"415",0,4,1,50,"Male",0,0,0,29.2333333333333,3.7,"Jun 1_1","R_1M4FKrqVOTIjKTr",0
"416",1,5,1,18,"Female",2,0,0,16.2,3.4,"Jun 1_3","R_1dtbbD81ZtMu7Pp",0
"417",0,3,1,63,"Male",1,0,0,16.4666666666667,1.9,"Jun 1_3","R_2SCvbQVV0UKelSB",0
"418",0,3,3,45,"Male",2,1,0,19.9333333333333,4.7,"Jun 1_3","R_1jv4wMYuc70NrmJ",0
"419",1,7,1,63,"Female",0,1,0,21.5,3.4,"Jun 1_3","R_3OpQdxwPNkmf77I",0
"420",1,6,2,67,"Female",1,1,1,22.3333333333333,4.6,"Jun 1_3","R_21oKGBp2PfnLzG6",0
"421",0,2,3,72,"Male",2,0,0,22.3333333333333,3.5,"Jun 1_3","R_2UaAGVuEXQRzOiz",0
"422",0,3,3,48,"Female",0,0,0,29.75,2.5,"Jun 1_3","R_3PXjipdWUkak5k9",0
"423",0,1,1,40,"Female",0,0,0,38.15,4,"Jun 1_3","R_1CBodPjPMCtANT8",0
"424",0,5,4,34,"Female",0,0,0,18.6666666666667,4.2,"Jun 1_3","R_3nkkymdrKhUDz2b",0
"425",1,7,4,46,"Female",1,0,0,16.8,3.8,"Jun 1_3","R_20Pzcmzi67CNorj",0
"426",1,7,1,33,"Female",0,0,0,35.7333333333333,3.8,"Jun 1_3","R_Z1BQDmQUpX0Pcgp",0
"427",0,3,1,22,"Male",1,1,0,26.3666666666667,3.6,"Jun 1_3","R_12PWov92dkSiZN2",0
"428",0,4,1,20,"Male",2,1,0,11.1333333333333,3.6,"Jun 1_3","R_DH9dZol1UWK0Pap",0
"429",0,4,4,74,"Male",3,1,0,38.05,4.9,"Jun 1_3","R_1IQwcIEUgUNYP51",0
"430",1,6,3,30,"Male",1,0,0,11.2166666666667,3.4,"Jun 1_3","R_1IjajgcAMwTfElX",0
"431",0,3,2,35,"Male",0,0,0,46.3166666666667,4.7,"Jun 1_3","R_2PiqsHvcudgsDRj",0
"432",1,6,3,22,"Male",1,0,0,16.9,4.1,"Jun 1_3","R_1rqR90DP0Nj7aus",0
"433",0,1,3,54,"Male",1,0,0,32.9,4.2,"Jun 1_3","R_2TtaXOjWpxd761t",0
"434",0,3,3,38,"Male",0,0,1,24.3166666666667,4.8,"Jun 1_3","R_vk8mcVCnqNYeBQl",0
"435",0,3,3,20,"Male",2,0,0,14.5333333333333,3,"Jun 1_3","R_AGS8YC1YZ4V7S6d",0
"436",0,4,3,55,"Male",3,1,0,29.85,5,"Jun 1_3","R_sGobJE4PqP8NeM1",0
"437",0,2,0,18,"Male",2,0,0,13.2333333333333,3.8,"Jun 1_3","R_24vJUM6YRExnJBy",0
"438",0,1,3,67,"Male",3,1,0,27.4,4.5,"Jun 1_3","R_3Dp7UOmpTzPVUJk",0
"439",0,5,1,19,"Male",1,0,0,35.55,4.4,"Jun 1_3","R_2DYxPLR29FY1M3i",0
"440",0,6,2,65,"Male",1,0,0,51.8333333333333,5,"Jun 1_3","R_3NQJbaDUibUS4fl",0
"441",0,4,3,30,"Male",0,0,0,12.3666666666667,3.4,"Jun 1_3","R_2rHj0IXRZGZm5cr",0
"442",0,6,4,26,"Male",1,1,0,11.1166666666667,3.6,"Jun 1_3","R_1FeWJ1uJN1FweGQ",0
"443",0,1,5,39,"Male",3,0,0,17.9666666666667,4.3,"Jun 1_3","R_zdqCK4TJDQmfKW5",0
"444",0,5,3,31,"Male",1,0,0,9.31666666666667,1.8,"Jun 1_3","R_3HRNpP8mc9xL4ys",0
"445",0,5,1,29,"Male",2,0,0,34.7333333333333,4.6,"Jun 1_3","R_3CBCkHZgwNcK0XR",0
"446",1,4,4,58,"Male",1,0,0,22.8166666666667,4.6,"Jun 10_1","R_3PuBpYRvfKQbhKF",0
"447",0,4,3,64,"Female",0,0,0,18.6833333333333,2.9,"Jun 10_1","R_AoDJpO4lJxRsQHD",0
"448",0,5,3,30,"Female",1,0,0,19.5166666666667,4.1,"Jun 10_1","R_RCYIwGhlp5ytKKZ",0
"449",0,3,3,63,"Male",3,1,0,18.2333333333333,4,"Jun 10_1","R_2q8xe9r8kidRbHV",0
"450",0,1,1,74,"Female",0,0,0,21.9333333333333,4.2,"Jun 10_1","R_DwvTwBHPg8SIMBX",0
"451",0,4,1,68,"Female",0,0,0,33.2,3.4,"Jun 10_1","R_3kCdEkeX5LvVbee",0
"452",0,4,1,60,"Male",1,0,0,22.4166666666667,2.6,"Jun 10_1","R_1CxS7PavFqK0Gxc",0
"453",0,2,1,69,"Male",0,0,0,15.7333333333333,5,"Jun 10_1","R_DdXw5MoXLMQyUSd",0
"454",0,6,2,37,"Male",0,1,0,10.2,1.4,"Jun 10_1","R_1jdHlOwZT2Mkg5H",0
"455",0,3,3,30,"Female",1,0,0,38.0833333333333,4.5,"Jun 10_1","R_STbvrIALUQFn2mZ",0
"456",0,4,2,71,"Female",2,0,0,21.5833333333333,2.1,"Jun 10_1","R_OfkB3iMsXqXjV3X",0
"457",0,3,1,24,"Male",1,1,1,25.6,4.1,"Jun 10_1","R_DUi8Q5tir1wuNcl",0
"458",0,5,1,62,"Male",0,1,1,25.15,2.5,"Jun 10_1","R_7V3Yh42JrjYCQBX",0
"459",1,6,1,67,"Male",0,1,1,45.3,5,"Jun 10_1","R_1DPjhQy8xC6pdTO",0
"460",1,5,2,25,"Male",1,0,1,8.06666666666667,4.5,"Jun 10_1","R_3shRo1iZnRFpAjc",0
"461",0,2,2,68,"Male",1,0,0,10.6166666666667,2.2,"Jun 10_1","R_2B9gzZaWBRMK1vi",0
"462",1,7,3,40,"Male",3,0,1,40,3.8,"Jun 10_1","R_3fIQFIxcreorMOq",0
"463",0,5,4,63,"Male",1,1,0,27.1333333333333,3.8,"Jun 10_1","R_3j38ZeGdvDGdZmh",0
"464",0,4,3,41,"Male",3,0,1,11.7,4.8,"Jun 10_1","R_1LHjUE5TjDfTEvu",0
"465",0,4,3,36,"Female",1,0,0,6.05,2.1,"Jun 10_1","R_3CNKV3AxKXzdVrY",0
"466",1,7,3,27,"Female",0,1,0,18.45,2.7,"Jun 10_1","R_3PnPIDgvBKKqiQy",0
"467",1,7,1,18,"Female",0,0,0,23.9,3.1,"Jun 10_1","R_YXk30W4BeTBtByp",0
"468",1,6,3,36,"Female",3,1,0,6.78333333333333,4.6,"Jun 10_1","R_1KvCgz07XZwjNjE",0
"469",0,3,3,35,"Female",2,0,0,60,3.8,"Jun 10_1","R_10OdTei5GBHdMmk",0
"470",0,4,4,45,"Female",0,1,0,53.6333333333333,3.8,"Jun 10_1","R_2AHjwSqxvbfWYqg",0
"471",0,4,3,35,"Female",1,0,0,13.6833333333333,2.4,"Jun 10_1","R_1gGhVPQKJ5g2PBP",0
"472",0,1,2,36,"Female",2,0,0,15.6,4.6,"Jun 10_1","R_2q3fO1QOmtw4NIn",0
"473",0,4,2,46,"Female",0,1,0,60,3,"Jun 10_1","R_3m8Xoz7qFWBFLU8",0
"474",0,5,4,41,"Female",2,0,0,23.9,3.7,"Jun 10_1","R_1Ed3ASpawEbs1bg",0
"475",0,3,1,45,"Female",0,1,1,19.45,4.2,"Jun 10_1","R_23WdzdMt9h5ufti",0
"476",0,3,2,66,"Female",1,0,0,17.2,1.5,"Jun 10_3","R_2RQjWBPP2L9PCX7",0
"477",0,2,4,34,"Female",0,1,1,7.9,3.5,"Jun 10_3","R_bQpLHy1jE3Y97UJ",0
"478",1,5,2,50,"Female",0,0,0,18.4833333333333,1.7,"Jun 10_3","R_VQk4pfUpICgx6nf",0
"479",0,2,1,58,"Female",1,0,1,20.15,4.6,"Jun 10_3","R_XnYSUMsRqcpuzMB",0
"480",0,4,3,26,"Male",1,0,0,11.5666666666667,2.4,"Jun 10_3","R_1lyE4s653hURJMN",0
"481",1,6,2,25,"Male",1,0,0,11.15,3.9,"Jun 10_3","R_2DTTz3RIPKAZ9Zi",0
"482",1,7,5,39,"Male",3,0,1,21.3,4.6,"Jun 10_3","R_1r00pMlftmCnNdS",0
"483",0,2,4,74,"Female",1,0,0,36.3666666666667,3.6,"Jun 10_3","R_2t4hr6RB8aK6g6Q",0
"484",0,4,1,39,"Female",0,1,0,20.2833333333333,2.8,"Jun 10_3","R_0BznfS2dAmc9FU5",0
"485",0,6,3,40,"Male",2,0,1,45.15,5,"Jun 10_3","R_1j7iB6lvsAfvyAR",0
"486",0,4,1,26,"Male",0,NA,0,9.38333333333333,3,"Jun 10_3","R_2q3mJY76qYEeEZE",0
"487",0,4,1,62,"Female",0,0,1,11.3833333333333,4,"Jun 10_3","R_2zhGyA5s89YMHBL",0
"488",0,1,3,50,"Female",0,0,0,12.6,4.6,"Jun 10_3","R_21cxUu5E2e0CiBr",0
"489",0,4,4,71,"Male",1,0,1,39.5666666666667,4.7,"Jun 10_3","R_10HkoYCQ3c0fIYy",0
"490",1,6,1,67,"Male",1,1,1,21.95,5,"Jun 10_3","R_eeyCzA8RHelVngJ",0
"491",1,5,3,72,"Male",1,1,1,18.6666666666667,4.5,"Jun 10_3","R_SNw6KCtfaoqcyUp",0
"492",1,6,2,69,"Male",1,0,1,22.3333333333333,4.5,"Jun 10_3","R_1o5ayvnsqOJe1DS",0
"493",1,6,4,40,"Male",2,1,1,14.85,4.4,"Jun 10_3","R_1ddbVPxKyaEGVag",0
"494",1,6,3,82,"Male",3,1,1,60,2.1,"Jun 10_3","R_2zGR9mPFXMf2e8k",0
"495",0,3,4,68,"Male",0,0,1,35.2166666666667,2.7,"Jun 10_3","R_pQUewQ6gn2jkBZ7",0
"496",1,5,3,37,"Male",1,0,0,54.0833333333333,4.2,"Jun 10_3","R_2pQ3z7bEvan2r5k",0
"497",0,4,3,67,"Male",2,0,0,21.3166666666667,4.1,"Jun 10_3","R_3OqBnRKBKX8AWtj",0
"498",1,5,1,30,"Male",0,0,0,14.4833333333333,4.5,"Jun 10_3","R_25sycceSSnGb58K",0
"499",0,2,2,59,"Male",0,0,0,20.8333333333333,3.5,"Jun 10_3","R_OIiFirfGPf1cvGV",0
"500",0,4,1,19,"Female",2,0,0,15.1666666666667,3,"Jun 10_3","R_1Q58YdUpjMHtWQD",0
"501",1,5,2,47,"Other",0,1,0,29.7166666666667,4,"Jun 10_3","R_1gjpGgTCO8zYaPH",0
"502",1,6,0,18,"Female",0,0,1,23.3666666666667,3.5,"Jun 10_3","R_2QK6A64Luxf9dDu",0
"503",0,1,4,39,"Male",3,0,0,16.0166666666667,3.6,"Jun 15_3","R_6kZcghLrrmPp7yN",0
"504",0,6,0,68,"Female",0,0,0,24.8333333333333,2.1,"Jun 15_3","R_24FWA34ndmONE5E",0
"505",1,7,5,41,"Male",3,0,1,27.25,4,"Jun 15_3","R_1hzijqmh6N7g8Vy",0
"506",0,3,1,25,"Female",0,0,0,15.7,3.3,"Jun 15_3","R_3Rr6CsRkCmbBs5b",0
"507",0,3,3,44,"Female",3,0,0,15.6333333333333,3.1,"Jun 15_3","R_2xKMErsRYaTKpyh",0
"508",1,7,4,30,"Male",2,0,1,60,3.9,"Jun 15_3","R_10PiVE2TjyE3yLY",0
"509",0,4,4,65,"Female",0,0,0,60,2.9,"Jun 15_3","R_Dvo0EMpfgPn7kQN",0
"510",0,5,3,57,"Male",0,0,0,17.55,3.5,"Jun 15_3","R_3gZubr2CuYOgi8O",0
"511",0,4,3,82,"Male",1,0,0,20.5666666666667,2.5,"Jun 15_3","R_2WPtl8vw4bSSydJ",0
"512",0,4,5,44,"Female",1,NA,0,22.95,3.8,"Jun 15_3","R_1LT0mHNzFM8pyox",0
"513",0,1,4,60,"Male",1,0,0,8.03333333333333,3.8,"Jun 15_3","R_yPxwUTAMzV1egRr",0
"514",0,4,0,62,"Male",0,0,0,34.6166666666667,1.5,"Jun 15_3","R_3LdOFeMvr4fFU3w",0
"515",0,3,3,25,"Male",0,0,0,26.2166666666667,3.4,"Jun 15_3","R_1INneo0p3CBqQoU",0
"516",0,4,1,65,"Male",0,0,0,35.3666666666667,3.3,"Jun 15_3","R_2xFC1JYVmdyoAuH",0
"517",0,2,3,63,"Male",2,0,0,23.3,3.3,"Jun 15_3","R_UcMKuOWRXYS4kO5",0
"518",0,4,4,75,"Male",3,0,0,23.8,3.8,"Jun 15_3","R_1BWTUqr8FtB9EY8",0
"519",0,4,3,38,"Male",2,0,0,24.1333333333333,4.7,"Jun 15_3","R_1l3q1I81Scco6uS",0
"520",1,6,3,60,"Male",0,0,0,17.95,4.9,"Jun 15_3","R_2BzEjjaC6N7FNIu",0
"521",0,2,1,64,"Male",0,0,1,39.4666666666667,3.7,"Jun 15_3","R_2WBZwBP6PGvOck9",0
"522",0,4,4,55,"Male",1,0,0,13.4666666666667,3.6,"Jun 15_3","R_2YEzOJgqkT4CYaq",0
"523",1,5,1,30,"Female",3,0,1,10.95,4.5,"Jun 15_3","R_3HYYoor4iA7uhoQ",0
"524",0,4,1,33,"Female",1,0,0,18.1666666666667,1.8,"Jun 15_3","R_TplFcRPMeKtIEYp",0
"525",1,4,3,21,"Female",3,0,0,23.7166666666667,4.1,"Jun 15_3","R_3L6BKdwY217LW03",0
"526",0,4,2,46,"Female",2,0,1,48.8166666666667,4.6,"Jun 15_3","R_2odXhMZbrsKbJip",0
"527",0,4,2,44,"Female",1,0,1,17.2833333333333,5,"Jun 15_3","R_1INqJHBiJsSewxl",0
"528",0,4,3,66,"Male",2,0,0,12.3166666666667,1.6,"Jun 22_3","R_12AbOmHcSLCSoRF",0
"529",0,3,2,71,"Male",0,0,1,25.8833333333333,2.6,"Jun 22_3","R_31gEc8Grp9nG4Em",0
"530",0,5,2,79,"Male",1,0,0,41.0666666666667,4.4,"Jun 22_3","R_2YEdXJu4fobQd65",0
"531",0,3,1,22,"Male",1,0,0,9.66666666666667,3,"Jun 22_3","R_xEhFJPtWHYaWB3j",0
"532",0,4,1,18,"Male",0,NA,0,10.7166666666667,3.5,"Jun 22_3","R_80um6mVPfnAFMT7",0
"533",1,7,5,35,"Male",3,0,0,15.3,4.5,"Jun 22_3","R_11hZIh3IbWquCW4",0
"534",1,5,4,41,"Male",3,0,0,28.1833333333333,4.6,"Jun 22_3","R_3ehlIHdqAUcWao9",0
"535",0,2,2,53,"Male",2,0,0,8.63333333333333,4.7,"Jun 22_3","R_30059xsIalwMoB1",0
"536",0,3,4,72,"Male",1,0,0,24.1666666666667,3.7,"Jun 22_3","R_2aPmC7YsaSzR8vU",0
"537",1,7,4,45,"Male",3,0,0,37.8666666666667,3.4,"Jun 22_3","R_DAi0lextAZvAqul",0
"538",0,4,1,47,"Male",0,0,0,24.05,3.6,"Jun 22_3","R_115fCkCrp7DHJOx",0
"539",0,4,3,70,"Male",1,0,0,13.9,4.1,"Jun 22_3","R_2BgpbCdG9hZU6x6",0
"540",0,2,4,30,"Male",3,0,0,26.8,4.6,"Jun 22_3","R_2y8YDg02ze3WwAM",0
"541",1,6,1,57,"Female",0,0,1,19.25,2.2,"Jun 22_3","R_DvMlnf1XN7FpFlf",0
"542",0,1,1,69,"Male",0,0,0,21.7,5,"Jun 22_3","R_1pzF8Vcu8ntAe0H",0
"543",0,1,2,72,"Male",1,0,0,23.3,3.2,"Jun 22_3","R_2qdDVjuwi7lqZGc",0
"544",0,3,3,64,"Male",1,0,0,25.7666666666667,2.4,"Jun 22_3","R_cu6Dan95a1gV997",0
"545",0,4,3,32,"Male",3,0,0,14.3166666666667,4,"Jun 22_3","R_pbL0OPzvXfUf5AZ",0
"546",0,1,2,45,"Male",1,0,0,19.2333333333333,3.4,"Jun 22_3","R_1CxvR78Bt8gYWQK",0
"547",1,6,4,58,"Female",1,0,0,10.6666666666667,4.4,"Jun 22_3","R_3e2Efv033f8SWT3",0
"548",0,1,3,53,"Female",1,0,0,23.7333333333333,4.1,"Jun 22_3","R_2U8YFNCYlHeWwWq",0
"549",0,4,3,22,"Female",0,0,0,21.8666666666667,3.9,"Jun 22_3","R_1FOLhNxExeROkPf",0
"550",0,2,2,50,"Female",1,0,0,15.4833333333333,3.7,"Jun 22_3","R_vjWT4I1cCQa1ExX",0
"551",0,4,0,60,"Female",0,0,0,19.5166666666667,2.6,"Jun 22_3","R_25AVxOTUcmBrvwd",0
"552",0,5,2,51,"Female",0,0,0,15.2833333333333,2.8,"Jun 22_3","R_1N3Ut25FQPHnmlg",0
"553",0,2,2,40,"Female",0,0,0,26.7,2.8,"Jun 22_3","R_UaxKmz3ySOqzZ73",0
"554",0,5,1,19,"Female",1,0,0,11.2333333333333,3.9,"Jun 22_3","R_1QxwPOY6mHCAXLX",0
"555",1,5,2,77,"Female",0,0,0,12.5333333333333,4.6,"Jun 22_3","R_2rOz7nIUNPWtm49",0
"556",1,5,1,20,"Female",0,0,0,9.93333333333333,4.1,"Jun 22_3","R_bqMIqvBTFKUwkeZ",0
"557",0,1,2,35,"Female",2,0,0,10.3833333333333,4.2,"Jun 22_3","R_eEdC4G5GQYO5aAp",0
"558",0,4,1,81,"Female",0,0,0,43.1,2.7,"Jun 22_3","R_3R2ig0MNSDElciP",0
"559",1,7,1,64,"Female",0,0,0,35.1333333333333,3.4,"Jun 22_3","R_28CyCzTzJoqvyVq",0
"560",0,1,3,29,"Female",1,0,0,18.0166666666667,3.8,"Jun 22_3","R_3EtDD5tOObdTBo2",0
"561",0,3,1,80,"Female",3,0,0,20.5333333333333,4.1,"Jun 22_3","R_3MsXsRUydtNgdKe",0
"562",0,1,1,32,"Female",1,0,0,23.6333333333333,4.8,"Jun 22_3","R_PTCZpIwWgVQSfnP",0
"563",0,3,4,34,"Female",2,0,0,26.3,4.5,"Jun 22_3","R_2DZihgUgRHdEBfp",0
"564",0,4,3,38,"Female",2,0,0,26.7833333333333,3.6,"Jun 22_3","R_2bNbDuBuT9JDYxS",0
"565",0,2,3,50,"Female",1,0,0,30.0166666666667,2.7,"Jun 22_3","R_3eeorMj3UcwRHtN",0
"566",0,4,1,18,"Female",0,0,0,9.16666666666667,2.8,"Jun 22_3","R_1QxRC19eS6CPexi",0
"567",1,5,1,28,"Female",0,NA,0,8.53333333333333,3.1,"Jun 22_3","R_sGYKcyuBDSUIOJz",0
"568",0,5,1,34,"Female",0,0,0,10.4333333333333,2.7,"Jun 22_3","R_BYci0j9tytIX9ND",0
"569",0,4,1,34,"Female",0,0,0,60,2.8,"Jun 22_3","R_3kM1gHJiqK8fAvM",0
"570",0,3,0,28,"Female",1,0,0,20.1333333333333,2.9,"Jun 22_3","R_1LSeEfhxoEYpIfe",0
"571",1,5,2,43,"Female",0,1,0,10.6,4.4,"Jun 3_1","R_2rNQxLmMyMzXGEs",0
"572",0,3,3,35,"Female",0,0,1,29.2,4.6,"Jun 3_1","R_RJfCGZPEUygwxhf",0
"573",0,3,2,25,"Female",0,0,0,7.18333333333333,3.3,"Jun 3_1","R_2z5CFjhlh9mf996",0
"574",1,4,3,29,"Female",0,1,0,23.5,3.7,"Jun 3_1","R_2w1ghEfa7uWFZLy",0
"575",0,4,4,69,"Male",2,0,1,45.6666666666667,2,"Jun 3_1","R_1LGcSjpK3dHWHQ8",0
"576",0,5,1,67,"Female",0,1,1,56.1,4.6,"Jun 3_1","R_2dATQ1miAbCBgn5",0
"577",1,7,1,58,"Female",1,1,0,45.85,4.9,"Jun 3_1","R_3hA9QxiYUV4jTjJ",0
"578",1,4,3,67,"Female",0,0,0,29.2166666666667,4,"Jun 3_1","R_2tJ4RiUsTNGtxr7",0
"579",0,2,1,65,"Female",0,1,0,37.2166666666667,3.7,"Jun 3_1","R_1CruVbyz22SCZvn",0
"580",1,7,4,34,"Male",1,0,0,23.5,5,"Jun 3_1","R_3kcwKfvs12RVmj3",0
"581",1,5,2,20,"Male",1,NA,0,60,4.4,"Jun 3_1","R_10rt15OLib0Xubw",0
"582",0,5,1,58,"Male",0,1,1,23.35,3.4,"Jun 3_1","R_30ixbOEtEXWNm0U",0
"583",0,3,4,67,"Male",1,0,1,29.5,3.1,"Jun 3_1","R_1C1MxVZymHzXSHm",0
"584",1,5,4,36,"Male",1,1,0,9.93333333333333,3.1,"Jun 3_1","R_vqzygVO3irlus01",0
"585",1,3,1,22,"Male",0,0,0,20.2333333333333,4,"Jun 3_1","R_dosCyZJMNLxfddv",0
"586",0,4,3,22,"Male",1,0,0,16.0333333333333,4.3,"Jun 3_1","R_1DP80ERtos2o3hc",0
"587",0,7,1,44,"Male",0,0,0,8.06666666666667,1,"Jun 3_1","R_37VjELHESrOxZ9n",0
"588",1,7,5,27,"Male",3,1,1,39.5333333333333,5,"Jun 3_1","R_20YfIMBTYFuD2Ax",0
"589",0,1,5,30,"Male",2,0,0,15.4,4.1,"Jun 3_1","R_2zI80AzqiujVs5P",0
"590",1,7,3,68,"Male",2,1,1,43.5333333333333,3.2,"Jun 3_1","R_3NJ0UeFZntpkNrI",0
"591",0,4,1,75,"Female",1,1,1,60,4.2,"Jun 3_1","R_AcU7VipH0bFbHLb",0
"592",1,6,4,71,"Male",2,0,1,60,3.6,"Jun 3_1","R_39i2XnllVO9Ac9z",0
"593",0,1,1,32,"Male",0,1,0,16.7833333333333,3.7,"Jun 3_1","R_cBz0FgFaPFSpPe9",0
"594",0,2,4,70,"Male",2,0,1,20.45,3.4,"Jun 3_1","R_2VybvlnGvi9DesF",0
"595",1,5,3,67,"Female",1,0,0,60,2.8,"Jun 3_1","R_3CHIujTrAOvgKuI",0
"596",1,7,2,50,"Male",1,0,0,13.9666666666667,5,"Jun 3_1","R_7OnTwB3Qgq6F3LH",0
"597",1,5,2,20,"Male",0,1,0,35.8666666666667,3.7,"Jun 3_1","R_CmimzfCTjLOsbf3",0
"598",0,2,2,21,"Male",0,1,0,12.6666666666667,3.8,"Jun 3_1","R_UFaaJmkgP3ygEMN",0
"599",0,4,1,60,"Male",0,1,0,47.6,2.6,"Jun 3_1","R_1EWfroGKcMBjncC",0
"600",0,1,3,22,"Male",0,0,0,40.8666666666667,4.7,"Jun 3_1","R_2zZNXunTKdyJ4Pk",0
"601",0,4,1,59,"Male",1,NA,0,18.1166666666667,2.7,"Jun 3_1","R_5dq3XEaAMR9xZYd",0
"602",0,4,3,59,"Female",1,0,1,22.4333333333333,3.3,"Jun 3_1","R_2cw8NkCNGvdqKMm",0
"603",0,1,3,37,"Female",1,0,0,12.1833333333333,4.5,"Jun 3_1","R_27P4DtHOq4iWrsy",0
"604",1,6,1,40,"Female",1,0,0,15.9,4,"Jun 3_1","R_3oBfzSDCIodDkZX",0
"605",1,6,4,46,"Female",2,0,0,50.35,4.3,"Jun 3_1","R_31arrDLGuvoXAlI",0
"606",0,4,3,35,"Female",1,0,0,43.4333333333333,3.6,"Jun 3_1","R_3Leg7eNFgaKlRcf",0
"607",0,4,3,37,"Female",0,0,0,52.8,4.3,"Jun 3_1","R_7WchCm6zEBSZyDv",0
"608",0,3,3,21,"Female",0,0,0,24.9,4.5,"Jun 3_3","R_12JC8j3kkjHStYz",0
"609",1,5,1,34,"Female",0,0,0,14.3166666666667,3.2,"Jun 3_3","R_3oKQqcHY684Lmg5",0
"610",1,7,3,40,"Female",0,0,0,27.5,4.5,"Jun 3_3","R_3EVTiRrnEOMlNeV",0
"611",0,3,3,78,"Female",2,0,1,41.5666666666667,4.1,"Jun 3_3","R_5vGHPmhF5v7jfah",0
"612",0,1,1,19,"Female",1,0,0,11.8333333333333,4.7,"Jun 3_3","R_2S1RHOxibaJ338V",0
"613",0,2,3,62,"Female",3,1,0,60,3.1,"Jun 3_3","R_3iPAT62rCYmE0ul",0
"614",0,5,4,39,"Male",1,0,0,11.85,4.8,"Jun 3_3","R_2QWZTN8CnrWFVLZ",0
"615",0,2,1,62,"Female",0,0,0,23.6333333333333,2.7,"Jun 3_3","R_1OZD11UzoJSCKra",0
"616",0,4,4,66,"Male",2,1,0,19.45,4.1,"Jun 3_3","R_1LoFGHcX2LmSuxu",0
"617",1,7,5,42,"Male",3,0,0,26.2166666666667,4.9,"Jun 3_3","R_2tmXrGeLb5CpwPF",0
"618",0,5,1,32,"Female",1,1,0,20.0333333333333,4.4,"Jun 3_3","R_3kvlQB3D4Xp4Ptj",0
"619",0,3,1,18,"Male",0,1,0,11.4,3.1,"Jun 3_3","R_3MG3cFQmej8Zqdu",0
"620",1,7,1,51,"Female",0,1,0,30.1333333333333,4,"Jun 3_3","R_231PMidlmZFMAeO",0
"621",0,3,3,57,"Female",0,1,1,60,3.4,"Jun 3_3","R_21uOEJTwYzosgBw",0
"622",0,4,2,55,"Male",0,0,0,30.6166666666667,3.5,"Jun 3_3","R_2wAD4bULtySCDJ9",0
"623",0,4,3,29,"Male",0,1,0,18.2333333333333,3.1,"Jun 3_3","R_3HCcgtwPiBDpNp6",0
"624",0,3,2,67,"Male",0,0,0,51.25,3,"Jun 3_3","R_u1GZ1czox9wu4lr",0
"625",0,3,3,20,"Male",3,0,0,60,4.2,"Jun 3_3","R_2e3TvX7gv3Az17C",0
"626",1,6,1,18,"Male",0,0,0,30.0166666666667,2.7,"Jun 3_3","R_28RS1NKXYxvgiDk",0
"627",0,3,3,23,"Male",3,0,0,15.05,4.1,"Jun 3_3","R_1n907ZgBKyrqHlI",0
"628",0,2,1,18,"Male",0,1,0,12.1166666666667,1.7,"Jun 3_3","R_Rm3lvrwUIZUeC5P",0
"629",0,1,2,58,"Male",0,0,0,26.8833333333333,3,"Jun 3_3","R_338CopcIWofUwI0",0
"630",0,4,2,71,"Male",1,1,0,60,3.4,"Jun 3_3","R_1dv0YaciyG6zuFj",0
"631",0,3,1,39,"Female",1,1,0,29.25,4.8,"Jun 3_3","R_2e3eGTcUQFb75pR",0
"632",1,6,3,72,"Female",1,0,0,58.5666666666667,2.2,"Jun 3_3","R_1GIH7L3ZC81DK2e",0
"633",0,1,4,39,"Female",3,0,0,22.6666666666667,4.4,"Jun 3_3","R_1Nl8IIyvlYTW3f0",0
"634",0,4,2,48,"Female",3,0,0,50.75,3,"Jun 3_3","R_pDxquPHx7E73q5X",0
"635",0,5,2,48,"Female",2,0,0,39.0166666666667,3.8,"Jun 3_3","R_3QQ1imj7B1HibmA",0
"636",1,7,3,30,"Female",3,0,0,9.43333333333333,2.5,"Jun 8_1","R_3fvlIZtn4IHPgSO",0
"637",1,7,1,23,"Male",1,0,0,45.4333333333333,4.2,"Jun 8_1","R_1MYAOV0j6sZkfvM",0
"638",0,1,2,71,"Female",1,0,1,23.6666666666667,3.5,"Jun 8_1","R_2uwygsAdhTTis9v",0
"639",0,5,1,73,"Male",0,0,0,19.0166666666667,2.7,"Jun 8_1","R_1hKoiFEGkiaGieA",0
"640",0,5,1,20,"Male",0,0,0,15.35,4.9,"Jun 8_1","R_2bVm9YMewXmzWTx",0
"641",0,1,3,24,"Female",3,0,0,11.7333333333333,4.4,"Jun 8_1","R_3fW7GcnhHX8gLvB",0
"642",0,3,3,31,"Male",0,0,0,31.9833333333333,3.4,"Jun 8_1","R_r8a9mdc2rntsNk5",0
"643",1,5,1,21,"Male",0,0,0,14.8166666666667,3.4,"Jun 8_1","R_3elhWJsWLyrUtlV",0
"644",1,7,1,33,"Male",0,0,0,46.8,4.5,"Jun 8_1","R_tG9rbW4vLdi8UW5",0
"645",1,5,2,19,"Male",1,0,0,13.75,4.7,"Jun 8_1","R_1LSAvG7TqwZaULD",0
"646",1,1,3,35,"Female",1,0,0,13.1166666666667,4.8,"Jun 8_1","R_yWssufBgtxtbGdb",0
"647",0,4,2,24,"Female",1,0,1,11.7666666666667,3.6,"Jun 8_1","R_1inBN67OWH2u6nN",0
"648",0,4,3,44,"Female",2,0,0,29.4166666666667,4.6,"Jun 8_1","R_RQOF1aeJiTociop",0
"649",0,3,1,18,"Female",1,0,0,15.2166666666667,3.4,"Jun 8_1","R_1g8wU1W9Nr9XjOm",0
"650",0,2,1,39,"Female",1,0,0,26.4,3.8,"Jun 8_1","R_2f7qS4mf5w1daqB",0
"651",0,1,3,37,"Female",0,0,0,41.3333333333333,4.9,"Jun 8_1","R_1OP7ljxtMi7iwvG",0
"652",0,5,1,57,"Female",2,0,0,14.9166666666667,2.2,"Jun 8_1","R_2Bh7nJIF0yzaoMQ",0
"653",0,1,1,69,"Female",0,0,1,50,3.3,"Jun 8_1","R_dj05i95ysb9VWpj",0
"654",0,1,3,59,"Male",1,0,0,13.1833333333333,4,"Jun 8_1","R_2TG1kkGSrdZib7e",0
"655",0,1,4,41,"Female",2,0,1,60,4.2,"Jun 8_1","R_1QGEWtPJWO9MrUB",0
"656",0,1,3,63,"Female",0,0,0,21.3166666666667,4.6,"Jun 8_1","R_3enyURlnJF1QZM2",0
"657",0,4,3,41,"Male",3,0,0,26.7833333333333,4.4,"Jun 8_1","R_bPX2hnxOz6JbdnP",0
"658",0,5,3,57,"Male",0,0,1,15.85,4,"Jun 8_1","R_3k7dMLIDOTtsp4G",0
"659",0,3,1,49,"Male",0,0,1,29.9833333333333,4.2,"Jun 8_1","R_3Ge1gJHOubXM05N",0
"660",0,2,5,62,"Male",1,0,0,17.25,5,"Jun 8_1","R_2sYF4prtn44yb12",0
"661",0,4,1,47,"Male",0,0,0,7.76666666666667,3.9,"Jun 8_1","R_3k6xoMqT5tZuZvo",0
"662",0,1,3,53,"Male",3,0,0,16.6333333333333,3.6,"Jun 8_1","R_1dp1E4KfWIjp8H3",0
"663",0,5,1,55,"Female",1,0,0,11.3833333333333,1.9,"Jun 8_1","R_2WSGpBkWUi801hI",0
"664",0,1,3,53,"Female",2,0,0,26.6,4.4,"Jun 8_1","R_Agm2IpPNv8AdOLL",0
"665",0,4,1,46,"Female",0,0,1,18.1666666666667,4.3,"Jun 8_1","R_qEi66FhFVNTox6F",0
"666",0,4,1,35,"Female",0,NA,0,29.4666666666667,3,"Jun 8_3","R_3I9QdT5wivaksA8",0
"667",0,1,2,41,"Female",1,0,0,60,3.4,"Jun 8_3","R_1LbrPzeGFslovlf",0
"668",0,3,4,69,"Male",2,0,0,41.9333333333333,3.8,"Jun 8_3","R_xbleAQ8PYA4aqS5",0
"669",0,1,3,35,"Female",2,0,0,31.6333333333333,4.3,"Jun 8_3","R_25vIEYyWXKGPHZR",0
"670",1,6,1,19,"Male",3,1,0,20.1,3.1,"Jun 8_3","R_2AWkL2jmytg2jb2",0
"671",0,5,1,23,"Female",2,NA,1,20.6833333333333,2.8,"Jun 8_3","R_2VvvqG0Lni9ewO3",0
"672",1,7,4,33,"Male",3,0,0,60,4.9,"Jun 8_3","R_1doT3kCBvgYB3VC",0
"673",0,5,1,18,"Other",1,0,0,15.25,4.1,"Jun 8_3","R_1kS7DTDKositQut",0
"674",1,4,3,23,"Male",0,0,0,13.7666666666667,4.9,"Jun 8_3","R_31zVIoS4spVITO2",0
"675",1,7,5,45,"Male",1,1,1,26.6,4.5,"Jun 8_3","R_10Zc3wxCTRXpJ6s",0
"676",0,3,3,25,"Female",1,0,0,26.8333333333333,4.1,"Jun 8_3","R_1F2mUYc8avebrHJ",0
"677",0,2,1,37,"Male",1,1,0,20.3166666666667,2.2,"Jun 8_3","R_22KYIw8C2SbCTnq",0
"678",0,4,1,66,"Female",0,0,1,15.6,2.9,"Jun 8_3","R_2463qYzKVFnc7Di",0
"679",0,4,1,56,"Female",0,0,0,13.0833333333333,3.1,"Jun 8_3","R_Qn1C22z7Pnug5Q5",0
"680",0,1,3,76,"Female",0,1,1,18.8,3.6,"Jun 8_3","R_1Qn42XvrljWS2GX",0
"681",1,5,3,24,"Male",0,1,1,7.05,4.6,"Jun 8_3","R_1rohzTx11p2B9Xs",0
"682",0,1,4,41,"Female",3,0,0,21.5,4.6,"Jun 8_3","R_2ByS5rrQFAkjcx8",0
"683",0,5,1,24,"Female",0,0,0,17.5166666666667,4.4,"Jun 8_3","R_1rBc2gQj05RmBCZ",0
"684",0,2,4,63,"Female",3,0,0,40.7833333333333,4,"Jun 8_3","R_2PsRqzzvlg898Z2",0
"685",0,1,1,47,"Male",0,0,0,21.2666666666667,5,"Jun 8_3","R_ePyVLpB8rPSuDRL",0
"686",0,1,3,37,"Male",2,0,0,41.8833333333333,4.8,"Jun 8_3","R_xlPhYEswNTLuV4R",0
"687",0,3,2,63,"Male",1,1,0,45.9666666666667,4.9,"Jun 8_3","R_Tqle4ViOFjdjoVH",0
"688",0,2,1,41,"Male",1,0,0,23.6,3.6,"Jun 8_3","R_1MLDOsA84IhJy4M",0
"689",0,4,1,41,"Male",0,0,1,29.2333333333333,3.8,"Jun 8_3","R_1pEf83EYUjs9Xng",0
"690",0,4,1,63,"Female",0,NA,0,31,2.7,"Jun 8_3","R_BWZ3JBmGeYUIpot",0
"691",0,4,1,61,"Female",0,1,0,39.8833333333333,5,"Jun 8_3","R_eFfiEnStGFe9AuB",0
"692",0,1,1,51,"Male",2,0,0,13.5166666666667,3.2,"Jun 8_3","R_2WPDKZDtWj636q0",0
"693",1,7,1,41,"Male",0,0,0,7.76666666666667,5,"Jun 8_3","R_W0f6acqy3nHdsEF",0
"694",1,2,5,39,"Male",1,1,0,15.9333333333333,3.3,"Jun 8_3","R_uh1bQn0p1I758Ix",0
"695",0,1,4,46,"Female",2,0,0,17.85,5,"Jun 8_3","R_1rlk8lc8rmrUdVM",0
"696",0,2,1,56,"Female",0,0,1,29.9,4.2,"Jun 8_3","R_w192LRwPGuYchiN",0
"697",0,3,4,78,"Female",1,0,0,17.1666666666667,3.3,"Jun 8_3","R_2s0zAPEQQxYAFsK",0
"698",0,4,2,50,"Female",0,0,0,26.1333333333333,4.2,"Jun 8_3","R_3MF3eZ1fsog0OEX",0
"699",0,3,3,35,"Male",2,0,0,8.3,3,"May 28_1","R_2CIySnwy0pc69vc",0
"700",1,5,3,26,"Female",2,0,0,9.56666666666667,3.6,"May 28_1","R_YXqZIX3yrTOUMyR",0
"701",1,5,5,38,"Male",1,0,0,33.0666666666667,4.8,"May 28_1","R_2pRIeR1t5KWReUN",0
"702",1,5,3,69,"Female",1,0,0,56.9833333333333,2,"May 28_1","R_2XhpIrH73WSk3bw",0
"703",0,4,2,29,"Male",0,0,0,17.15,4.2,"May 28_1","R_3I0M5cKca4VK0P3",0
"704",1,7,4,45,"Male",3,0,0,15.8833333333333,4.1,"May 28_1","R_1LvwmEGhpfDsFFg",0
"705",0,6,3,50,"Male",2,0,0,27.2166666666667,2.1,"May 28_1","R_OvW1SIRGjQBxClX",0
"706",0,3,3,49,"Male",2,0,0,17.3833333333333,4.5,"May 28_1","R_1rNZV2Js0LcsWNz",0
"707",0,6,2,29,"Male",0,0,0,19.6,4.7,"May 28_1","R_x015rl1q0zzzfDb",0
"708",0,6,1,40,"Male",1,0,0,14.8666666666667,4.6,"May 28_1","R_2eVbjN8seXOqM5n",0
"709",0,5,1,21,"Male",0,0,0,8,2.3,"May 28_1","R_2WUnkBFXZtwRimn",0
"710",0,4,1,27,"Male",0,0,0,17.0333333333333,2.5,"May 28_1","R_D5ymzyh3g9BSjO9",0
"711",0,5,3,21,"Female",1,0,0,11.05,4.2,"May 28_1","R_2b41CAVaC1dwpXz",0
"712",0,3,1,20,"Female",2,0,0,10.4833333333333,3.8,"May 28_1","R_1CqhO9KfUAhlh17",0
"713",0,4,4,45,"Female",1,0,0,11.6333333333333,3.4,"May 28_1","R_2EbeWKvC6w3WCgS",0
"714",0,6,1,21,"Female",0,0,0,20.4,3.3,"May 28_1","R_skaLkXyeuu43DsB",0
"715",0,2,1,20,"Female",3,0,0,12.9833333333333,4.6,"May 28_1","R_1i2Ry4bDV14yo4A",0
"716",0,4,3,22,"Female",0,0,0,11.2666666666667,3.7,"May 28_1","R_1cYZ4vSZ5tmLr29",0
"717",0,3,1,29,"Female",1,0,0,33.2,2.7,"May 28_1","R_ptmKfHt6Ksh1k8F",0
"718",1,7,1,22,"Female",0,1,0,31.7333333333333,4,"May 28_1","R_3HHuiAjYtaljXeP",0
"719",1,5,2,19,"Female",2,0,0,29.4666666666667,3.6,"May 28_1","R_Ry6QcXCU1AAiIq5",0
"720",0,6,4,49,"Female",2,1,0,34.3666666666667,4.4,"May 28_1","R_2srAFncmAoI9F1n",0
"721",0,5,2,57,"Female",0,0,0,21.6166666666667,3.3,"May 28_1","R_2VfQJvWH54kgSYl",0
"722",1,5,1,32,"Male",1,0,0,28.4,3.4,"May 28_1","R_3fABEeh0mSKsoJJ",0
"723",0,4,4,41,"Male",1,0,0,19.2333333333333,3.6,"May 28_1","R_RwzM4QuIZdbnylX",0
"724",0,2,3,43,"Male",1,0,0,29.2833333333333,4.6,"May 28_1","R_cCl73MsDJgxTeSd",0
"725",0,4,4,50,"Male",1,0,0,25.1,3,"May 28_1","R_DHSBaWbSsI9zlBL",0
"726",0,3,4,68,"Female",0,0,1,28.8166666666667,4,"May 28_1","R_2DXPwFjsYEaCbRs",0
"727",1,7,3,62,"Female",0,1,1,40.5,3.5,"May 28_1","R_R4ef5ckKn3SmdxL",0
"728",0,2,1,41,"Female",1,1,0,14.7,3.4,"May 28_1","R_2DLKq1fM8mEHq5R",0
"729",1,5,3,39,"Female",1,0,1,34.2166666666667,4.5,"May 28_1","R_1mseSITXdb13Vhj",0
"730",0,1,2,36,"Male",0,0,1,43.1166666666667,2.2,"May 28_1","R_O8W1EdZlv1t9WIV",0
"731",0,2,4,47,"Male",2,0,1,8.93333333333333,5,"May 28_1","R_3IPPIXanc5wkdGU",0
"732",1,6,3,55,"Male",0,1,1,22.2166666666667,3.8,"May 28_1","R_3NRlwYIAQhyiHCR",0
"733",0,4,1,51,"Female",0,0,0,49.1,4.1,"May 28_1","R_3CDW1JG8az3Trtg",0
"734",0,4,3,52,"Male",1,0,0,21.7833333333333,4.4,"May 28_1","R_3EAcMYxP0hAWDV9",0
"735",1,6,1,72,"Female",0,0,1,50.3833333333333,3.1,"May 28_2","R_1DBdDegsP0SoC0P",0
"736",0,3,1,58,"Male",1,0,0,19.5666666666667,4.2,"May 28_2","R_RFbY9g7uVWlSB9f",0
"737",1,5,1,20,"Male",2,0,0,22.3,3.9,"May 28_2","R_2eQmO1gSCQGrzV9",0
"738",0,5,1,18,"Female",1,0,0,9.8,4.2,"May 28_2","R_2RaFuesumaO1hbL",0
"739",1,6,2,28,"Female",1,0,0,27.15,4.4,"May 28_2","R_PuowkxYdZ1ly7ip",0
"740",0,2,1,62,"Male",0,0,0,60,5,"May 28_2","R_OyaQobVrfMtQoaR",0
"741",1,5,1,23,"Female",1,0,1,30.4333333333333,2.8,"May 28_2","R_3J9hW2k7BmRpc0V",0
"742",1,5,3,23,"Female",0,0,0,22.45,3.7,"May 28_2","R_20SZ8kqOuHMw14U",0
"743",0,1,1,63,"Male",1,0,0,26.15,4.1,"May 28_2","R_5vxW67jcj0Va0Tv",0
"744",0,3,3,57,"Female",0,0,0,60,3.5,"May 28_2","R_3p5dx7jTVGHywvp",0
"745",1,6,2,57,"Male",0,0,1,12.0333333333333,4,"May 28_2","R_2aCwCiaef7Yvom8",0
"746",1,6,3,47,"Female",1,0,0,12.7166666666667,4.5,"May 28_2","R_2zzFCXv0Qt3VVJc",0
"747",1,5,1,60,"Male",1,0,1,32.4666666666667,1.8,"May 28_2","R_3lGQaO6mcB48UH5",0
"748",0,1,3,60,"Male",1,0,0,29.6166666666667,3.4,"May 28_2","R_1QAX6fWTA1dptIX",0
"749",1,7,3,38,"Male",1,0,1,32.25,5,"May 28_2","R_2xJYeQWw2prOo6g",0
"750",0,3,1,56,"Male",1,0,0,20.5166666666667,4.6,"May 28_2","R_29mMtQKHKkTau4a",0
"751",0,4,1,56,"Male",0,0,0,19.2666666666667,3.2,"May 28_2","R_1n0DGEAGZvm0CcR",0
"752",0,2,3,60,"Male",1,0,0,18.05,4.1,"May 28_2","R_27HiyuFOovgOgtH",0
"753",1,5,3,37,"Female",0,0,1,20.5,3.5,"May 28_2","R_2aXFMTOLWlLcBLQ",0
"754",0,2,2,60,"Female",1,0,0,27.9666666666667,3.1,"May 28_2","R_1TwUKK9JHezY8XT",0
"755",1,6,3,52,"Female",2,0,1,29.7333333333333,4.1,"May 28_2","R_C2jXrlO13okgtkB",0
"756",0,2,2,57,"Female",1,0,0,60,5,"May 28_2","R_1DGPTdYVwG1kTDA",0
"757",0,5,2,44,"Female",0,0,0,39.5166666666667,3.2,"May 28_2","R_1H7tp9dzQWglj84",0
"758",1,4,2,61,"Male",0,0,0,60,2.7,"May 28_2","R_1jlYgI3GtyllKM1",0
"759",1,4,5,39,"Male",2,0,0,13.5166666666667,3.4,"May 28_2","R_3NO5w1bhWG9SvqS",0
"760",1,4,4,40,"Female",2,0,0,60,4.2,"May 28_2","R_2sNCTmvxVCOSrDz",0
"761",1,6,3,50,"Male",2,0,0,43.7,3.9,"May 28_2","R_1i3dl2Z3zi2sTIk",0
"762",1,6,3,52,"Female",0,0,1,25.2666666666667,4.1,"May 28_2","R_3j86hL0YovaYYHi",0
"763",1,7,1,66,"Female",1,0,1,24.0333333333333,4.5,"May 28_2","R_2rCaiXGSyEa9FYT",0
"764",1,6,5,67,"Male",2,0,1,23.5666666666667,4.3,"May 28_2","R_2TGiHJ0p28eC3iQ",0
"765",1,6,3,38,"Female",2,0,0,41.5833333333333,4.9,"May 28_2","R_3dMukShxrZx2Y3H",0
"766",1,4,1,20,"Female",1,0,0,18.6166666666667,2.2,"May 28_3","R_1ignUkBJIRKjVAs",0
"767",1,4,1,18,"Female",1,0,1,13.7333333333333,3.4,"May 28_3","R_23UAym36NvSTYqo",0
"768",1,6,1,52,"Female",1,0,0,48.75,4.5,"May 28_3","R_XqaEXZClkIE9lRf",0
"769",1,6,1,21,"Male",0,0,0,34.0666666666667,3.7,"May 28_3","R_AtFUQykhgb9Cmzv",0
"770",0,5,4,45,"Male",1,0,1,10.9,4.1,"May 28_3","R_3kL1LziyJu3Bxp0",0
"771",1,7,2,18,"Male",1,0,1,12.7333333333333,4.5,"May 28_3","R_24vi69sYMb6s6ve",0
"772",0,2,3,56,"Male",1,0,0,15,5,"May 28_3","R_xE3mKE5PYmR40et",0
"773",0,4,1,20,"Female",0,0,0,9.2,4.6,"May 28_3","R_12Fr9I3WYkk0b7x",0
"774",0,4,1,31,"Female",0,0,0,22.45,2.5,"May 28_3","R_esQlcxHcFUscJJT",0
"775",0,4,1,18,"Female",2,0,0,32.95,4.3,"May 28_3","R_27lFVcynsQvO8oR",0
"776",0,4,2,23,"Female",0,0,0,11.7166666666667,2.6,"May 28_3","R_1jkyxBVpkWQanKE",0
"777",0,4,1,29,"Male",0,0,0,9.25,3.1,"May 28_3","R_2zwmSymN5F8rdtJ",0
"778",0,5,0,18,"Female",2,0,0,13.9833333333333,3.6,"May 28_3","R_2zXX4gHZJ08FHJk",0
"779",0,1,1,20,"Female",2,0,0,17.2833333333333,4.4,"May 28_3","R_40ih2iBRRbDLNXb",0
"780",0,3,4,33,"Male",1,0,0,15.3166666666667,4.6,"May 28_3","R_3O8ixOasrTG3JiK",0
"781",1,6,1,65,"Female",1,0,0,60,3,"May 28_3","R_AFICeAoYF98yCKB",0
"782",0,5,3,58,"Male",0,0,0,35.85,4,"May 28_3","R_1q9wwCg7uRUfhqG",0
"783",0,4,3,60,"Male",1,0,0,25.65,4,"May 28_3","R_33jneYhWn0xpGja",0
"784",1,7,1,75,"Male",1,0,0,27.25,3.9,"May 28_3","R_1pxj4VAa0xK5tu4",0
"785",0,6,3,52,"Female",1,0,0,54.6666666666667,3.8,"May 28_3","R_s72lXcorJROkRB7",0
"786",1,4,3,50,"Male",2,0,0,25.0333333333333,2.6,"May 28_3","R_2D7vPF0Yi0UHLhk",0
"787",0,4,3,52,"Male",3,0,0,27.0333333333333,4.3,"May 28_3","R_2TLyQVJu46hn5So",0
"788",1,7,3,45,"Male",2,0,0,24.0333333333333,4.5,"May 28_3","R_3nCQniMnF4KOJqU",0
"789",1,5,1,61,"Male",0,0,1,20.1833333333333,5,"May 28_3","R_3MMUt3fnZK09Vhu",0
"790",0,2,1,66,"Female",3,0,0,24.7166666666667,4.6,"May 28_3","R_8HXCR8e9Ek8CGmB",0
