"","Article_day","Article_Total","Date","Article_Num","website","link","headline","daily.article.number","total.article.number","Month","Day","Pariticipant_1_Eval","Pariticipant_2_Eval","Pariticipant_3_Eval","Pariticipant_4_Eval","Pariticipant_5_Eval","Pariticipant_6_Eval","Pariticipant_1_Likert_Eval","Pariticipant_2_Likert_Eval","Pariticipant_3_Likert_Eval","Pariticipant_4_Likert_Eval","Pariticipant_5_Likert_Eval","Pariticipant_6_Likert_Eval"
"1","dec 10_1",56,"10-Dec","rss_con","teaparty.org","https://www.teaparty.org/breaking-ukrainian-official-reveals-six-criminal-cases-opened-in-ukraine-involving-the-bidens-420208/","Breaking: Ukrainian Official Reveals Six Criminal Cases Opened In Ukraine Involving The Bidens",1,56,"dec","10","Misl/False","Misl/False","CND","Misl/False","Misl/False","CND","2","3","1","3","2","3"
"2","dec 10_2",57,"10-Dec","rss_lib","palmer report","https://www.palmerreport.com/analysis/nancy-pelosi-knows-something-we-dont/23491/","Nancy Pelosi knows something we don’t",2,57,"dec","10","Misl/False","True","Misl/False","CND","Misl/False","CND","2","5","3","4","4","2"
"3","dec 10_3",58,"10-Dec","rss_unclear","stillnessinthestorm","https://stillnessinthestorm.com/2019/12/stressed-to-the-max-deep-sleep-can-rewire-the-anxious-brain/","Stressed to the Max? Deep Sleep Can Rewire the Anxious Brain",3,58,"dec","10","True","True","True","True","True","CND","7","6","6","5","5","6"
"4","dec 10_4",59,"10-Dec","ct_con","townhall","https://townhall.com/tipsheet/juliorosas/2019/12/09/joe-biden-claims-no-one-told-him-about-potential-conflict-of-interest-with-hunters-job-at-burisma-n2557688/?utm_content=buffer644e4&utm_medium=social&utm_source=facebook.com&utm_campaign=buffer","Joe Biden Claims No One Told Him About Potential Conflict of Interest With Hunter's Job at Burisma",4,59,"dec","10","True","True","True","True","True","True","7","6","6","5","7","7"
"5","dec 10_5",60,"10-Dec","ct_lib","washington post","https://www.washingtonpost.com/sports/2019/12/09/megan-rapinoe-is-sports-illustrateds-sportsperson-year-only-fourth-woman-chosen-alone/?tid=sm_fb","Megan Rapinoe is Sports Illustrated’s Sportsperson of the Year, only the fourth woman chosen alone",5,60,"dec","10","True","True","True","True","True","True","7","7","7","6","7","7"
"6","dec 11_1",61,"11-Dec","rss_con","clashdaily","https://clashdaily.com/2019/12/ukraine-advisor-disputes-key-point-in-impeachment-testimony-is-this-bad-news-for-democrats/","Ukraine Advisor Disputes Key Point In Impeachment Testimony — Is This Bad News For Democrats?",1,61,"dec","11","Misl/False","Misl/False","Misl/False","Misl/False","Misl/False","True","3","2","3","4","5","6"
"7","dec 11_2",62,"11-Dec","rss_lib","crooksandliars","https://crooksandliars.com/2019/12/tucker-carlsons-white-power-hour-guest","Tucker Carlson's White Power Hour Guest: AOC's District Is The 'Least American'",2,62,"dec","11","True","True","True","True","True","Misl/False","7","4","6","5","6","2"
"8","dec 11_3",63,"11-Dec","rss_unclear","themindunleashed","https://themindunleashed.com/2019/12/since-feeding-the-homeless-is-illegal-activists-carry-ar-15s-to-give-out-food-supplies.html","Since Feeding the Homeless is Illegal, Activists Carry AR-15s to Give Out Food, Supplies",3,63,"dec","11","Misl/False","Misl/False","True","CND","CND","Misl/False","2","5","4","3","4","5"
"9","dec 11_4",64,"11-Dec","ct_con","cnbc","https://www.cnbc.com/2019/12/10/house-democrats-announce-articles-of-impeachment-against-trump.html?__source=facebook%7Cmain","House Democrats announce articles of impeachment against Trump: Abuse of power, obstruction of Congress",4,64,"dec","11","True","True","True","True","True","True","7","7","7","5","7","7"
"10","dec 11_5",65,"11-Dec","ct_lib","huffington post","https://www.huffpost.com/entry/art-acevedo-ted-cruz-mitch-mcconnell-nra-gun-victims_n_5def2944e4b05d1e8a56fa2f?section=politics&utm_campaign=hp_fb_pages&utm_source=main_fb&utm_medium=facebook&ncid=fcbklnkushpmg00000063","Police Chief Tears Into Ted Cruz, McConnell For Caring More About NRA Than Gun Victims",5,65,"dec","11","True","True","True","True","True","True","7","7","7","6","6","6"
"11","dec 12_1",66,"12-Dec","rss_con","iotwreport","https://iotwreport.com/nycs-de-blasio-deports-thousands-of-homeless-families-across-america/","NYC’s De Blasio Deports Thousands of Homeless Families Across America",1,66,"dec","12","Misl/False","Misl/False","Misl/False",NA,"True","Misl/False","1","3","4",NA,"5","3"
"12","dec 12_2",67,"12-Dec","rss_lib","occupydemocrats","https://occupydemocrats.com/2019/12/10/bushs-ethics-chief-trumps-are-an-organized-crime-family-we-need-to-go-after-all-of-them/","Bush’s ethics chief: Trumps are an “organized crime family,” we need to “go after all of them”",2,67,"dec","12","True","True","True",NA,"True","True","7","5","6",NA,"6","7"
"13","dec 12_3",68,"12-Dec","rss_unclear","zerohedge","https://www.zerohedge.com/geopolitical/russias-only-aircraft-carrier-admiral-kuznetsov-has-erupted-flames","Russia's Only Aircraft Carrier Has Erupted In Flames",3,68,"dec","12","True","True","True",NA,"True","True","7","7","4",NA,"6","6"
"14","dec 12_4",69,"12-Dec","ct_con","fox news","https://www.foxnews.com/politics/pastors-worship-leaders-pray-for-trump-in-oval-office-amid-impeachment-fight","Pastors, worship leaders pray for Trump in Oval Office amid impeachment fight",4,69,"dec","12","True","True","Misl/False",NA,"True","True","6","6","5",NA,"6","7"
"15","dec 12_5",70,"12-Dec","ct_lib","the gaurdian","https://www.theguardian.com/us-news/2019/dec/11/donald-trump-jr-mongolia-rare-endangered-sheep-permit?CMP=fb_gu&utm_medium=Social&utm_source=Facebook#Echobox=1576106294","Donald Trump Jr killed rare endangered sheep in Mongolia with special permit",5,70,"dec","12","True","True","True",NA,"True","Misl/False","7","7","7",NA,"7","6"
"16","dec 16_1",71,"16-Dec","rss_con","thegatewaypundit","https://www.thegatewaypundit.com/2019/12/trans-activists-target-olympic-cyclist-inga-thompson-for-saying-women-shouldnt-have-to-compete-with-biological-men/","Trans Activists Target Olympic Cyclist Inga Thompson For Saying Women Shouldn’t Have To Compete With Biological Men",1,71,"dec","16","Misl/False","True","Misl/False","Misl/False","Misl/False","True","2","5","3","4","6","5"
"17","dec 16_2",72,"16-Dec","rss_lib","bipartisanreport","https://bipartisanreport.com/2019/12/14/trump-attacks-congresswoman-for-not-having-his-back/","Trump Attacks Congresswoman For Not Having His Back",2,72,"dec","16","True","True","True","Misl/False","True","Misl/False","6","5","6","5","6","5"
"18","dec 16_3",73,"16-Dec","rss_unclear","ijr","https://ijr.com/trump-poised-week-become-third-president-impeached/","Trump Poised This Week to Become Third U.S. President Impeached",3,73,"dec","16","Misl/False","True","True","True","True","Misl/False","5","7","5","6","7","4"
"19","dec 16_4",74,"16-Dec","ct_con","washingtion times","https://www.washingtontimes.com/news/2019/dec/15/james-comey-fox-news-sunday-admits-real-sloppiness/","I was wrong': James Comey admits 'real sloppiness' in Russia probe",4,74,"dec","16","True","True","True","True","True","Misl/False","6","6","5","5","6","3"
"20","dec 16_5",75,"16-Dec","ct_lib","nytimes","https://www.nytimes.com/2019/12/15/style/black-women-win-beauty-pageants.html?smid=fb-nytimes&smtyp=cur","Black Women Now Hold Crowns in 5 Major Beauty Pageants",5,75,"dec","16","True","True","True","True","True","True","7","7","7","6","7","7"
"21","dec 17_1",76,"17-Dec","rss_con","teaparty.org","https://www.teaparty.org/back-home-in-pelosis-san-francisco-homeless-drug-addicts-are-now-taking-dumps-in-the-supermarket-aisles-421170/","Back Home In Pelosi’s San Francisco: Homeless Drug Addicts Are Now Taking Dumps In The Supermarket Aisles",1,76,"dec","17","True","Misl/False","Misl/False","Misl/False","Misl/False","CND","6","5","1","3","5","5"
"22","dec 17_2",77,"17-Dec","rss_lib","palmer report","https://www.palmerreport.com/analysis/retweeting-bizarre-fake-account/23745/","Donald Trump caught retweeting bizarre fake account",2,77,"dec","17","True","True","CND","CND","True","CND","6","5","2","4","5","3"
"23","dec 17_3",78,"17-Dec","rss_unclear","true activist","http://www.trueactivist.com/kansas-city-makes-public-transportation-free-become-the-first-major-city-in-the-u-s-to-make-this-progressive-change-t1/","Kansas City Makes Public Transportation Free, Become The First Major City In The U.S. To Make This Progressive Change",3,78,"dec","17","CND","True","CND","True","CND","CND","4","7","4","6","4","6"
"24","dec 17_4",79,"17-Dec","ct_con","ijr red","https://ijr.com/schiff-vote-impeach-obama-engaged-similar-conduct/","Schiff Says He Would Vote to Impeach Obama If He Engaged in Similar Conduct",4,79,"dec","17","True","True","True","True","True","Misl/False","6","7","6","5","6","5"
"25","dec 17_5",80,"17-Dec","ct_lib","yahoo news","https://www.yahoo.com/news/barack-obama-women-singapore-115412140.html?ncid=facebook_yahoonewsf_akfmevaatca","Barack Obama: Women Ruling All Nations Would Improve 'Just About Everything'",5,80,"dec","17","True","True","True","True","True","True","6","7","7","5","6","7"
"26","dec 18_1",81,"18-Dec","rss_con","conservative firing line","https://conservativefiringline.com/video-of-the-day-dem-rep-raskin-thanks-congressman-helping-form-rules-for-sham-impeachment-of-trump-who-was-impeached-for-bribery/","Video of the Day: Dem Rep Raskin thanks Congressman helping form rules for sham impeachment of Trump who was impeached for bribery",1,81,"dec","18","Misl/False","Misl/False","True","True","Misl/False","Misl/False","2","2","4","4","2","4"
"27","dec 18_2",82,"18-Dec","rss_lib","crooksandliars","https://crooksandliars.com/2019/12/no-punches-pulled-climate-themed-campaign","No Punches Pulled In Climate-Themed Campaign Ad",2,82,"dec","18","True","True","True","True","True","CND","7","5","6","5","7","5"
"28","dec 18_3",83,"18-Dec","rss_unclear","world truth tv","https://worldtruth.tv/wall-street-journal-investigation-finds-amazon-com-selling-dumpster-trash-food-supplements-as-new/","Wall Street Journal Investigation Finds Amazon.com Selling Dumpster Trash Food & Supplements As New",3,83,"dec","18","Misl/False","Misl/False","True","True","True","CND","3","4","5","5","7","4"
"29","dec 18_4",84,"18-Dec","ct_con","nypost","https://nypost.com/2019/12/17/karol-sanchez-staged-her-own-kidnapping-police-sources/?utm_source=NYPFacebook&sr_share=facebook&utm_campaign=SocialFlow&utm_medium=SocialFlow","Teen Karol Sanchez staged her own Bronx kidnapping: police sources",4,84,"dec","18","True","True","Misl/False","True","Misl/False","True","6","7","4","5","6","6"
"30","dec 18_5",85,"18-Dec","ct_lib","nbc ","https://www.nbcnews.com/news/us-news/video-shows-girl-16-apparently-kidnapped-nyc-street-front-mom-n1103176?cid=sm_npd_nn_fb_ma","Police investigating whether teen staged her own kidnapping in Bronx",5,85,"dec","18","True","True","True","True","True","True","7","7","6","5","7","6"
"31","dec 19_1",86,"19-Dec","rss_con","conservative post","https://conservativepost.com/these-democrats-voted-against-impeaching-trump/","These Democrats Voted AGAINST Impeaching Trump",1,86,"dec","19","Misl/False","True","Misl/False",NA,"True","Misl/False","2","6","4",NA,"6","5"
"32","dec 19_2",87,"19-Dec","rss_lib","occupydemocrats","https://occupydemocrats.com/2019/12/18/shaken-trump-vows-democrats-will-see-backlash-at-the-box-office-after-impeachment-verdict/","Shaken Trump vows Democrats will see backlash at “the box office” after impeachment verdict",2,87,"dec","19","True","True","True",NA,"True","CND","7","5","5",NA,"6","2"
"33","dec 19_3",88,"19-Dec","rss_unclear","themindunleashed","https://themindunleashed.com/2019/12/un-peacekeepers-fathered-hundreds-babies-girls-haiti.html","UN Peacekeepers Fathered Hundreds of Babies With Girls in Haiti as Young as 11",3,88,"dec","19","Misl/False","True","True",NA,"True","CND","2","6","7",NA,"6","4"
"34","dec 19_4",89,"19-Dec","ct_con","cnbc","https://www.cnbc.com/2019/12/18/trump-impeached-by-house-for-high-crimes-and-misdemeanors.html?__source=facebook%7Cmain","President Trump is impeached in a historic vote by the House, will face trial in the Senate",4,89,"dec","19","True","True","True",NA,"True","True","7","7","7",NA,"7","7"
"35","dec 19_5",90,"19-Dec","ct_lib","cbsnews","https://www.cbsnews.com/live-updates/trump-impeachment-vote-live-stream-today-house-of-representatives-articles-of-impeachment-2019-12-18/","House impeaches Trump for abuse of power and obstruction in historic rebuke",5,90,"dec","19","True","True","True",NA,"True","True","7","7","7",NA,"7","7"
"36","dec 2_1",31,"2-Dec","rss_con","dailycaller","https://dailycaller.com/2019/12/02/steve-bullock-drops-out-presidential-race/","Montana Gov. Bullock Drops Out Of 2020 Presidential Race",1,31,"dec","2","True","True","True","True",NA,"True","7","6","7","5",NA,"7"
"37","dec 2_2",32,"2-Dec","rss_lib","bipartisanreport","https://bipartisanreport.com/2019/12/01/senator-announces-impeach-vote-hint-that-has-trump-fuming/","Senator Announces Impeach Vote Hint That Has Trump Fuming",2,32,"dec","2","CND","True","CND","Misl/False",NA,"Misl/False","4","5","2","3",NA,"2"
"38","dec 2_3",33,"2-Dec","rss_unclear","collective evolution","https://www.collective-evolution.com/2019/11/29/bestselling-novelist-who-wrote-about-vaccine-industry-deception-found-dead/","Bestselling Novelist Who Wrote About Vaccine Industry Deception Found Dead",3,33,"dec","2","Misl/False","Misl/False","Misl/False","Misl/False",NA,"Misl/False","5","4","3","2",NA,"2"
"39","dec 2_4",34,"2-Dec","ct_con","nypost","https://nypost.com/2019/11/29/f-k-white-people-graffiti-found-outside-queens-home/?sr_share=facebook&utm_medium=SocialFlow&utm_source=NYPFacebook&utm_campaign=SocialFlow","‘F–K WHITE PEOPLE’ graffiti found outside Queens home",4,34,"dec","2","Misl/False","True","True","CND",NA,"True","4","7","5","4",NA,"7"
"40","dec 2_5",35,"2-Dec","ct_lib","nbcnews","https://www.nbcnews.com/politics/trump-impeachment-inquiry/white-house-will-not-participate-wednesday-s-impeachment-hearing-n1093821?cid=sm_npd_nn_fb_ma","White House will not participate in Wednesday's impeachment hearing",5,35,"dec","2","True","True","True","True",NA,"True","7","7","7","7",NA,"7"
"41","dec 3_1",36,"3-Dec","rss_con","express.co","https://www.express.co.uk/news/uk/1212362/Donald-Trump-News-Jeremy-Corbyn-General-Election-Boris-Johnson-NHS","Donald Trump SLAMS Corbyn's NHS lies 'We want nothing to do with it!'",1,36,"dec","3","Misl/False","True","Misl/False",NA,"Misl/False","Misl/False","3","6","2",NA,"5","4"
"42","dec 3_2",37,"3-Dec","rss_lib","palmer report","https://www.palmerreport.com/analysis/the-sealed-indictment-a-that-donald-trump-needs-to-worry-about-more-than-ever/23359/","The sealed “Indictment A” that Donald Trump needs to worry about more than ever",2,37,"dec","3","Misl/False","Misl/False","CND",NA,"Misl/False","CND","2","2","1",NA,"3","1"
"43","dec 3_3",38,"3-Dec","rss_unclear","tribunist","https://tribunist.com/news/americans-bought-enough-guns-on-black-friday-to-arm-the-marine-corps-yet-again/","Americans Bought Enough Guns on Black Friday to Arm the Marine Corps – Yet Again!",3,38,"dec","3","True","True","Misl/False",NA,"True","CND","7","6","4",NA,"5","3"
"44","dec 3_4",39,"3-Dec","ct_con","fox news","https://www.foxnews.com/media/former-nfl-player-marine-jeremy-staat-kaepernick-disgrace","Marine veteran turned congressional candidate calls Kaepernick a 'national disgrace'",4,39,"dec","3","True","True","True",NA,"True","True","5","6","5",NA,"6","7"
"45","dec 3_5",40,"3-Dec","ct_lib","yahoo news","https://www.yahoo.com/news/duncan-hunter-guilty-plea-190447228.html?ncid=facebook_yahoonewsf_akfmevaatca","Duncan Hunter To Plead Guilty In Campaign Finance Case He Called 'Witch Hunt'",5,40,"dec","3","True","True","True",NA,"True","True","7","7","7",NA,"7","7"
"46","dec 4_1",41,"4-Dec","rss_con","dcclothesline","https://www.dcclothesline.com/2019/12/04/in-2018-86-of-those-arrested-for-violent-crime-in-los-angeles-were-non-white-5-were-white-the-city-is-28-white/","In 2018, 86% of Those Arrested for Violent Crime in Los Angeles Were Non-White (5% Were White): the City Is 28% White",1,41,"dec","4","Misl/False","Misl/False","Misl/False","Misl/False","CND","CND","2","4","1","2","4","2"
"47","dec 4_2",42,"4-Dec","rss_lib","crooksandliars","https://crooksandliars.com/2019/12/devin-nunes-shamelessly-lies-when-hannity","Devin Nunes Shamelessly Lies When Hannity Asks About Lev Parnas",2,42,"dec","4","Misl/False","True","True","Misl/False","Misl/False","Misl/False","5","5","4","4","5","2"
"48","dec 4_3",43,"4-Dec","rss_unclear","friendsforsyria","https://friendsforsyria.com/2019/12/04/ukrainian-neo-nazis-help-out-at-hong-kong-riots-pan-democrats-defend-them/","Ukrainian Neo-Nazis Help Out at Hong Kong Riots, Pan-Democrats Defend Them",3,43,"dec","4","CND","Misl/False","CND","Misl/False","True","Misl/False","3","1","3","4","4","2"
"49","dec 4_4",44,"4-Dec","ct_con","washington times","https://www.washingtontimes.com/news/2019/dec/3/devin-nunes-slaps-cnn-435-million-defamation-lawsu/","Devin Nunes slaps CNN with $435 million defamation lawsuit",4,44,"dec","4","True","Misl/False","True","Misl/False","True","True","6","5","5","5","6","6"
"50","dec 4_5",45,"4-Dec","ct_lib","huffington post","https://www.huffpost.com/entry/kamala-harris-dropping-out_n_5de6a263e4b0913e6f8684bd?ncid=fcbklnkushpmg00000063&utm_source=main_fb&utm_medium=facebook&utm_campaign=hp_fb_pages","Kamala Harris Dropping Out Of Presidential Race",5,45,"dec","4","True","True","True","True","True","True","7","7","6","6","7","7"
"51","dec 5_1",46,"5-Dec","rss_con","barenakedislam","https://barenakedislam.com/2019/12/05/ding-ding-ding-first-muslim-woman-elected-to-pennsylvania-house-of-representatives-has-been-arrested-for-stealing-500000-from-a-charity/","DING! DING! DING! First Muslim woman elected to Pennsylvania House of Representatives has been ARRESTED for stealing $500,000 from a charity",1,46,"dec","5","Misl/False","True",NA,"Misl/False","True","True","1","5",NA,"4","6","6"
"52","dec 5_2",47,"5-Dec","rss_lib","occupydemocrats","https://occupydemocrats.com/2019/12/04/trump-caught-by-reporters-patting-himself-on-back-for-insulting-justin-trudeau/","Trump caught by reporters patting himself on back for insulting Justin Trudeau",2,47,"dec","5","True","True",NA,"CND","True","CND","6","5",NA,"4","6","4"
"53","dec 5_3",48,"5-Dec","rss_unclear","zerohedge","https://www.zerohedge.com/markets/china-says-us-must-reduce-tariffs-phase-one-trade-deal-amid-stalled-talks","China Repeats US Must Reduce Tariffs For ""Phase One"" Trade Deal",3,48,"dec","5","True","True",NA,"CND","True","CND","6","6",NA,"4","6","6"
"54","dec 5_4",49,"5-Dec","ct_con","newsmax","https://www.newsmax.com/us/melaniatrump-barron-ukraine-impeachment/2019/12/04/id/944519/","Angry Melania Slams Impeachment Witness for Joking About Son",4,49,"dec","5","True","True",NA,"True","True","True","7","6",NA,"6","7","7"
"55","dec 5_5",50,"5-Dec","ct_lib","nytimes","https://www.nytimes.com/2019/12/04/world/asia/afghanistan-tetsu-nakamura-dead.html?smid=fb-nytimes&smtyp=cur&fbclid=IwAR3fKvdPsRQ4wUNylstquIFOOj7zC64WmA4eXrrNp6XnSUJIk79oQ_uSKqA&fbclid=IwAR1iI65LDkftMGynOURUC_ope2fTdXEAfdsRWnufyMmVSs7JN6Hcy6u86t8&fbclid=IwAR2oZkicTvpbHfqtaDjl9QdZ-PQpy4FqZUwYpiky-5t26i21Kk7i7O6McUw","‘He Showed Us Life’: Japanese Doctor Who Brought Water to Afghans Is Killed",5,50,"dec","5","True","True",NA,"True","True","True","7","7",NA,"6","7","6"
"56","dec 9_1",51,"9-Dec","rss_con","infowars","https://www.infowars.com/never-trumper-rick-wilson-suggests-putting-anti-vaxxers-in-re-education-camps/","NEVER TRUMPER RICK WILSON SUGGESTS PUTTING ANTI-VAXXERS IN “RE-EDUCATION CAMPS”",1,51,"dec","9","True","Misl/False","True","True","Misl/False","True","5","5","5","5","5","6"
"57","dec 9_2",52,"9-Dec","rss_lib","bipartisanreport","https://bipartisanreport.com/2019/12/07/ex-intel-slam-trump-for-sucking-up-to-saudis-after-navy-shooting/","Ex-Intel Slam Trump For Sucking Up To Saudis After Navy Shooting",2,52,"dec","9","Misl/False","True","True","CND","True","True","3","5","5","4","5","5"
"58","dec 9_3",53,"9-Dec","rss_unclear","ijr","https://ijr.com/biden-denies-wrongdoing-in-ukraine-during-testy-interview/","Biden Denies Wrongdoing in Ukraine During Testy Interview",3,53,"dec","9","True","Misl/False","True","True","True","True","7","5","7","5","5","6"
"59","dec 9_4",54,"9-Dec","ct_con","nypost","https://nypost.com/2019/12/08/walmart-apologizes-for-sweater-featuring-santa-with-cocaine/?utm_medium=SocialFlow&sr_share=facebook&utm_source=NYPFacebook&utm_campaign=SocialFlow","Walmart apologizes for sweater featuring Santa with cocaine",4,54,"dec","9","True","True","True","True","True","True","7","7","7","5","6","7"
"60","dec 9_5",55,"9-Dec","ct_lib","nbcnews","https://www.nbcnews.com/pop-culture/pop-culture-news/caroll-spinney-legendary-sesame-street-puppeteer-big-bird-dies-85-n1097806?cid=sm_npd_nn_fb_ma","Caroll Spinney, legendary 'Sesame Street' puppeteer of Big Bird, dies at 85",5,55,"dec","9","True","True","True","True","True","True","7","7","7","6","7","7"
"61","feb 4_1",151,"4-Feb","rss_con","joeforamerica","https://joeforamerica.com/ilhan-omars-dirty-money-hustle-blows-wide-open-reports-say-she-gave-40-of-her-campaign-spending-went-to-loverboys-firm/","Ilhan Omar’s Dirty Money Hustle Blows Wide Open, Reports Say She Gave 40% Of Her Campaign Spending Went To Loverboy’s Firm",1,151,"feb","4","Misl/False","Misl/False","CND",NA,"Misl/False","CND","1","1","1",NA,"5","2"
"62","feb 4_2",152,"4-Feb","rss_lib","Palmer Report","https://www.palmerreport.com/analysis/trumps-sham-acquittal-is-already-blowing-up-in-senate-republicans-faces/24893/","Donald Trump’s sham acquittal is already blowing up in Senate Republicans’ faces",2,152,"feb","4","Misl/False","True","CND",NA,"Misl/False","CND","3","4","2",NA,"4","4"
"63","feb 4_3",153,"4-Feb","rss_unclear","worldtruth","https://worldtruth.tv/the-coronavirus-was-engineered-by-scientists-in-a-lab-using-well-documented-genetic-engineering-vectors-that-leave-behind-a-fingerprint/","The Coronavirus Was Engineered By Scientists In A Lab Using Well Documented Genetic Engineering Vectors That Leave Behind A “Fingerprint”",3,153,"feb","4","Misl/False","Misl/False","Misl/False",NA,"Misl/False","CND","1","1","1",NA,"2","1"
"64","feb 4_4",154,"4-Feb","ct_con","ijr","https://ijr.com/democratic-white-house-race-messy-start-iowa/?utm_campaign=IJR%20-%20Facebook%20Content&utm_content=115077734&utm_medium=social&utm_source=facebook&hss_channel=fbp-189885532970","Democratic White House Race off to Messy Start as ‘Inconsistencies’ Delay Iowa Results",4,154,"feb","4","True","True","True",NA,"Misl/False","True","7","7","6",NA,"6","7"
"65","feb 4_5",155,"4-Feb","ct_lib","cbsnews","https://www.cbsnews.com/live-updates/state-of-the-union-2020-president-donald-trump-tonight-2020-02-04-live-streaming/?ftag=CNM-00-10aab6a&linkId=81729456","State of the Union 2020: Trump addresses nation just before expected acquittal by Senate",5,155,"feb","4","True","True","True",NA,"True","True","7","7","7",NA,"7","7"
"66","feb 5_1",156,"5-Feb","rss_con","infowars","https://www.infowars.com/dems-release-only-62-of-iowa-caucus-results-just-enough-to-have-mayor-cheat-in-the-lead/","DEMS RELEASE ONLY 62% OF IOWA CAUCUS RESULTS — JUST ENOUGH TO HAVE ‘MAYOR CHEAT’ IN THE LEAD",1,156,"feb","5",NA,"Misl/False","Misl/False",NA,"Misl/False","Misl/False",NA,"5","1",NA,"6","2"
"67","feb 5_2",157,"5-Feb","rss_lib","crooksandliars","https://crooksandliars.com/2020/02/susan-collins-betrays-country-vote-acquit","Susan Collins Betrays The Country With Vote To Acquit",2,157,"feb","5",NA,"True","True",NA,"True","True",NA,"4","4",NA,"5","5"
"68","feb 5_3",158,"5-Feb","rss_unclear","themindunleashed","https://themindunleashed.com/2020/02/earth-is-about-to-enter-a-30-year-mini-ice-age-as-the-sun-hibernates-scientist-warns.html","Earth is About to Enter a 30-Year ‘Mini Ice Age’ as the Sun Hibernates, Scientist Warns",3,158,"feb","5",NA,"Misl/False","Misl/False",NA,"Misl/False","True",NA,"1","4",NA,"2","4"
"69","feb 5_4",159,"5-Feb","ct_con","cnbc","https://www.cnbc.com/2020/02/04/macys-to-close-125-stores-sees-480-million-in-restructuring-costs-to-2000-corporate-jobs.html?__source=newsletter|breakingnews","Macy’s to close 125 stores, cut 2,000 corporate jobs, in hunt for growth",4,159,"feb","5",NA,"True","True",NA,"True","True",NA,"7","7",NA,"7","6"
"70","feb 5_5",160,"5-Feb","ct_lib","abcnews","https://abcnews.go.com/Politics/nancy-pelosi-rips-copy-state-union-speech-trump/story?id=68766230&cid=social_fb_abcn","Nancy Pelosi rips up copy of State of the Union speech from Trump",5,160,"feb","5",NA,"True","True",NA,"True","True",NA,"7","7",NA,"7","7"
"71","feb 6_1",161,"6-Feb","rss_con","clashdaily","https://clashdaily.com/2020/02/john-kerry-says-that-the-entire-obama-admin-was-trying-to-get-rid-of-the-burisma-prosecutor/","John Kerry Says That The ENTIRE Obama Admin Was Trying To Get Rid Of The Burisma Prosecutor",1,161,"feb","6","True","Misl/False","CND",NA,"CND","Misl/False","6","4","1",NA,"4","1"
"72","feb 6_2",162,"6-Feb","rss_lib","crooksandliars","https://crooksandliars.com/2020/02/jennifer-granholm-catches-rick-santorum","Jennifer Granholm Catches Rick Santorum Shamelessly Lying About Pre-Existing Conditions",2,162,"feb","6","Misl/False","Misl/False","CND",NA,"True","Misl/False","2","5","3",NA,"6","2"
"73","feb 6_3",163,"6-Feb","rss_unclear","natural news","https://www.naturalnews.com/2020-02-05-lies-we-are-being-told-about-coronavirus.html","The lies we are being told about the Coronavirus",3,163,"feb","6","Misl/False","Misl/False","Misl/False",NA,"Misl/False","Misl/False","2","1","1",NA,"3","3"
"74","feb 6_4",164,"6-Feb","ct_con","nypost","https://nypost.com/2020/02/05/trump-acquitted-in-senate-impeachment-trial/?utm_source=NYPFacebook&utm_medium=Native&utm_campaign=NYPFacebook","Trump acquitted on all charges in Senate impeachment trial",4,164,"feb","6","True","True","True",NA,"True","True","7","7","7",NA,"7","7"
"75","feb 6_5",165,"6-Feb","ct_lib","thegaurdian","https://www.theguardian.com/film/2020/feb/06/kirk-douglas-hollywood-legend-and-star-of-spartacus-dies-aged-103?CMP=fb_gu&utm_medium=Social&utm_source=Facebook#Echobox=1580945835","Kirk Douglas, Hollywood legend and star of Spartacus, dies aged 103",5,165,"feb","6","True","True","True",NA,"True","True","7","7","7",NA,"7","7"
"76","jan 13_1",111,"13-Jan","rss_con","endoftheamericandream","http://endoftheamericandream.com/archives/why-are-volcanoes-all-over-the-globe-suddenly-shooting-giant-clouds-of-ash-miles-into-the-air","Why Are Volcanoes All Over The Globe Suddenly Shooting Giant Clouds Of Ash Miles Into The Air?",1,111,"jan","13","Misl/False","Misl/False","True",NA,"Misl/False","CND","1","5","5",NA,"5","3"
"77","jan 13_2",112,"13-Jan","rss_lib","bipartisanreport","https://bipartisanreport.com/2020/01/12/new-trump-approval-poll-released-confirms-massive-2020-blue-wave/","New Trump Approval Poll Released Confirms Massive 2020 Blue Wave",2,112,"jan","13","Misl/False","Misl/False","Misl/False",NA,"Misl/False","Misl/False","2","4","4",NA,"5","2"
"78","jan 13_3",113,"13-Jan","rss_unclear","daily-sun","https://www.daily-sun.com/post/453807/Alaska-man-survives-three-weeks-with-little-food-and-shelter","Alaska man survives three weeks with little food and shelter",3,113,"jan","13","True","True","True",NA,"True","Misl/False","7","6","7",NA,"6","6"
"79","jan 13_4",114,"13-Jan","ct_con","cnbc","https://www.cnbc.com/2020/01/03/bill-gates-americas-tax-system-is-not-fair.html?__source=facebook%7Cmain","Bill Gates: My $109 billion net worth shows the economy is not fair",4,114,"jan","13","True","True","True",NA,"True","Misl/False","7","6","6",NA,"7","4"
"80","jan 13_5",115,"13-Jan","ct_lib","cbsnews","https://www.cbsnews.com/news/serena-williams-tennis-wins-first-title-in-3-years-donates-prize-money-australia-wildfire-relief-2020-01-12/?ftag=CNM-00-10aab6a&linkId=80518649","Serena Williams wins first title in 3 years — and donates prize money to Australia wildfire relief",5,115,"jan","13","True","True","True",NA,"True","True","7","7","7",NA,"7","7"
"81","jan 14_1",116,"14-Jan","rss_con","dcclothesline","https://www.dcclothesline.com/2020/01/14/wisconsin-judge-orders-up-to-209000-listings-purged-from-voter-rolls-finds-3-in-contempt-orders-fines-for-delay/","Wisconsin Judge Orders Up to 209,000 Listings Purged from Voter Rolls — Finds 3 in Contempt, Orders Fines for Delay",1,116,"jan","14","True","Misl/False","Misl/False",NA,"True","True","7","4","4",NA,"6","5"
"82","jan 14_2",117,"14-Jan","rss_lib","palmer report","https://www.palmerreport.com/news/no-win-cornr-gop-senators-donald-trump/24395/","Donald Trump’s GOP Senate allies have just been backed into a no-win corner",2,117,"jan","14","True","True","CND",NA,"Misl/False","CND","6","5","4",NA,"5","3"
"83","jan 14_3",118,"14-Jan","rss_unclear","zerohedge","https://www.zerohedge.com/markets/boeing-refused-request-more-737-max-pilot-training-deadly-crash","Boeing Mocked Lion Air ""Idiots"" For Requesting Extra Training For 737 MAX",3,118,"jan","14","Misl/False","True","True",NA,"True","CND","3","5","5",NA,"6","5"
"84","jan 14_4",119,"14-Jan","ct_con","washington times","https://www.washingtontimes.com/news/2020/jan/13/donald-trump-melania-trump-cheered-national-champi/","Trump, first lady cheered at national championship game",4,119,"jan","14","True","True","True",NA,"True","True","6","6","6",NA,"6","6"
"85","jan 14_5",120,"14-Jan","ct_lib","yahoo news","https://www.yahoo.com/news/first-obama-backed-documentary-receives-oscar-nomination-155227895.html?ncid=facebook_yahoonewsf_akfmevaatca","The first Obama-backed documentary receives an Oscar nomination",5,120,"jan","14","True","True","True",NA,"True","True","7","7","7",NA,"7","7"
"86","jan 15_1",121,"15-Jan","rss_con","teaparty.org","https://www.teaparty.org/bloomberg-draws-paltry-crowd-of-45-at-heavily-advertised-rally-424734/","Bloomberg Draws Paltry Crowd Of 45 At Heavily Advertised Rally",1,121,"jan","15","Misl/False","True","CND",NA,"CND","CND","2","5","4",NA,"4","3"
"87","jan 15_2",122,"15-Jan","rss_lib","occupydemocrats","https://occupydemocrats.com/2020/01/14/newly-released-texts-from-giuliani-crony-parnas-appear-to-show-them-spying-on-amb-yovanovich-4/","Newly released texts from Giuliani collaborator appear to show them stalking Amb. Yovanovich",2,122,"jan","15","True","True","True",NA,"True","Misl/False","6","4","5",NA,"6","4"
"88","jan 15_3",123,"15-Jan","rss_unclear","themindunleashed","https://themindunleashed.com/2020/01/300-vultures-occupy-border-patrol-tower-covering-it-with-corrosive-feces-vomit.html","300 Vultures Occupy Border Patrol Tower, Covering It With “Corrosive” Feces & Vomit",3,123,"jan","15","True","True","True",NA,"True","Misl/False","7","6","6",NA,"5","6"
"89","jan 15_4",124,"15-Jan","ct_con","townhall","https://townhall.com/tipsheet/juliorosas/2020/01/14/president-trump-gets-thunderous-applause-at-clemson-and-lsu-playoff-game-n2559475?utm_content=bufferfe3f8&utm_medium=social&utm_source=facebook.com&utm_campaign=buffer","President Trump Gets Thunderous Applause at Clemson and LSU National Championship Game",4,124,"jan","15","True","True","True",NA,"True","True","6","5","5",NA,"6","5"
"90","jan 15_5",125,"15-Jan","ct_lib","nbcnews","https://www.nbcnews.com/news/us-news/17-kids-injured-after-delta-jet-dumps-fuel-l-playground-n1115586?cid=sm_npd_nn_fb_ma","More than 50 injured after Delta jet dumps fuel on L.A. schools during midair emergency",5,125,"jan","15","True","True","True",NA,"True","True","7","7","7",NA,"7","7"
"91","jan 21_1",126,"21-Jan","rss_con","fellowshipoftheminds","https://fellowshipoftheminds.com/pentagon-bans-bible-verses-on-dog-tags-while-pres-trump-upholds-right-to-pray-in-public-schools","Pentagon bans Bible verses on dog tags, while Pres. Trump upholds right to pray in public schools",1,126,"jan","21","Misl/False","Misl/False","Misl/False",NA,"Misl/False","Misl/False","1","4","1",NA,"5","4"
"92","jan 21_2",127,"21-Jan","rss_lib","crooksandliars","https://crooksandliars.com/2020/01/even-c-span-ticked-over-impeachment","Even C-SPAN Is Cut Off From Covering Senate Impeachment Trial",2,127,"jan","21","True","True","True",NA,"True","Misl/False","6","5","7",NA,"6","5"
"93","jan 21_3",128,"21-Jan","rss_unclear","natural news","https://www.naturalnews.com/2020-01-20-san-fran-democrat-tyrants-taxing-landlords-leaving-stores-vacant.html","PUNISHING ECONOMY: San Fran’s Democrat tyrants double down on closed businesses, taxing landlords for leaving stores vacant",3,128,"jan","21","Misl/False","Misl/False","CND",NA,"Misl/False","Misl/False","2","1","4",NA,"5","4"
"94","jan 21_4",129,"21-Jan","ct_con","fox news","https://www.foxnews.com/us/virginia-capitol-gun-rights-rally","Virginia's Capitol flooded with gun rights activists for Second Amendment rally",4,129,"jan","21","True","True","True",NA,"True","True","6","7","5",NA,"6","6"
"95","jan 21_5",130,"21-Jan","ct_lib","huffington post","https://www.huffpost.com/entry/katie-sowers-first-female-gay-coach-super-bowl_n_5e25ebf5c5b632117617c0d1?utm_campaign=hp_fb_pages&utm_source=main_fb&ncid=fcbklnkushpmg00000063&utm_medium=facebook&ir=Entertainment&guccounter=1&guce_referrer=aHR0cHM6Ly9hcHBzLmNyb3dkdGFuZ2xlLmNvbS9zbWFwcG55dS9saXN0cy8xMzAyMjc1&guce_referrer_sig=AQAAAHlDY7JuKLcaFb1J7U2k6To8Eb6WqEIcvF2UYk7n18QxQFLNlTsBlrwmkEulOWENXn6vFnEofr4KTyVO6oYXDsf8HM0X8CRIkIh35zaSFPCtWQVO8rJc7tfSAzPvT0Q0XAJ6HewH8l7avdgCZRa1IAw_caZeJuKPdZ0Ct-kgKpTd","Katie Sowers Is The First Female And Openly Gay Person To Coach In A Super Bowl",5,130,"jan","21","True","True","True",NA,"True","True","6","7","7",NA,"6","6"
"96","jan 22_1",131,"22-Jan","rss_con","infowars","https://www.infowars.com/leaked-french-internal-intelligence-report-claims-150-neighborhoods-held-by-radical-islamists/","LEAKED FRENCH INTERNAL INTELLIGENCE REPORT CLAIMS 150 NEIGHBORHOODS ‘HELD’ BY RADICAL ISLAMISTS",1,131,"jan","22",NA,"Misl/False","Misl/False",NA,"CND","CND",NA,"4","1",NA,"4","4"
"97","jan 22_2",132,"22-Jan","rss_lib","bipartisanreport","https://bipartisanreport.com/2020/01/21/schiff-opening-impeachment-trial-statement-to-go-down-in-history/","Schiff Opening Impeachment Trial Statement To Go Down In History",2,132,"jan","22",NA,"True","CND",NA,"Misl/False","True",NA,"5","4",NA,"4","5"
"98","jan 22_3",133,"22-Jan","rss_unclear","collective evolution","https://www.collective-evolution.com/2020/01/22/another-supposedly-authentic-photo-of-a-ufo-the-story-behind-it/","Another Supposedly Authentic Photo Of A UFO & The Story Behind It",3,133,"jan","22",NA,"Misl/False","Misl/False",NA,"CND","True",NA,"1","1",NA,"4","4"
"99","jan 22_4",134,"22-Jan","ct_con","cnbc","https://www.cnbc.com/2020/01/21/cdc-to-announce-first-us-case-of-china-coronavirus-that-has-killed-6-cnn-reports.html?__source=facebook%7Cmain&fbclid=IwAR1cKn8eEKKfKLqSqfYE2nK-5kZyDLGKSSWOhUndr99vl1-L2ecI7xHv3Dg&fbclid=IwAR21zcbYAnqDt3nFWpYbZ1CZuUoq4-NxghFC_9tlgmoPUYvjnK8sEorpKNQ","CDC confirms first US case of coronavirus that has killed 9 in China",4,134,"jan","22",NA,"True","True",NA,"True","True",NA,"7","7",NA,"6","7"
"100","jan 22_5",135,"22-Jan","ct_lib","cbsnews","https://www.cbsnews.com/news/iguana-florida-falling-weather-service-issues-alert-as-temperatures-drop-2020-01-21/","Weather service issues alert for falling iguanas as temperatures drop in Florida",5,135,"jan","22",NA,"True","True",NA,"True","True",NA,"7","7",NA,"7","6"
"101","jan 23_1",136,"23-Jan","rss_con","express.co","https://www.express.co.uk/news/world/1232244/coronavirus-outbreak-china-Huanggang-Wuhan-coronavirus-spread-latest","Coronavirus outbreak: China seals off SECOND major city - 18m people on lockdown",1,136,"jan","23","True","True","True",NA,"True","True","2","6","5",NA,"6","6"
"102","jan 23_2",137,"23-Jan","rss_lib","palmer report","https://www.palmerreport.com/analysis/gaping-hole-donald-trump-own-impeachment-trial-strategy/24615/","Donald Trump just screwed up and blew a gaping hole in his own impeachment trial strategy",2,137,"jan","23","True","Misl/False","True",NA,"Misl/False","CND","6","5","4",NA,"5","4"
"103","jan 23_3",138,"23-Jan","rss_unclear","zerohedge","https://www.zerohedge.com/geopolitical/china-quarantines-second-city-experts-warn-its-already-too-late-stop-virus","China Quarantines 3rd City As Wuhan Virus Spreads To Singapore",3,138,"jan","23","True","True","True",NA,"True","CND","6","6","4",NA,"6","5"
"104","jan 23_4",139,"23-Jan","ct_con","nypost","https://nypost.com/2020/01/23/three-us-firefighters-killed-in-australia-plane-crash-while-battling-wildfires/?utm_source=NYPFacebook&sr_share=facebook&utm_medium=SocialFlow&utm_campaign=SocialFlow","Three US firefighters killed in plane crash while battling wildfires in Australia",4,139,"jan","23","True","True","True",NA,"True","True","6","7","6",NA,"6","7"
"105","jan 23_5",140,"23-Jan","ct_lib","the gaurdian","https://www.theguardian.com/world/2020/jan/22/holocaust-survey-americans-pew-research-center?CMP=fb_gu&utm_medium=Social&utm_source=Facebook#Echobox=1579708533","Half of Americans don’t know 6m Jews were killed in Holocaust, survey says",5,140,"jan","23","True","True","True",NA,"True","True","7","7","7",NA,"7","6"
"106","jan 27_1",141,"27-Jan","rss_con","dcclothesline","https://www.dcclothesline.com/2020/01/27/lawmakers-pushing-to-make-michigan-a-2nd-amendment-sanctuary-state/","Lawmakers Pushing to Make Michigan a 2nd Amendment Sanctuary STATE",1,141,"jan","27","True","True","Misl/False",NA,"True","True","6","5","3",NA,"6","6"
"107","jan 27_2",142,"27-Jan","rss_lib","occupydemocrats","https://occupydemocrats.com/2020/01/26/damning-potential-john-bolton-ukraine-impeachment-testimony-revealed-in-early-leak-of-book-draft/","Damning potential John Bolton Ukraine impeachment testimony revealed in early leak of book draft",2,142,"jan","27","True","True","True",NA,"True","True","6","5","5",NA,"6","5"
"108","jan 27_3",143,"27-Jan","rss_unclear","world truth tv","https://worldtruth.tv/nature-science-journal-warned-about-pathogens-escaping-wuhan-level-4-biosafety-lab-bsl-4-before-coronavirus-outbreak/","Nature Science Journal Warned About “Pathogens Escaping” Wuhan Level-4 Biosafety Lab (BSL-4) Before Coronavirus Outbreak",3,143,"jan","27","Misl/False","Misl/False","Misl/False",NA,"Misl/False","True","2","4","2",NA,"4","3"
"109","jan 27_4",144,"27-Jan","ct_con","washington times","https://www.washingtontimes.com/news/2020/jan/26/coronavirus-link-china-biowarfare-program-possible/","Coronavirus may have originated in lab linked to China's biowarfare program",4,144,"jan","27","Misl/False","True","Misl/False",NA,"CND","CND","1","5","2",NA,"4","2"
"110","jan 27_5",145,"27-Jan","ct_lib","yahoo news","https://www.yahoo.com/news/kobe-bryants-daughter-gianna-13-205036060.html","Kobe Bryant's Daughter Gianna, 13, Dead Alongside Father in Calabasas Helicopter Crash",5,145,"jan","27","True","True","True",NA,"True","True","7","7","7",NA,"7","7"
"111","jan 28_1",146,"28-Jan","rss_con","teaparty.org","https://www.teaparty.org/holy-moses-more-than-175000-tickets-requested-to-see-president-trump-in-new-jersey-supporters-line-up-48-hours-426092/","Holy Moses! More Than 175,000 Tickets Requested To See President Trump In New Jersey — Supporters Line Up 48 Hours Early",1,146,"jan","28","Misl/False","True","Misl/False",NA,"CND","Misl/False","3","5","3",NA,"4","4"
"112","jan 28_2",147,"28-Jan","rss_lib","crooksandliars","https://crooksandliars.com/2020/01/joni-ernst-gives-away-ballgame-joe-biden","Joni Ernst Gives Away The Ballgame On Joe Biden",2,147,"jan","28","Misl/False","True","CND",NA,"True","CND","3","4","4",NA,"6","4"
"113","jan 28_3",148,"28-Jan","rss_unclear","themindunleashed","https://themindunleashed.com/2020/01/death-tolls-rises-106-americans-evacuate-wuhan.html","Death Tolls Rises to 106 as 1,000 Americans Try to Evacuate From Coronavirus-Infected Wuhan",3,148,"jan","28","True","True","Misl/False",NA,"True","CND","6","6","4",NA,"6","5"
"114","jan 28_4",149,"28-Jan","ct_con","fox news","https://www.foxnews.com/politics/trump-impeachment-defense-hunter-biden-john-bolton-senate","Dershowitz calls out House Dems in Trump's Senate impeachment trial after Bolton shock waves",4,149,"jan","28","True","True","Misl/False",NA,"True","True","6","6","4",NA,"6","6"
"115","jan 28_5",150,"28-Jan","ct_lib","nbcnews","https://www.nbcnews.com/news/us-news/husband-woman-who-died-crash-killed-kobe-bryant-speaks-out-n1123706?cid=sm_npd_nn_fb_ma","Today really hurts': Families, friends remember those who died in Kobe Bryant crash",5,150,"jan","28","True","True","True",NA,"True","True","6","7","7",NA,"6","7"
"116","jan 6_1",91,"6-Jan","rss_con","infowars","https://www.infowars.com/nearly-200-people-arrested-across-australia-for-deliberately-starting-bushfires/","NEARLY 200 PEOPLE ARRESTED ACROSS AUSTRALIA FOR DELIBERATELY STARTING BUSHFIRES",1,91,"jan","6","Misl/False","Misl/False","Misl/False",NA,"Misl/False","Misl/False","1","4","2",NA,"5","2"
"117","jan 6_2",92,"6-Jan","rss_lib","bipartisanreport","https://bipartisanreport.com/2020/01/06/schiff-hammers-president-gop-over-impeachment-trial-obstruction/","Schiff Hammers President & GOP Over Impeachment Trial Obstruction",2,92,"jan","6","Misl/False","True","True",NA,"Misl/False","True","3","5","4",NA,"5","6"
"118","jan 6_3",93,"6-Jan","rss_unclear","ijr","https://ijr.com/graham-eyes-rule-change-kick-start-trump-trial/","Senate Republican Eyes Rule Change to Kick Start Trump Impeachment Trial",3,93,"jan","6","True","True","True",NA,"True","True","7","7","5",NA,"7","6"
"119","jan 6_4",94,"6-Jan","ct_con","washingtion times","https://www.washingtontimes.com/news/2020/jan/5/ricky-gervais-golden-globes-hollywood-unprincipled/","Ricky Gervais blasts Hollywood figures as unprincipled, ignorant at Golden Globes",4,94,"jan","6","True","True","True",NA,"True","True","7","7","5",NA,"6","6"
"120","jan 6_5",95,"6-Jan","ct_lib","huffington post","https://www.huffpost.com/entry/mike-pence-soleimani-911-false_n_5e1113fbe4b0843d36133ab0?utm_medium=facebook&ncid=fcbklnkushpmg00000063&utm_campaign=hp_fb_pages&utm_source=main_fb","Mike Pence Slammed After Falsely Linking Qassem Soleimani To 9/11",5,95,"jan","6","True","True","True",NA,"True","Misl/False","7","7","6",NA,"7","5"
"121","jan 7_1",96,"7-Jan","rss_con","express.co","https://www.express.co.uk/news/world/1224973/iran-stampede-funeral-Qassem-Soleimani-pictures-latest-world-war-3","Iran stampede: '35 dead' and dozens injured after huge crush at Qassem Soleimani funeral",1,96,"jan","7",NA,"True","True",NA,"True","True",NA,"7","4",NA,"6","5"
"122","jan 7_2",97,"7-Jan","rss_lib","palmer report","https://www.palmerreport.com/analysis/everything-is-falling-apart-for-donald-trump-in-real-time/24192/","Everything is falling apart for Donald Trump in real time",2,97,"jan","7",NA,"True","True",NA,"Misl/False","CND",NA,"5","4",NA,"5","4"
"123","jan 7_3",98,"7-Jan","rss_unclear","zerohedge","https://www.zerohedge.com/geopolitical/iran-evaluating-13-retaliation-scenarios-inflict-historic-nightmare-us","Iran Evaluating 13 Retaliation Scenarios To Inflict ""Historic Nightmare"" On US",3,98,"jan","7",NA,"True","True",NA,"True","CND",NA,"5","5",NA,"6","6"
"124","jan 7_4",99,"7-Jan","ct_con","ijr red","https://ijr.com/pelosi-house-will-vote-resolution-limit-trumps-military-actions-iran/","Pelosi Says the House Will Vote on a Resolution to Limit Trump’s Military Actions Regarding Iran",4,99,"jan","7",NA,"True","True",NA,"True","True",NA,"7","5",NA,"7","6"
"125","jan 7_5",100,"7-Jan","ct_lib","nytimes","https://www.nytimes.com/2020/01/06/us/politics/trump-esper-iran-cultural-sites.html?smid=fb-nytimes&smtyp=cur","Pentagon Rules Out Striking Iranian Cultural Sites, Contradicting Trump",5,100,"jan","7",NA,"True","True",NA,"True","True",NA,"7","7",NA,"7","7"
"126","jan 8_1",101,"8-Jan","rss_con","teaparty.org","https://www.teaparty.org/muslim-teen-accused-of-starting-aussie-grass-fire-laughs-as-he-leaves-court-on-tuesday-423811/","Muslim Teen Accused Of Starting Aussie Grass Fire Laughs As He Leaves Court On Tuesday",1,101,"jan","8","Misl/False","Misl/False","Misl/False",NA,"Misl/False","CND","1","4","3",NA,"5","3"
"127","jan 8_2",102,"8-Jan","rss_lib","occupydemocrats","https://occupydemocrats.com/2020/01/07/trump-bewilders-nation-by-tweeting-all-is-well-and-so-far-so-good-after-irans-missile-strike/","Trump bewilders nation by tweeting “all is well” and “so far so good” after Iran’s missile strike",2,102,"jan","8","True","True","True",NA,"Misl/False","True","5","5","4",NA,"4","6"
"128","jan 8_3",103,"8-Jan","rss_unclear","stillnessinthestorm","https://stillnessinthestorm.com/2020/01/key-brain-region-smaller-in-birth-control-pill-users/","Key Brain Region Smaller in Birth Control Pill User",3,103,"jan","8","True","Misl/False","Misl/False",NA,"True","True","6","3","3",NA,"5","6"
"129","jan 8_4",104,"8-Jan","ct_con","townhall","https://townhall.com/tipsheet/leahbarkoukis/2020/01/07/climate-change-turns-out-two-dozen-arrested-for-setting-australias-massive-fire-n2559064?utm_content=buffer1d19c&utm_medium=social&utm_source=facebook.com&utm_campaign=buffer","Climate Change? Turns Out Two Dozen Arrested for Setting Australia's Fires",4,104,"jan","8","Misl/False","Misl/False","Misl/False",NA,"Misl/False","Misl/False","2","5","3",NA,"4","4"
"130","jan 8_5",105,"8-Jan","ct_lib","nbcnews","https://www.nbcnews.com/news/us-news/trump-tweets-all-well-after-iranian-missile-attack-targeting-u-n1112211?cid=sm_npd_nn_fb_ma&fbclid=IwAR1PQV1l4jbUJUHS91zCB228EH97Bn9_TSqMIQ9mRbFhvOVNNbL7WcYWsHg&fbclid=IwAR2n15afcp34Lqppj6ssx7ysDyUhqDkjygYxOmNPH4b4oZ9RlWYGkPmSVqM&fbclid=IwAR1PQV1l4jbUJUHS91zCB228EH97Bn9_TSqMIQ9mRbFhvOVNNbL7WcYWsHg","All is well,' Trump tweets after Iran targets U.S. forces in missile attack in Iraq",5,105,"jan","8","True","True","True",NA,"True","True","7","7","6",NA,"7","6"
"131","jan 9_1",106,"9-Jan","rss_con","freerepublic","https://www.freerepublic.com/focus/f-news/3806751/posts","Third busiest abortion facility in Massachusetts could soon shut its doors",1,106,"jan","9","True","Misl/False","True",NA,"True","True","6","5","4",NA,"5","5"
"132","jan 9_2",107,"9-Jan","rss_lib","crooksandliars","https://crooksandliars.com/2020/01/john-bolton-will-testify-if-subpoenaed-so","John Bolton Will Testify If Subpoenaed, So Why Aren't House Dems Doing That?",2,107,"jan","9","Misl/False","Misl/False","CND",NA,"True","True","2","5","2",NA,"5","4"
"133","jan 9_3",108,"9-Jan","rss_unclear","collective evolution","https://www.collective-evolution.com/2020/01/09/the-us-military-pollutes-more-140-countries-combined/","The US Military Pollutes More 140 Countries Combined",3,108,"jan","9","Misl/False","True","True",NA,"True","True","2","6","5",NA,"5","3"
"134","jan 9_4",109,"9-Jan","ct_con","fox news","https://www.foxnews.com/entertainment/cardi-b-trump-nigerian-citizenship","Cardi B bashes Trump, says she's seeking Nigerian citizenship amid tensions with Iran",4,109,"jan","9","True","True","True",NA,"True","True","6","7","6",NA,"6","6"
"135","jan 9_5",110,"9-Jan","ct_lib","politico","https://www.politico.com/news/2020/01/08/ruth-bader-ginsburg-health-096302","Ruth Bader Ginsburg says she is cancer-free",5,110,"jan","9","True","True","True",NA,"True","True","7","7","7",NA,"7","7"
"136","nov 13_1",1,"13-Nov","rss_con","teaparty.org","https://www.teaparty.org/ukrainian-officials-release-records-of-46-payments-to-hunter-biden-from-burisma-holdings-38-payments-were-for-83333-totaling-over-3-1-million-416961/","Ukrainian Officials Release Records Of 46 Payments To Hunter Biden From Burisma Holdings, 38 Payments Were For $83,333 Totaling Over $3.1 Million",1,1,"nov","13","Misl/False","CND","Misl/False","CND","CND","CND","1","2","2","3","3","2"
"137","nov 13_2",2,"13-Nov","rss_lib","crooksandliars","https://crooksandliars.com/2019/11/roger-stone-trial-ends-rick-gates","Roger Stone Trial Ends, Rick Gates Testifies That Trump Was In On Wikileaks Dump",2,2,"nov","13","True","True","CND","CND","True","True","6","6","3","2","5","5"
"138","nov 13_3",3,"13-Nov","rss_unclear","healthnutnews","https://www.healthnutnews.com/nbc-abc-and-cbs-appear-to-have-run-cover-for-worlds-most-powerful-rape-rings/","NBC, ABC And CBS Appear To Have Run Cover For World’s Most Powerful Rape Rings",3,3,"nov","13","Misl/False","CND","CND","CND","CND","True","2","4","4","2","3","4"
"139","nov 13_4",4,"13-Nov","ct_con","washington times","https://www.washingtontimes.com/news/2019/nov/12/hillary-clinton-i-would-have-been-a-much-better-mo/","Hillary Clinton: 'I would have been a much better, more successful president'",4,4,"nov","13","True","True","True","True","True","True","5","6","5","6","5","5"
"140","nov 13_5",5,"13-Nov","ct_lib","the gaurdian","https://www.theguardian.com/environment/2019/nov/13/waves-in-st-marks-square-as-venice-flooded-highest-tide-in-50-years?CMP=fb_gu&utm_medium=Social&utm_source=Facebook#Echobox=1573628711","Two reported dead as Venice flooded by highest tide in 50 years",5,5,"nov","13","True","True","CND","True","True","True","7","7","4","6","7","6"
"141","nov 14_1",6,"14-Nov","rss_con","eu times","https://www.eutimes.net/2019/11/donald-trump-jr-humiliated-booed-off-stage-by-angry-maga-voters/","Donald Trump Jr. Humiliated, Booed Off Stage by Angry MAGA Voters",1,6,"nov","14","True","True","Misl/False","True","Misl/False",NA,"6","5","2","6","5",NA
"142","nov 14_2",7,"14-Nov","rss_lib","halfwaypost","https://halfwaypost.com/2019/11/14/eric-trump-is-hosting-a-webinar-on-how-to-raise-charity-funds-for-personal-use/","Eric Trump Is Hosting A Webinar On How To Raise Charity Funds For Personal Use",2,7,"nov","14","Misl/False","Misl/False","CND","Misl/False","Misl/False",NA,"1","2","1","2","2",NA
"143","nov 14_3",8,"14-Nov","rss_unclear","ijr","https://ijr.com/schiff-claims-does-not-know-whistleblower-impeachment-hearing/","Schiff Claims He Does Not Know Who the Whistleblower Is During Impeachment Hearing",3,8,"nov","14","True","Misl/False","True","True","True",NA,"7","5","4","6","5",NA
"144","nov 14_4",9,"14-Nov","ct_con","townhall","https://townhall.com/tipsheet/juliorosas/2019/11/13/illinois-democrat-hearsay-can-be-much-better-evidence-than-direct-evidence-n2556452/?utm_content=buffer5fac2&utm_medium=social&utm_source=facebook.com&utm_campaign=buffer","Illinois Democrat: 'Hearsay Can Be Much Better Evidence Than Direct' Evidence",4,9,"nov","14","True","Misl/False","True","True","Misl/False",NA,"5","5","4","6","5",NA
"145","nov 14_5",10,"14-Nov","ct_lib","nytimes","https://www.nytimes.com/2019/11/13/us/hurricane-dorian-cows.html?smtyp=cur&smid=fb-nytimes&fbclid=IwAR3rjjtpHP8dDWFW8ERo_fA0Kf-kFK5K9Q3k8OlbJ2Uvh12OJBPfi4AOF20&fbclid=IwAR1UK-eCxjNPJ1vknKnOUunfrX7NG-V4zNUmBCpoC5k_ONRFvnrm5ZJSjfQ&fbclid=IwAR0fGxmh0HaNnVXP8HFzb-LYp4rzwQR2uOQyQyiqcdDhnfnD8DUHZhKZeDA&fbclid=IwAR3mH825tVx5tge0s61CupvkLfUfsxPJxyaWfTDqjVKjjeFDVW95Gr_18bk&fbclid=IwAR3qIxGn1ZmscBVEKgmYTbmWO0pIaPUPW7QD_Hph32jdieke6NBe5e895sM","3 Cows Swept Out to Sea by Hurricane Dorian Are Found Alive",5,10,"nov","14","True","True","True","True","True",NA,"7","7","5","6","6",NA
"146","nov 18_1",11,"18-Nov","rss_con","nowtheendbegins","https://www.nowtheendbegins.com/kanye-west-sunday-service-jesus-is-king-lakewood-church-all-seeing-eye-horus-illuminati/","KANYE WEST AND HIS SUNDAY SERVICE SHOW PERFORM WITH ILLUMINATI ALL-SEEING EYE OF HORUS STAGE SET AT LAKEWOOD CHURCH TO SOLD OUT CROWD",1,11,"nov","18","Misl/False","Misl/False","Misl/False",NA,"Misl/False","Misl/False","2","2","1",NA,"2","1"
"147","nov 18_2",12,"18-Nov","rss_lib","bipartisanreport","https://bipartisanreport.com/2019/11/18/doctor-tells-cnn-trumps-walter-reed-medical-visit-was-fishy/","Doctor Tells CNN Trump’s Walter Reed Medical Visit Was Fishy",2,12,"nov","18","Misl/False","True","CND",NA,"Misl/False","Misl/False","2","6","4",NA,"4","4"
"148","nov 18_3",13,"18-Nov","rss_unclear","themindunleashed","https://themindunleashed.com/2019/11/family-facing-jail-living-rv-their-own-property-repair-home-after-fire.html","Family Facing Jail for Living in RV on Their Own Property to Repair Home After Fire",3,13,"nov","18","True","True","True",NA,"True","Misl/False","7","6","4",NA,"5","7"
"149","nov 18_4",14,"18-Nov","ct_con","cnbc","https://www.cnbc.com/2019/08/05/hyundai-launches-car-with-a-roof-based-solar-charging-system.html?__source=facebook%7Cmain&fbclid=IwAR1HXryUvlbaPDWs-J39LnS2iksoD4qAO0mdai64d3znOCymsklN45IeUuY&fbclid=IwAR3qBgscvE4tvqjZrDAW_WdK-JWuBGDrjATWQgFYSQhepxMIp1x8PQK6p_c&fbclid=IwAR3Y3pIr8xjE7Ig7Wpz56Is_c4Td538NWF80KyZlchePTjKOAn9m6T6qZ6I","Hyundai launches car with a roof-based solar charging system",4,14,"nov","18","True","True","True",NA,"True","True","7","7","7",NA,"6","7"
"150","nov 18_5",15,"18-Nov","ct_lib","nbc","https://www.nbcnews.com/news/crime-courts/nine-shot-multiple-killed-family-gathering-fresno-california-n1084706?cid=sm_npd_nn_fb_ma","10 shot, four killed at family gathering in Fresno, California",5,15,"nov","18","True","True","True",NA,"True","True","7","7","5",NA,"7","7"
"151","nov 19_1",16,"19-Nov","rss_con","clashdaily","https://clashdaily.com/2019/11/schiff-named-in-wh-officials-defamation-lawsuit-leaked-lies-to-politico-to-push-impeachment/","Schiff Named in WH Official’s Defamation Lawsuit, Leaked Lies To Politico To Push Impeachment",1,16,"nov","19","Misl/False","Misl/False","CND","Misl/False","Misl/False",NA,"1","5","3","2","2",NA
"152","nov 19_2",17,"19-Nov","rss_lib","palmer report","https://www.palmerreport.com/analysis/annoymous-rudy-giuliani-berserk/23040/","Rudy Giuliani has completely berserk meltdown as Feds close in on him",2,17,"nov","19","True","True","CND","Misl/False","Misl/False",NA,"5","5","1","3","2",NA
"153","nov 19_3",18,"19-Nov","rss_unclear","tribunist","https://tribunist.com/news/active-shooter-commits-suicide-after-being-confronted-by-armed-citizen-at-ok-walmart/","Shooter Commits Suicide After Being Confronted by Armed Citizen at OK Walmart",3,18,"nov","19","Misl/False","True","CND","Misl/False","Misl/False",NA,"2","7","3","5","4",NA
"154","nov 19_4",19,"19-Nov","ct_con","newsmax","https://www.newsmax.com/politics/pelosi-trump-whistleblower-nixon/2019/11/17/id/942035/","Pelosi: Trump 's Actions 'Worse' Than Nixon",4,19,"nov","19","True","True","True","True","True",NA,"6","6","5","5","5",NA
"155","nov 19_5",20,"19-Nov","ct_lib","cbsnews","https://www.cbsnews.com/news/kanye-west-joel-osteen-lakewood-church-kim-kardashian-church-service-nebuchadnezzar/?ftag=CNM-00-10aab6a&linkId=77264473","Kanye West calls himself ""greatest artist that God has ever created"" during Joel Osteen service",5,20,"nov","19","True","True","True","True","True",NA,"7","7","7","6","6",NA
"156","nov 20_1",21,"20-Nov","rss_con","dcdirtylaundry","https://dcdirtylaundry.com/no-shots-fired-citizen-with-a-gun-ends-gunmans-attack-at-oklahoma-walmart/","No Shots Fired! Citizen with a Gun Ends Gunman’s Attack at Oklahoma Walmart",1,21,"nov","20","Misl/False","Misl/False","Misl/False","Misl/False","Misl/False",NA,"1","3","2","4","1",NA
"157","nov 20_2",22,"20-Nov","rss_lib","crooksandliars","https://crooksandliars.com/2019/11/lt-col-vindman-americaright-matters","Lt. Col. Vindman: ‘This Is America...Here, Right Matters’",2,22,"nov","20","True","True","True","True","True",NA,"6","6","5","4","6",NA
"158","nov 20_3",23,"20-Nov","rss_unclear","natural news","https://www.naturalnews.com/2019-11-19-pounds-lost-doesnt-mean-fat-lost.html","Pounds lost doesn’t mean FAT lost: You CAN lose up to 2 pounds of fat a month – but it takes consistency and patience",3,23,"nov","20","Misl/False","Misl/False","CND","Misl/False","Misl/False",NA,"2","4","2","2","1",NA
"159","nov 20_4",24,"20-Nov","ct_con","washington times","https://www.washingtontimes.com/news/2019/nov/19/key-impeachment-witness-dodges-gop-questions-prote/","Key impeachment witness dodges GOP questions to protect whistleblower",4,24,"nov","20","True","True","True","True","Misl/False",NA,"6","6","6","5","5",NA
"160","nov 20_5",25,"20-Nov","ct_lib","huffington post","https://www.huffingtonpost.com.au/entry/woman-saves-scorched-koala-with-shirt_au_5dd474aae4b0fc53f20a6a44?ncid=fcbklnkushpmg00000063&utm_campaign=hp_fb_pages&utm_medium=facebook&utm_source=main_fb","Woman Saves Scorched Koala From Bushfire With Shirt Off Her Own Back",5,25,"nov","20","True","True","True","True","True",NA,"7","7","6","6","6",NA
"161","nov 21_1",26,"21-Nov","rss_con","teaparty.org","https://www.teaparty.org/indictment-against-head-of-burisma-reveals-hunter-biden-was-receiving-payments-from-money-raised-through-criminal-means-siphoned-laundered-from-ukraine-417981/","Indictment Against Head Of Burisma Reveals ‘Hunter Biden Was Receiving Payments From Money Raised Through Criminal Means, Siphoned, Laundered From Ukraine’",1,26,"nov","21",NA,"Misl/False","Misl/False","Misl/False","Misl/False","Misl/False",NA,"1","1","2","3","2"
"162","nov 21_2",27,"21-Nov","rss_lib","occupydemocrats","https://occupydemocrats.com/2019/11/20/sondlands-testimony-directly-implicates-trump-pence-and-pompeo-in-ukraine-quid-pro-quo-plot/","Sondland’s testimony directly implicates Trump, Pence and Pompeo in Ukraine quid pro quo plot",2,27,"nov","21",NA,"True","True","Misl/False","True","CND",NA,"6","6","5","5","4"
"163","nov 21_3",28,"21-Nov","rss_unclear","zerohedge","https://www.zerohedge.com/geopolitical/ukrainian-indictment-reveals-hunter-biden-group-made-165-million-mp","Ukrainian MP Claims $7.4 Billion Obama-Linked Laundering, Puts Biden Group Take At $16.5 Million",3,28,"nov","21",NA,"Misl/False","Misl/False","Misl/False","Misl/False","CND",NA,"2","1","2","2","2"
"164","nov 21_4",29,"21-Nov","ct_con","ijr","https://ijr.com/smollet-distress-malicious-prosecution-lawsuit-chicago/?utm_campaign=IJR%20-%20Facebook%20Content&utm_content=106041134&utm_medium=social&utm_source=facebook&hss_channel=fbp-189885532970","Smollet Claims He Suffered ‘Extreme Emotional Distress’ in Malicious Prosecution Lawsuit Against Chicago",4,29,"nov","21",NA,"True","True","True","True","True",NA,"7","6","6","6","6"
"165","nov 21_5",30,"21-Nov","ct_lib","nytimes","https://www.nytimes.com/2019/11/20/world/africa/almaas-elman-somalia.html?smtyp=cur&smid=fb-nytimes","Almaas Elman, Somali-Canadian Activist, Is Shot Dead in Mogadishu",5,30,"nov","21",NA,"True","True","True","True","True",NA,"7","7","6","7","7"
