"","ResponseId","Article_day","True_Dummy","Likert_Evaluation","Treat_Search","Age","Dummy_Congruence","Education_Score","Gender","Income_Score","Dig_Lit_Avg","X","Search_Online"
"1","R_09uyw3yZry6h2mJ","dec 11_1",0,5,0,34,0,3,1,1,"3.7",1586,0
"2","R_09uyw3yZry6h2mJ","dec 11_3",0,3,0,34,0,3,1,1,"3.7",6658,0
"3","R_0CApfgxLIo87BBf","jan 6_1",0,3,0,64,0,3,0,0,"4.4",2498,0
"4","R_0GtCowOGFvyDmYV","dec 4_2",1,5,0,70,1,3,0,2,"4",962,0
"5","R_0H7wrHyZUA8JFUl","dec 3_1",1,4,0,29,0,1,1,0,"2.5",11031,0
"6","R_0JNFsrSL0BD1g3v","nov 20_3",0,4,0,35,0,1,1,0,"4.6",469,0
"7","R_0O3pDpz5noeeuOt","dec 11_3",0,4,0,30,0,2,1,0,"2.1",6671,0
"8","R_0PP5WNIqnaM0qPv","jan 6_1",1,6,0,24,1,1,0,2,"4.1",12654,0
"9","R_0PxwamhY2wFdYQN","nov 21_1",0,4,0,33,0,1,0,1,"2.4",573,0
"10","R_0PxwamhY2wFdYQN","nov 21_3",1,5,0,33,0,1,0,1,"2.4",5645,0
"11","R_0qQj31mrWbsIjBv","dec 4_1",0,1,0,23,0,1,1,1,"3.8",1018,0
"12","R_0TK35lTcQgEaUyl","jan 6_1",0,1,0,30,0,3,1,1,"4.3",2535,1
"13","R_0V4AX8v85KcCIUh","nov 21_1",0,2,0,41,0,2,1,1,"3.8",5679,0
"14","R_0vSFXyHk9SG9bup","dec 4_2",1,4,0,32,1,1,1,0,"3.6",6115,0
"15","R_10Gf8cwhGVwsZg4","dec 10_1",0,4,0,44,0,1,1,1,"4",6499,0
"16","R_10HOVa6ocybyCGM","nov 20_1",0,3,0,71,0,3,1,1,"4.5",10561,0
"17","R_10HuPszL4bIE6LN","dec 10_1",0,2,0,30,0,3,1,0,"4.5",6479,0
"18","R_10HuPszL4bIE6LN","dec 10_2",1,5,0,30,0,3,1,0,"4.5",11551,0
"19","R_10IvgCy9JZ1HuO9","dec 3_2",0,4,0,39,1,4,1,3,"3.8",10982,0
"20","R_10Jcpo11MUN4GjG","jan 6_1",1,6,0,66,0,1,1,0,"2.3",2494,0
"21","R_10oTnVvzpopUnpj","jan 6_1",0,3,0,24,0,3,1,1,"5",7529,1
"22","R_10qunMtdQFHz6cO","nov 20_3",0,4,0,36,0,5,1,3,"2.6",10590,0
"23","R_10rbun1QOs4ov7O","dec 11_1",0,4,0,33,0,2,1,0,"2.3",6672,0
"24","R_10YGtQzVs6upA90","dec 3_1",1,5,0,56,0,2,0,1,"4.5",10908,0
"25","R_10YGtQzVs6upA90","dec 3_2",0,4,0,56,1,2,0,1,"4.5",5836,0
"26","R_10Yqt32zh0pn1ei","dec 10_1",0,1,0,63,0,1,1,0,"2.7",6428,0
"27","R_10Yqt32zh0pn1ei","dec 10_2",1,7,0,63,0,1,1,0,"2.7",1356,0
"28","R_110GW2T6h9DRAiB","nov 21_1",0,4,0,31,0,2,1,2,"3.2",10626,0
"29","R_110GW2T6h9DRAiB","nov 21_3",0,4,0,31,0,2,1,2,"3.2",482,0
"30","R_11ZzGi20SLPy1Gy","nov 21_3",0,3,0,46,0,4,0,3,"2.7",10722,0
"31","R_123iGElyYZVB033","dec 11_1",0,3,0,23,1,1,1,0,"2.9",1566,0
"32","R_125p0lKA2ok7rhx","dec 10_1",0,1,0,40,0,4,0,1,"3.1",1410,0
"33","R_125p0lKA2ok7rhx","dec 10_2",0,4,0,40,0,4,0,1,"3.1",11554,0
"34","R_125WuHufGPZLiGh","nov 20_3",0,4,0,35,0,5,1,2,"4.3",461,0
"35","R_12bCz5fGzm1cwP3","dec 11_3",1,6,0,32,0,1,1,2,"4",6653,0
"36","R_12bhvpWF2cJfZCi","nov 20_1",0,2,0,48,0,3,1,1,"4.1",10577,0
"37","R_12bhvpWF2cJfZCi","nov 20_3",0,2,0,48,0,3,1,1,"4.1",433,0
"38","R_12bvRiWHll1zGJW","nov 21_1",1,6,0,49,1,1,1,2,"3.7",5678,0
"39","R_12DPr6HThhuRsFu","dec 4_1",1,6,0,75,1,4,0,2,"4",985,0
"40","R_12DPr6HThhuRsFu","dec 4_2",0,1,0,75,0,4,0,2,"4",11129,0
"41","R_12Fvp4PgcMWzCsp","nov 21_1",0,4,0,22,0,1,0,0,"4.5",10762,0
"42","R_12g7scb16suqJym","dec 10_1",0,4,0,35,NA,1,1,0,"3.6",6504,0
"43","R_12g7scb16suqJym","dec 10_2",0,2,0,35,NA,1,1,0,"3.6",11576,0
"44","R_12GtCGNXzl32HYC","nov 20_3",0,2,0,59,0,4,0,1,"4.5",5495,0
"45","R_12hvJGKKMxfZx1l","dec 11_1",0,4,0,34,1,4,1,2,"4.1",1568,0
"46","R_12hvJGKKMxfZx1l","dec 11_3",0,4,0,34,1,4,1,2,"4.1",6640,0
"47","R_12Kjnjz1mwS0OJB","dec 3_1",0,4,0,43,0,4,1,1,"3.5",861,0
"48","R_12m2Rs46JOLXZoc","dec 11_1",0,2,0,41,0,0,0,0,"3.9",1555,0
"49","R_12mrXshI94xkX02","jan 6_1",0,4,0,69,NA,1,1,1,"4.1",7543,0
"50","R_12o3sBZFRPzN7h9","nov 21_1",0,1,0,71,0,1,1,0,"3.7",500,0
"51","R_12Qo1JpUQtGft0T","dec 10_1",1,6,0,39,0,3,0,3,"3.7",11579,0
"52","R_12r91G1qYiTLPCV","dec 10_1",0,5,0,32,1,5,0,2,"2.1",1340,0
"53","R_12r91G1qYiTLPCV","dec 10_2",0,3,0,32,0,5,0,2,"2.1",6412,0
"54","R_1BQVCdhxZd33hUu","dec 10_2",1,4,0,33,0,1,1,1,"3.5",11516,0
"55","R_1BReylJxXHVlhNU","dec 11_1",0,5,0,21,0,1,1,0,"4.6",1591,0
"56","R_1BReylJxXHVlhNU","dec 11_3",1,7,0,21,0,1,1,0,"4.6",11735,0
"57","R_1C1Sph8apyNjufJ","dec 11_1",0,3,0,35,0,3,0,1,"4.6",1550,0
"58","R_1C1Sph8apyNjufJ","dec 11_3",1,5,0,35,0,3,0,1,"4.6",11694,0
"59","R_1C421Rvf5OBg7mw","dec 10_2",1,4,0,54,0,1,1,0,"4.7",1463,0
"60","R_1C7M55bv29nbX7W","dec 11_1",0,2,0,66,0,4,0,1,"3.7",6696,0
"61","R_1C7M55bv29nbX7W","dec 11_3",0,4,0,66,0,4,0,1,"3.7",11768,0
"62","R_1C8AyiRapxScpQ6","dec 4_1",0,1,0,57,0,2,0,0,"4",6025,0
"63","R_1C9eOn8p0E6dNxX","dec 3_1",0,4,0,78,0,3,0,2,"3",5990,0
"64","R_1C9eOn8p0E6dNxX","dec 3_2",0,2,0,78,0,3,0,2,"3",11062,0
"65","R_1CEjMO82igwbJy2","nov 20_3",0,5,0,57,0,1,1,0,"1.7",5404,0
"66","R_1CgaojrdAvn0ZIb","dec 4_1",0,2,0,68,0,1,0,1,"1.6",939,0
"67","R_1CgaojrdAvn0ZIb","dec 4_2",0,3,0,68,0,1,0,1,"1.6",11083,0
"68","R_1cS7vCtG96WCSme","dec 3_2",0,3,0,49,0,2,1,1,"4.5",11035,0
"69","R_1cUO5R34XBgzvu8","dec 11_1",0,4,0,59,1,3,0,1,"3.4",11753,0
"70","R_1cUO5R34XBgzvu8","dec 11_3",0,1,0,59,1,3,0,1,"3.4",1609,0
"71","R_1Cv8p9lUGpeuoku","nov 21_3",0,3,0,34,0,1,1,0,"3",10755,0
"72","R_1CwNSoYjGqc5w68","dec 3_1",0,7,0,66,0,2,0,0,"3.7",5901,0
"73","R_1d4RkBFybLjF1eI","dec 3_1",1,7,0,39,0,4,1,0,"4.8",11011,0
"74","R_1d4RkBFybLjF1eI","dec 3_2",0,5,0,39,1,4,1,0,"4.8",867,0
"75","R_1dA0opz4KMu27Vq","nov 21_1",0,3,0,59,0,4,1,3,"4.8",10665,1
"76","R_1dafg35WphZT608","jan 6_1",0,1,0,78,0,1,1,2,"1.3",2524,0
"77","R_1dcr2VEgsvXz6Cm","dec 11_1",0,1,0,52,0,5,0,3,"4.5",6684,0
"78","R_1dcr2VEgsvXz6Cm","dec 11_3",0,2,0,52,0,5,0,3,"4.5",1612,0
"79","R_1dE1o2ztkaFIGXa","nov 20_3",0,4,0,31,0,2,1,0,"2.6",453,0
"80","R_1dEQv7WbWMrPtxJ","dec 11_3",0,3,0,74,1,3,0,1,"3.6",1618,0
"81","R_1dFCPBqQJF8MChP","dec 3_1",0,4,0,75,0,3,0,1,"4.9",10940,0
"82","R_1dFQQV9BDa8s10j","dec 11_3",1,6,0,29,0,1,1,1,"2.8",6677,0
"83","R_1dHqZVVaJNs053O","dec 4_2",0,4,0,44,NA,1,0,1,"4.4",6051,0
"84","R_1dLK02LNdAoJkYA","nov 20_1",0,1,0,62,0,2,0,1,"4.7",10469,0
"85","R_1dsrBiyyGcpiUhI","nov 20_3",0,4,0,66,0,2,0,1,"2.9",10551,0
"86","R_1DTDe8CtGJpjOp5","dec 4_1",0,4,0,44,0,3,1,1,"4.4",6112,0
"87","R_1dvixSLhxUGUd04","dec 11_1",0,4,0,66,0,1,1,1,"4.1",11680,0
"88","R_1E1hy2W8NflKxYN","dec 3_2",0,4,0,80,0,3,0,3,"4.9",821,0
"89","R_1E5VzaAQmbm2vp7","dec 3_1",0,5,0,38,0,2,0,1,"3.9",798,0
"90","R_1E5VzaAQmbm2vp7","dec 3_2",0,2,0,38,0,2,0,1,"3.9",10942,0
"91","R_1E7rQK88KQlnxod","nov 20_1",0,1,0,64,0,3,0,3,"2.9",10479,0
"92","R_1E7rQK88KQlnxod","nov 20_3",0,1,0,64,0,3,0,3,"2.9",335,0
"93","R_1EcD52hycDGMdwZ","jan 6_1",0,3,0,46,0,4,0,3,"4.4",2438,0
"94","R_1eEHvLxOhkzl2Jd","dec 3_2",0,1,0,43,0,1,1,0,"3.9",5952,0
"95","R_1eFeRXsDCwONsLj","dec 10_1",0,4,0,26,0,1,1,0,"4",6420,0
"96","R_1EgpJacdOl259jk","dec 10_1",0,1,0,29,0,2,1,2,"4.9",1413,0
"97","R_1EgpJacdOl259jk","dec 10_2",0,1,0,29,0,2,1,2,"4.9",6485,0
"98","R_1Eh4AN44UJmvlZY","jan 6_1",0,5,0,35,0,4,0,0,"4.8",2473,0
"99","R_1EiJ2TsBQKH71JW","dec 3_1",0,2,0,49,0,1,1,0,"4.5",897,0
"100","R_1EiJ2TsBQKH71JW","dec 3_2",0,1,0,49,0,1,1,0,"4.5",5969,0
"101","R_1eVtTsY1fTIo5tA","dec 3_1",1,5,0,74,0,3,0,2,"3.9",5890,0
"102","R_1eWDy7b9adJGs1V","dec 11_3",0,4,0,34,0,3,0,1,"3.9",6624,0
"103","R_1F2soRKXkrj2P59","nov 21_1",0,4,0,38,0,4,1,3,"3",479,0
"104","R_1F2soRKXkrj2P59","nov 21_3",0,4,0,38,0,4,1,3,"3",5551,0
"105","R_1f8zd516CxLkZVj","dec 10_1",1,5,0,64,0,4,1,0,"3.6",11636,0
"106","R_1f8zd516CxLkZVj","dec 10_2",0,4,0,64,0,4,1,0,"3.6",6564,0
"107","R_1FCzwyuo4g86pVs","nov 21_3",0,4,0,46,1,2,1,1,"3.8",10742,1
"108","R_1FFCxRG87LUxqSJ","dec 4_1",0,1,0,22,0,3,1,1,"3.9",6130,0
"109","R_1FJ5ZvFUjdAFANE","dec 4_2",0,3,0,31,0,1,1,0,"3.7",11157,0
"110","R_1FqZARitwXZaMoY","dec 4_1",0,4,0,19,1,1,1,0,"3.9",1027,0
"111","R_1FqZARitwXZaMoY","dec 4_2",0,1,0,19,0,1,1,0,"3.9",11171,0
"112","R_1fZeuCozvSeIVoI","dec 10_1",1,7,0,30,0,3,0,1,"4.8",1379,1
"113","R_1fZeuCozvSeIVoI","dec 10_2",0,1,0,30,0,3,0,1,"4.8",6451,0
"114","R_1GHBu0r33sFDr9K","dec 4_1",0,4,0,69,0,2,0,2,"3.4",969,0
"115","R_1gHMmytdyFAgEvm","dec 3_1",0,1,0,61,0,3,0,2,"4.6",765,0
"116","R_1gHMmytdyFAgEvm","dec 3_2",0,4,0,61,0,3,0,2,"4.6",5837,1
"117","R_1GhzS9r313Yk8fv","dec 3_1",1,4,0,37,0,2,1,1,"3",11034,0
"118","R_1GhzS9r313Yk8fv","dec 3_2",0,4,0,37,0,2,1,1,"3",890,0
"119","R_1GIlUgykUG3IbpD","nov 21_1",0,4,0,34,0,3,1,2,"3.8",547,0
"120","R_1GJiy1d0SWPcXEb","dec 3_1",0,2,0,57,0,3,0,1,"5",5871,0
"121","R_1GJiy1d0SWPcXEb","dec 3_2",0,3,0,57,1,3,0,1,"5",799,0
"122","R_1gjPWtUXrp3e8Qm","dec 3_1",0,4,0,61,0,3,0,3,"4.8",5840,0
"123","R_1gLvs0iENUileCa","jan 6_1",1,4,0,35,0,1,0,0,"3.9",12625,0
"124","R_1GQYKTL9OUbrstj","nov 21_1",0,4,0,49,0,2,1,2,"3.3",5649,0
"125","R_1GQYKTL9OUbrstj","nov 21_3",0,4,0,49,0,2,1,2,"3.3",577,0
"126","R_1gSForhdi6R9m5P","nov 21_1",0,1,0,56,0,3,0,1,"3.7",10698,0
"127","R_1gSJAXesJ6NhmFu","nov 20_1",0,2,0,18,0,1,1,1,"4",450,0
"128","R_1GU2OGIcfEbHc5M","dec 10_1",0,2,0,64,0,1,0,0,"4.3",6457,0
"129","R_1GU2OGIcfEbHc5M","dec 10_2",1,5,0,64,0,1,0,0,"4.3",11529,0
"130","R_1GVpBSVmrneoQza","dec 10_1",0,6,0,61,0,1,1,0,"1.5",11519,0
"131","R_1GwReoGZzNGrluT","dec 4_2",1,6,0,41,0,1,1,2,"2.7",6076,0
"132","R_1GWzky2zM8qHYm6","nov 21_3",0,3,0,74,0,2,1,3,"4.4",5622,0
"133","R_1GZGOFmSF0qi0O0","dec 3_1",0,5,0,50,0,2,0,1,"4.6",923,0
"134","R_1H2krzyc107TtQC","nov 21_1",0,2,0,69,1,4,0,3,"4.5",537,0
"135","R_1H8Nmw9ZK7ghWix","jan 6_1",0,2,0,62,0,4,0,3,"3",12561,0
"136","R_1hDLaxhuOWqboNi","nov 21_1",0,4,0,35,0,4,0,1,"1.7",5627,0
"137","R_1hDLaxhuOWqboNi","nov 21_3",0,5,0,35,0,4,0,1,"1.7",555,0
"138","R_1He3B4XkgR6pr6x","dec 3_1",0,5,0,33,0,4,0,1,"4.9",10897,0
"139","R_1hFr4QOGSVk3jCT","jan 6_1",0,2,0,77,1,4,1,2,"3.6",12710,0
"140","R_1hG63WOdh52qQyG","dec 3_1",1,5,0,71,0,3,0,2,"3.2",10950,0
"141","R_1HhIEloG95bOZ8z","nov 21_3",1,5,0,68,1,3,0,2,"4.1",10657,0
"142","R_1HnrvtTm3qurDDF","nov 21_1",0,2,0,58,0,3,0,0,"3.4",506,0
"143","R_1HnrvtTm3qurDDF","nov 21_3",0,3,0,58,0,3,0,0,"3.4",10650,0
"144","R_1HoDGmxQvRIlwJ0","dec 3_1",0,4,0,63,0,2,0,1,"4.1",5897,0
"145","R_1HoDGmxQvRIlwJ0","dec 3_2",0,4,0,63,0,2,0,1,"4.1",825,0
"146","R_1HoRdTtBmABUG1b","dec 10_1",1,7,0,43,0,4,1,3,"5",11590,0
"147","R_1hzpFO4nQSKJG8F","dec 11_1",0,4,0,30,1,3,1,2,"3.1",11738,0
"148","R_1I6qBHKOiBlAHKW","dec 3_2",0,3,0,62,0,3,0,1,"3.7",10959,0
"149","R_1I77lMv2laANT4i","dec 10_1",0,2,0,70,0,1,1,1,"4.2",1479,0
"150","R_1I77lMv2laANT4i","dec 10_2",1,6,0,70,0,1,1,1,"4.2",6551,0
"151","R_1i9uGJnczsDFG1D","dec 4_2",0,2,0,38,0,1,1,1,"2.9",11154,0
"152","R_1IdbMaQZRlSkVGh","nov 20_3",1,7,0,42,0,1,0,0,"3.4",385,0
"153","R_1ie4yaz1vhSnkN3","dec 10_1",0,4,0,29,0,1,0,0,"2.6",11512,0
"154","R_1ie4yaz1vhSnkN3","dec 10_2",0,4,0,29,0,1,0,0,"2.6",1368,0
"155","R_1igO5elwPeY6rkB","dec 4_1",0,4,0,46,1,3,1,1,"4",6070,0
"156","R_1IhLExu89XiREEf","dec 3_1",0,4,0,73,0,2,0,1,"4.5",11065,0
"157","R_1IM0aK1BIXPH9JN","dec 11_1",0,3,0,39,0,3,0,2,"3.8",6626,0
"158","R_1IM0aK1BIXPH9JN","dec 11_3",0,4,0,39,0,3,0,2,"3.8",11698,0
"159","R_1InJsRBZFuhtjy7","dec 3_2",0,5,0,62,0,3,0,0,"3.4",5992,0
"160","R_1INrCyE2eqlJuuS","dec 11_3",0,5,0,58,0,1,1,0,"3.7",1524,0
"161","R_1Io5noYva4PeC0R","jan 6_1",1,6,0,55,0,1,1,1,"3.2",2529,0
"162","R_1IoqhoCfGnh74k0","nov 20_1",1,7,0,71,1,4,0,3,"2.7",10512,0
"163","R_1IQ1gJ0KVIqpSbF","dec 4_1",1,7,0,46,0,1,0,0,"3.8",967,0
"164","R_1IQ1gJ0KVIqpSbF","dec 4_2",1,7,0,46,1,1,0,0,"3.8",11111,0
"165","R_1is8xQ9ZfWrIEWK","nov 20_1",0,7,0,41,1,4,0,2,"4.3",353,1
"166","R_1IvcGC685eXHcNr","dec 10_1",0,1,0,48,0,4,1,3,"5",1436,0
"167","R_1IvcGC685eXHcNr","dec 10_2",0,4,0,48,0,4,1,3,"5",11580,0
"168","R_1IXjZ3wpGiVMuCX","nov 20_1",0,6,0,67,1,3,0,1,"4.9",354,0
"169","R_1IXjZ3wpGiVMuCX","nov 20_3",0,5,0,67,0,3,0,1,"4.9",5426,0
"170","R_1IYrNosYfdz2kv8","dec 4_1",1,5,0,48,0,1,1,0,"2.5",6120,0
"171","R_1IYrNosYfdz2kv8","dec 4_2",0,4,0,48,0,1,1,0,"2.5",1048,0
"172","R_1Izy6xFnY1VSOvR","dec 11_1",0,4,0,74,1,1,1,0,"4",6605,0
"173","R_1jAH1ZRuT8OpOrb","dec 3_2",0,3,0,34,1,1,1,2,"3.6",5944,0
"174","R_1jcEDAJXydpNjeP","dec 11_3",1,5,0,28,0,1,1,0,"3.1",11644,0
"175","R_1JDCn8SsmECluAl","dec 11_1",1,7,0,50,0,3,0,3,"4.1",6698,0
"176","R_1JDCn8SsmECluAl","dec 11_3",0,4,0,50,0,3,0,3,"4.1",11770,0
"177","R_1JK2S7osw9MZJLw","jan 6_1",0,4,0,39,0,5,0,1,"4.5",7507,0
"178","R_1jka6N3N9Efqm1U","dec 3_2",0,4,0,60,0,1,0,2,"4.4",10936,0
"179","R_1JKJwkKoMO88xSa","jan 6_1",1,7,0,36,0,5,0,1,"4.4",7493,1
"180","R_1jlkR2zEFVd4yT4","dec 4_1",1,4,0,56,1,0,0,0,"2.4",11130,0
"181","R_1jMV8uSnFn6BbkL","dec 3_1",1,7,0,35,0,2,1,2,"3.9",5961,0
"182","R_1JPCtDELwg7crn8","dec 11_1",0,4,0,33,NA,1,1,0,"2.9",11718,0
"183","R_1jqXnoG9hniCPAB","jan 6_1",1,7,0,31,0,4,0,3,"4.9",12659,0
"184","R_1jrjOHzytDrQsiV","nov 20_1",0,3,0,38,0,2,0,0,"4",5499,0
"185","R_1jTIhG3amxYLMD6","dec 11_1",0,1,0,25,0,3,1,2,"5",11739,0
"186","R_1juN3PssUsgwIlT","dec 4_1",1,6,0,72,1,3,0,1,"4.5",987,0
"187","R_1juN3PssUsgwIlT","dec 4_2",1,6,0,72,0,3,0,1,"4.5",11131,0
"188","R_1jwHlcsUxU73mJ2","dec 10_2",0,4,0,63,0,1,1,0,"2",6539,0
"189","R_1K39gqDnSbEXJp8","dec 10_1",0,1,0,53,0,4,1,0,"4.6",6561,0
"190","R_1K39gqDnSbEXJp8","dec 10_2",1,6,0,53,0,4,1,0,"4.6",11633,0
"191","R_1K6XRA4QGscpfbY","dec 10_2",0,4,0,49,0,3,1,3,"3.3",1408,0
"192","R_1K7ne2ZkHPlaCe0","nov 21_1",0,1,0,55,1,3,0,2,"2",5597,1
"193","R_1K7ne2ZkHPlaCe0","nov 21_3",0,5,0,55,1,3,0,2,"2",525,1
"194","R_1K9kkBKDLdxmdUc","dec 4_1",0,4,0,57,1,3,0,2,"4",6008,0
"195","R_1KeBbnAhx8iyCSO","dec 10_1",1,5,0,31,1,1,0,0,"4.1",1357,0
"196","R_1KebMZPW5LGd4CJ","nov 21_1",0,2,0,63,0,3,0,2,"3.7",5566,0
"197","R_1KebMZPW5LGd4CJ","nov 21_3",0,2,0,63,0,3,0,2,"3.7",10638,0
"198","R_1kHzrbXEzAEld2w","dec 10_1",0,6,0,28,0,1,1,0,"3.3",1419,0
"199","R_1kHzrbXEzAEld2w","dec 10_2",0,3,0,28,0,1,1,0,"3.3",6491,0
"200","R_1KlifHBMcILivMK","nov 21_1",0,4,0,30,0,4,1,1,"3.3",530,0
"201","R_1KlM3Cv0wfOgOM2","nov 21_3",1,5,0,51,1,3,1,2,"4.4",5631,0
"202","R_1kUIJ55xqJJV9W6","nov 20_1",1,6,0,24,1,3,1,1,"4.8",5514,0
"203","R_1kUIJ55xqJJV9W6","nov 20_3",0,6,0,24,0,3,1,1,"4.8",442,1
"204","R_1kXHqfuYpuv8CSc","nov 20_1",0,1,0,72,1,2,0,1,"1.5",10519,0
"205","R_1kYYEOx8pCE1bLZ","jan 6_1",0,4,0,25,NA,4,1,0,"2.7",7611,0
"206","R_1l4SG28196FaKmo","nov 20_1",0,4,0,21,1,1,1,1,"3.4",439,0
"207","R_1l4SG28196FaKmo","nov 20_3",0,3,0,21,0,1,1,1,"3.4",10583,0
"208","R_1l9O38XnP9tZtOL","dec 11_1",0,2,0,60,0,1,1,0,"2.1",1516,0
"209","R_1l9O38XnP9tZtOL","dec 11_3",0,4,0,60,0,1,1,0,"2.1",11660,0
"210","R_1LCBfhNKazrgkcC","nov 20_1",0,1,0,42,0,0,1,0,"4",5509,0
"211","R_1Ld60p5okFbRAGj","dec 4_1",0,1,0,37,0,4,1,3,"3.6",11133,0
"212","R_1LFIzc9DySHAST7","dec 3_1",0,4,0,63,0,1,0,1,"3.6",11051,0
"213","R_1lgwsbY2AfYGrxM","dec 11_1",0,3,0,78,0,1,1,1,"2.5",11664,0
"214","R_1lgwsbY2AfYGrxM","dec 11_3",0,4,0,78,0,1,1,1,"2.5",6592,1
"215","R_1llOmQhBbOZjOxI","nov 20_3",0,5,0,29,0,1,1,0,"4.2",343,0
"216","R_1LpbuMzHDQCJ1mi","nov 20_3",1,6,0,31,0,1,0,0,"4.2",10540,0
"217","R_1LShwxXzm04H511","dec 3_2",0,4,0,28,1,5,0,1,"4.1",10906,0
"218","R_1LvNZalx1oE7tCU","dec 10_1",0,5,0,35,1,5,1,0,"3.9",6513,1
"219","R_1LXAvcyc1i3viII","nov 21_3",0,4,0,20,0,1,1,0,"3",594,0
"220","R_1mDkOuETo4ueamW","jan 6_1",1,5,0,59,1,3,1,0,"4",7577,0
"221","R_1mDUpXFE7KsZMmK","dec 11_1",0,5,0,63,1,1,1,1,"2.6",1538,0
"222","R_1mepspXyODX4x1w","dec 3_2",0,4,0,33,0,3,1,2,"2.8",10984,0
"223","R_1ML47YxNrF7rZrK","nov 21_1",1,6,0,64,1,3,0,2,"4.3",10646,0
"224","R_1mOZeNBe3wf80EQ","nov 21_3",0,4,0,49,0,4,1,1,"4.4",575,0
"225","R_1MYyhPFV0Js0aA5","dec 3_1",0,2,0,70,0,2,0,1,"4",5885,0
"226","R_1N3cm1cyevTdyhT","dec 4_2",0,1,0,30,1,1,1,0,"4.8",11195,1
"227","R_1n8WP482YlxwVRt","jan 6_1",1,5,0,30,0,1,0,0,"3.4",7540,0
"228","R_1N9dYSarinQc5sl","dec 11_1",1,7,0,43,NA,1,1,0,"2.6",6580,0
"229","R_1Nac5JKBGx9jJ8O","dec 11_1",0,2,0,28,0,2,0,0,"4.7",1592,0
"230","R_1Nac5JKBGx9jJ8O","dec 11_3",1,6,0,28,0,2,0,0,"4.7",11736,0
"231","R_1NfvtKI0DQIvfNO","dec 11_3",0,1,0,27,0,2,1,0,"4.2",6670,1
"232","R_1Ng0gvH0bjYcsXs","dec 10_1",0,4,0,33,0,1,0,0,"2.5",6476,0
"233","R_1NgXx9wE23e1fP8","dec 3_2",0,4,0,53,0,1,0,0,"2.9",11053,0
"234","R_1nMVnNGCmUbvR1P","nov 21_3",1,4,0,37,0,4,1,2,"4.1",10716,0
"235","R_1NrWeg6Gw3VPAfL","dec 11_1",1,6,0,55,0,1,1,0,"4.2",1526,0
"236","R_1NrWeg6Gw3VPAfL","dec 11_3",1,6,0,55,0,1,1,0,"4.2",6598,0
"237","R_1nTM27BnCqp1BKy","dec 3_1",0,3,0,45,0,4,0,2,"3.6",906,0
"238","R_1nTM27BnCqp1BKy","dec 3_2",1,6,0,45,0,4,0,2,"3.6",11050,0
"239","R_1nTOQWZb29uKO0z","nov 20_3",1,5,0,44,0,1,1,0,"4.2",5532,0
"240","R_1nU8Z2DanaiN1hy","nov 20_1",0,4,0,72,0,3,1,2,"4.5",400,0
"241","R_1NzdwuQFuhDknGQ","dec 4_2",0,4,0,49,0,4,0,3,"3.5",11074,0
"242","R_1Nzvgz3K8MNkHFN","dec 3_1",0,6,0,27,0,5,1,2,"2.2",11007,0
"243","R_1Nzvgz3K8MNkHFN","dec 3_2",0,2,0,27,1,5,1,2,"2.2",863,0
"244","R_1o69VhVoIxe678r","nov 20_3",0,1,0,31,0,1,0,0,"4.5",10546,1
"245","R_1o7GfPxwD2vOXCG","dec 11_1",0,1,0,38,0,1,0,1,"4.3",11648,0
"246","R_1o7GfPxwD2vOXCG","dec 11_3",0,1,0,38,0,1,0,1,"4.3",1504,0
"247","R_1ODWVqw0wbL5xgJ","dec 11_1",0,2,0,37,0,4,0,2,"5",1642,0
"248","R_1ODWVqw0wbL5xgJ","dec 11_3",0,4,0,37,0,4,0,2,"5",6714,0
"249","R_1oFifqfSeJPxesi","dec 10_1",0,4,0,39,1,3,0,2,"3.8",11544,0
"250","R_1oFifqfSeJPxesi","dec 10_2",1,4,0,39,0,3,0,2,"3.8",6472,0
"251","R_1oGR0VnK8T7rBVp","nov 21_1",0,2,0,85,0,3,0,2,"3.2",10692,0
"252","R_1ONqsqcJCU83suD","dec 4_2",0,1,0,51,0,2,0,1,"3.7",11079,0
"253","R_1ONXxuuDKrzoOUS","nov 21_3",0,1,0,56,1,3,1,3,"4.5",5636,0
"254","R_1OOFzUavc98p2Qf","dec 4_2",1,6,0,42,1,2,1,0,"5",11165,0
"255","R_1OoRGTtrr8duTkB","nov 21_1",1,6,0,37,0,3,0,1,"4.8",10672,0
"256","R_1OOUaTi8ngsE89w","dec 3_2",0,3,0,55,0,3,0,2,"3.3",10945,0
"257","R_1OSPTDltv2tOuHh","dec 10_1",1,5,0,50,1,3,1,2,"3.8",6531,0
"258","R_1otiEmPswQrGgLs","nov 20_1",0,2,0,29,0,5,1,1,"4.8",10600,0
"259","R_1otiEmPswQrGgLs","nov 20_3",1,5,0,29,0,5,1,1,"4.8",456,0
"260","R_1otik7X3RJKSTrq","dec 11_3",1,7,0,24,0,3,1,1,"3.2",11716,0
"261","R_1OVMCbL7rlHxMQn","nov 20_1",0,2,0,74,0,5,0,3,"3.4",419,0
"262","R_1OVMCbL7rlHxMQn","nov 20_3",1,5,0,74,0,5,0,3,"3.4",5491,0
"263","R_1P0jlc95hv7VfCq","dec 4_2",1,6,0,49,0,4,0,3,"5",6021,0
"264","R_1P2fJRkzG0nxRfH","nov 20_1",0,2,0,30,0,3,1,2,"4.6",10478,0
"265","R_1P7rJW98rsO5pYn","dec 11_1",0,4,0,70,1,1,0,0,"1.8",6636,0
"266","R_1Pd6D6nXw60Ophd","dec 4_2",0,1,0,26,0,3,0,0,"5",11102,0
"267","R_1plpfoWGsAUNosn","nov 20_1",0,1,0,29,0,4,1,1,"3.6",5527,1
"268","R_1pQYaTaqOvpBXNe","dec 3_2",0,2,0,23,0,3,1,1,"4.6",844,0
"269","R_1PRVFI1yEqU9Qdj","dec 11_3",0,3,0,67,1,1,1,0,"3.3",11641,0
"270","R_1ps5xSACjv6nXWK","dec 11_3",0,4,0,61,0,1,1,0,"2.6",1510,0
"271","R_1pS6qYmcwRuu5PX","nov 20_1",0,3,0,41,0,1,1,0,"4.5",10524,0
"272","R_1pS6qYmcwRuu5PX","nov 20_3",1,5,0,41,0,1,1,0,"4.5",380,0
"273","R_1psAApbErIiNAYG","dec 10_1",1,5,0,23,0,1,0,1,"4",6431,0
"274","R_1PTNbmLVeEL5Mu4","dec 10_1",0,1,0,38,0,1,1,1,"4.8",11570,0
"275","R_1PTNbmLVeEL5Mu4","dec 10_2",0,1,0,38,0,1,1,1,"4.8",6498,0
"276","R_1pxjg2mRBgJrCIX","dec 10_1",0,1,0,32,0,1,1,0,"4",6458,0
"277","R_1pxjg2mRBgJrCIX","dec 10_2",0,5,0,32,0,1,1,0,"4",11530,0
"278","R_1pYjihQh4aEcwcc","jan 6_1",0,5,0,73,0,4,1,0,"3.5",2552,0
"279","R_1q4aAkLSyVKGDbK","dec 4_1",0,5,0,71,0,3,0,1,"3.1",11125,0
"280","R_1q4aAkLSyVKGDbK","dec 4_2",1,5,0,71,1,3,0,1,"3.1",6053,0
"281","R_1QEP2P8bO7Mfofd","dec 3_1",0,2,0,28,0,4,1,1,"3.3",10976,0
"282","R_1QEP2P8bO7Mfofd","dec 3_2",0,3,0,28,0,4,1,1,"3.3",832,0
"283","R_1QF6lAVhRdMRaFg","nov 20_1",0,4,0,28,0,2,1,1,"3.8",333,0
"284","R_1QKk5Q8KhVnIhQu","dec 3_1",0,4,0,48,0,4,0,1,"4.2",5977,0
"285","R_1QKk5Q8KhVnIhQu","dec 3_2",1,7,0,48,0,4,0,1,"4.2",905,0
"286","R_1QmSCjJ3JzoWGHh","nov 20_1",0,4,0,71,0,3,0,1,"2.2",10555,0
"287","R_1QrpfdqBqe6EJYr","dec 10_2",1,5,0,34,0,3,0,1,"5",6455,0
"288","R_1QtHYxVxuL1rRge","dec 4_2",0,1,0,65,0,4,0,1,"3",6027,0
"289","R_1QtPjzHEjzqMEpd","dec 3_1",0,4,0,65,0,3,0,3,"4.8",5880,0
"290","R_1QtPjzHEjzqMEpd","dec 3_2",0,2,0,65,1,3,0,3,"4.8",10952,0
"291","R_1qV8WSuI26eZSNf","nov 20_1",0,4,0,45,1,3,1,2,"3.6",5410,0
"292","R_1r18RHziO9uzMkN","dec 3_2",0,3,0,47,0,1,0,1,"2",5874,0
"293","R_1r3nKaId4UtJ9cK","dec 4_1",1,6,0,21,0,1,1,0,"4.2",11190,0
"294","R_1r3nKaId4UtJ9cK","dec 4_2",1,5,0,21,0,1,1,0,"4.2",1046,0
"295","R_1r3vjcsOxlKw09O","dec 11_1",0,1,0,73,1,1,1,0,"1.8",11665,0
"296","R_1r3vjcsOxlKw09O","dec 11_3",1,7,0,73,1,1,1,0,"1.8",1521,0
"297","R_1r8pGLlZ8TKHCvq","nov 21_1",0,2,0,37,0,3,1,1,"4",10710,0
"298","R_1reT1rvdoM2x3ZQ","nov 20_3",0,4,0,63,0,1,0,0,"3.9",358,1
"299","R_1rjOVOESTDxvhQ4","nov 21_3",0,2,0,33,0,3,1,1,"2.9",5657,0
"300","R_1rJvz54addLwmHi","dec 10_2",0,4,0,43,0,1,1,1,"3.6",6533,0
"301","R_1rODiH3ElDEgroQ","nov 21_1",0,4,0,42,1,2,0,0,"3.5",5674,0
"302","R_1rpLOgZ2EJtL7XB","dec 3_1",1,6,0,50,0,1,1,1,"1.9",5974,0
"303","R_1rpLOgZ2EJtL7XB","dec 3_2",0,4,0,50,0,1,1,1,"1.9",902,0
"304","R_1rrlAcU5MtocNOO","dec 10_2",1,6,0,55,0,4,1,0,"3.7",1495,0
"305","R_1rxHIEP32qGFxNQ","dec 3_2",0,1,0,71,1,5,0,3,"5",11061,0
"306","R_1rxjJh0XTHCVFFw","nov 20_1",1,6,0,49,0,1,1,0,"3.8",448,0
"307","R_1rxjJh0XTHCVFFw","nov 20_3",0,2,0,49,0,1,1,0,"3.8",10592,0
"308","R_1Y0UirhSJgvhExr","dec 11_3",1,7,0,65,1,1,0,0,"2",6604,0
"309","R_1zFU9lNtGsRO0JX","dec 3_2",0,4,0,64,0,2,0,3,"4.4",10947,0
"310","R_20StH4i18y8b0Gq","nov 20_1",1,7,0,30,0,3,1,1,"5",438,1
"311","R_20StH4i18y8b0Gq","nov 20_3",0,4,0,30,0,3,1,1,"5",5510,0
"312","R_21BbxGw7pNuLIJc","jan 6_1",0,4,0,42,1,1,0,2,"5",7588,0
"313","R_21FdTX85aijk48s","dec 10_2",0,5,0,36,0,3,1,2,"4.8",1451,0
"314","R_21jlviPOrOtHclC","dec 3_1",1,6,0,56,0,3,0,2,"2.8",773,0
"315","R_21jlviPOrOtHclC","dec 3_2",1,6,0,56,1,3,0,2,"2.8",5845,0
"316","R_21n7pKbseMCSzJ4","dec 4_2",0,1,0,58,0,3,0,3,"3.5",6033,0
"317","R_21zaZGAmwDKOD7i","dec 10_1",0,4,0,72,1,3,1,0,"4.4",6540,0
"318","R_21zaZGAmwDKOD7i","dec 10_2",0,5,0,72,0,3,1,0,"4.4",1468,0
"319","R_22KAno9qvlDVSRE","dec 3_1",0,3,0,46,0,3,1,3,"4.2",871,0
"320","R_22Lksno94mqn3Ft","dec 10_1",0,1,0,36,1,4,0,1,"3.7",6461,0
"321","R_22M4AMrNRu8IGnY","dec 11_3",0,1,0,63,0,1,1,2,"2.4",6594,0
"322","R_22P8MGV2TzcVt5Z","jan 6_1",0,2,0,28,0,4,1,1,"4.8",7620,0
"323","R_22s6THcLqHQRmVv","dec 10_2",1,5,0,18,0,1,1,0,"1.6",6417,0
"324","R_22SueXtl0COKbgy","nov 20_1",0,1,0,53,0,1,0,0,"5",10554,1
"325","R_22tpHt700zlFhAQ","nov 20_1",0,3,0,55,0,1,0,1,"3.9",10493,0
"326","R_22tpHt700zlFhAQ","nov 20_3",1,6,0,55,0,1,0,1,"3.9",5421,0
"327","R_22VX3w23x5jLKV6","nov 20_1",0,5,0,56,1,1,0,1,"3.8",5461,0
"328","R_234vvgu8N8nOc18","nov 20_3",0,3,0,43,0,1,1,2,"4.9",10621,0
"329","R_23dc2R3v0ugNlDA","dec 3_1",0,3,0,52,0,5,0,3,"5",5829,0
"330","R_23TzpIVR06XHgM9","nov 21_1",0,1,0,28,0,1,1,0,"5",10767,0
"331","R_23TzpIVR06XHgM9","nov 21_3",0,1,0,28,0,1,1,0,"5",623,0
"332","R_241TKM52QH5LetG","nov 21_1",1,5,0,51,1,3,0,1,"4.4",5552,0
"333","R_24CBi6SGdmFpR17","dec 10_2",0,3,0,58,0,2,1,0,"5",1409,0
"334","R_24jCc7ShfZLkXvY","jan 6_1",1,6,0,43,1,1,1,0,"3.5",2531,0
"335","R_24l7pqzhkQ8u0Ur","dec 10_1",0,4,0,39,0,3,1,3,"5",1382,0
"336","R_24OyElMr4owEAN9","dec 10_1",0,4,0,42,0,3,1,2,"4.2",6528,0
"337","R_24OyElMr4owEAN9","dec 10_2",0,3,0,42,0,3,1,2,"4.2",11600,0
"338","R_25BnnviW8vdkarI","jan 6_1",1,5,0,20,1,2,0,2,"3.1",2440,0
"339","R_25ROoriliwNbpOb","nov 21_1",1,6,0,35,0,2,0,1,"3.8",10760,0
"340","R_25ROoriliwNbpOb","nov 21_3",1,6,0,35,0,2,0,1,"3.8",616,0
"341","R_25sZ85JVkF2PVQ8","dec 11_1",0,4,0,32,1,3,1,2,"3.4",1583,0
"342","R_25TKgMtqAC54tfN","dec 3_2",0,3,0,68,0,3,0,0,"2.6",5987,0
"343","R_262BMyqkugz7r9F","dec 3_2",0,4,0,31,1,3,1,1,"3.8",5945,0
"344","R_262qopnWtZt3Ael","dec 3_1",0,5,0,72,0,4,0,1,"2.4",5895,0
"345","R_262qopnWtZt3Ael","dec 3_2",0,3,0,72,1,4,0,1,"2.4",10967,0
"346","R_26fhsh5D5V04dWg","nov 20_3",0,4,0,49,0,1,0,3,"3.6",5431,0
"347","R_26hfgFVmH7dGMvl","dec 4_1",0,4,0,35,0,3,1,1,"3",11164,0
"348","R_26kJyENhToWGrVD","nov 21_3",1,7,0,44,1,2,0,1,"2.7",5589,0
"349","R_26lKGY7IPWP5qQe","nov 20_1",0,2,0,68,0,5,0,1,"3.9",5437,0
"350","R_26lKGY7IPWP5qQe","nov 20_3",0,2,0,68,0,5,0,1,"3.9",10509,0
"351","R_27419Q7Ssdfquwf","dec 4_2",1,5,0,69,1,3,0,1,"5",6049,0
"352","R_274fg3EJv77BZ81","dec 11_3",1,7,0,39,0,3,0,1,"4.1",11785,0
"353","R_2771XBz4PGPX0JX","dec 4_2",0,3,0,33,0,2,1,0,"4.3",996,0
"354","R_2784AdPeaOGCnKY","dec 10_1",0,1,0,57,0,3,1,0,"3.1",1493,0
"355","R_2784AdPeaOGCnKY","dec 10_2",0,4,0,57,0,3,1,0,"3.1",11637,0
"356","R_279xo0SvAkFh6NZ","dec 11_1",0,4,0,22,0,3,1,0,"3.5",11737,0
"357","R_279xo0SvAkFh6NZ","dec 11_3",1,5,0,22,0,3,1,0,"3.5",6665,0
"358","R_27BUxkOMvpmaCEh","dec 10_2",0,4,0,27,0,3,0,1,"4.8",1374,1
"359","R_27cXVvW2pQI0cZE","nov 20_1",1,6,0,39,0,1,0,0,"3.6",5433,1
"360","R_27eAOgaxn3mcWaf","dec 3_1",0,4,0,82,0,3,0,3,"4",784,0
"361","R_27eAOgaxn3mcWaf","dec 3_2",0,2,0,82,0,3,0,3,"4",10928,0
"362","R_27NlFVu3CquvZ5D","nov 20_3",0,1,0,78,0,1,0,1,"3.2",5481,0
"363","R_27Qcl8t9Txt8g60","dec 4_2",1,6,0,40,0,2,1,1,"3.4",6116,0
"364","R_27qkDAhhStui42M","dec 4_1",0,5,0,33,0,1,1,0,"4.9",6096,0
"365","R_27qkDAhhStui42M","dec 4_2",1,5,0,33,0,1,1,0,"4.9",1024,0
"366","R_27sqiKugW7KiGNU","dec 10_1",0,4,0,55,1,2,0,0,"1.6",11521,0
"367","R_27sqiKugW7KiGNU","dec 10_2",0,4,0,55,0,2,0,0,"1.6",1377,0
"368","R_27vOeMkNbYHtfFu","dec 4_2",1,6,0,48,1,1,0,1,"3.9",952,0
"369","R_27yunL9RpbCzkvs","nov 21_1",0,4,0,65,0,2,0,1,"4.2",563,0
"370","R_27yunL9RpbCzkvs","nov 21_3",0,4,0,65,0,2,0,1,"4.2",5635,0
"371","R_28M5AQNW133UStd","nov 20_1",0,1,0,71,0,1,1,1,"5",10495,0
"372","R_28XOZfFjzdmTzvT","nov 20_1",0,5,0,77,1,4,1,3,"4.1",401,0
"373","R_28XOZfFjzdmTzvT","nov 20_3",0,4,0,77,0,4,1,3,"4.1",10545,0
"374","R_290WFjFJglxFaLy","dec 11_3",1,7,0,61,1,1,1,0,"2",6590,1
"375","R_291h3ytstrYo3Ez","nov 21_1",0,1,0,39,1,3,0,1,"4.6",487,0
"376","R_29bKUNJOwmoLUcH","dec 10_1",1,6,0,50,1,4,1,3,"4.2",11558,0
"377","R_29bKUNJOwmoLUcH","dec 10_2",0,4,0,50,0,4,1,3,"4.2",6486,0
"378","R_29t9OHz6BQTk0Rn","dec 10_2",0,4,0,32,0,1,0,1,"1",6418,0
"379","R_29vvGGIj3htiEeW","nov 20_1",1,6,0,24,1,3,1,1,"3.4",440,0
"380","R_2A0a7ywM0Q0P90L","dec 4_2",0,4,0,45,1,3,0,3,"2.8",6054,0
"381","R_2A1dPaoM8UBVzdX","dec 11_1",0,2,0,35,1,1,0,0,"3.1",1561,0
"382","R_2A1dPaoM8UBVzdX","dec 11_3",0,4,0,35,1,1,0,0,"3.1",11705,0
"383","R_2aE54HVfLIExWy8","dec 11_3",0,2,0,63,0,2,1,0,"3.2",1499,0
"384","R_2aFautLknP0BWA0","dec 4_1",0,4,0,38,0,3,0,2,"4.6",940,0
"385","R_2aFautLknP0BWA0","dec 4_2",1,6,0,38,1,3,0,2,"4.6",6012,0
"386","R_2AG1oY71yyIAHKj","nov 20_1",1,7,0,64,1,3,0,2,"3.5",10521,0
"387","R_2aIDECQ0kZnd5BQ","dec 10_1",0,4,0,47,0,2,0,0,"4.8",6443,0
"388","R_2aIDECQ0kZnd5BQ","dec 10_2",1,6,0,47,0,2,0,0,"4.8",1371,0
"389","R_2akL6YWBAjpyeJK","jan 6_1",1,6,0,43,0,4,0,3,"4.4",12562,0
"390","R_2alEOVBIZNZFmIU","dec 4_1",1,6,0,33,0,1,1,0,"2.7",1055,1
"391","R_2annQHLvPnEplig","dec 3_2",0,4,0,42,0,1,1,1,"4",5971,0
"392","R_2anybhmY8x1t43v","dec 11_1",1,4,0,45,1,1,0,0,"2.7",11690,0
"393","R_2anybhmY8x1t43v","dec 11_3",1,5,0,45,1,1,0,0,"2.7",6618,0
"394","R_2AQB8jWBGySCqoj","dec 11_3",0,1,0,68,1,1,1,1,"2.6",6587,0
"395","R_2aQzyg40idmXLpy","nov 21_1",0,1,0,36,0,3,1,0,"4.7",5646,0
"396","R_2aQzyg40idmXLpy","nov 21_3",0,1,0,36,0,3,1,0,"4.7",574,0
"397","R_2aXCDfbKcQ8l0oI","dec 3_1",0,6,0,54,0,4,0,3,"4.9",5860,0
"398","R_2B9RVdTxZFr6iTK","dec 3_2",0,2,0,82,0,4,0,1,"3",922,0
"399","R_2bIhuSsYubPbV2B","dec 3_2",1,4,0,36,NA,2,1,1,"3",892,0
"400","R_2bIrF9wuakfzq9M","dec 11_3",1,6,0,64,0,1,0,0,"3.2",6578,0
"401","R_2BkEW9VLsEjRSgN","dec 10_2",1,7,0,24,0,3,1,0,"4.2",6452,0
"402","R_2bKoHPKiNowagC0","nov 21_1",0,2,0,28,0,2,0,0,"4.1",5693,0
"403","R_2bNsZLvUVqUwDo0","jan 6_1",0,5,0,72,1,3,1,0,"3.6",7631,0
"404","R_2BwYrGVQvlvR6GI","dec 11_1",1,5,0,67,1,4,0,0,"3",6679,0
"405","R_2BwYrGVQvlvR6GI","dec 11_3",0,4,0,67,1,4,0,0,"3",11751,0
"406","R_2bZOuX8CC5dZvCC","nov 20_3",1,7,0,29,0,3,1,2,"4.8",394,1
"407","R_2c56UUNqqvrJjvX","nov 21_1",0,1,0,29,0,1,0,0,"4.5",10758,0
"408","R_2c6Peqe79CiYmbq","dec 4_1",0,5,0,62,1,3,0,0,"4.6",6055,0
"409","R_2c6Peqe79CiYmbq","dec 4_2",1,5,0,62,0,3,0,0,"4.6",983,0
"410","R_2cBBFpOpkaXiB2d","nov 20_1",1,5,0,44,0,4,0,3,"3.8",5478,0
"411","R_2cBBFpOpkaXiB2d","nov 20_3",1,6,0,44,0,4,0,3,"3.8",10550,0
"412","R_2ccDJSHcUz9aTf3","dec 3_1",0,2,0,35,0,1,1,1,"4.8",11048,0
"413","R_2ccDJSHcUz9aTf3","dec 3_2",1,6,0,35,0,1,1,1,"4.8",904,0
"414","R_2CCHVM464d4nBAj","jan 6_1",0,4,0,27,1,4,1,1,"3",7626,0
"415","R_2ccI4Q0bjXXdh20","dec 4_1",1,5,0,20,1,2,1,3,"4",6107,0
"416","R_2ccI4Q0bjXXdh20","dec 4_2",0,2,0,20,0,2,1,3,"4",11179,0
"417","R_2CE9Ae3Quq2Momi","nov 20_1",0,3,0,67,0,5,0,3,"5",422,0
"418","R_2CE9Ae3Quq2Momi","nov 20_3",1,6,0,67,0,5,0,3,"5",5494,1
"419","R_2CfwM3hDRir4Dhu","dec 10_2",0,5,0,51,NA,3,1,0,"4",6434,0
"420","R_2Cfywwm3jbQDdQw","jan 6_1",0,3,0,29,0,5,1,3,"4.5",12689,0
"421","R_2CHVOSlFtpdWn8S","nov 21_1",0,4,0,38,0,1,1,1,"3.8",5643,0
"422","R_2CHVOSlFtpdWn8S","nov 21_3",0,4,0,38,0,1,1,1,"3.8",10715,0
"423","R_2CI1iEOjp3rZmRH","jan 6_1",1,6,0,64,1,1,0,0,"2.2",7488,0
"424","R_2cinbqCWvntsWna","nov 21_1",0,4,0,67,1,4,0,2,"5",10684,0
"425","R_2cinbqCWvntsWna","nov 21_3",0,4,0,67,1,4,0,2,"5",540,0
"426","R_2coTxkRhkWMmNKO","jan 6_1",0,4,0,60,0,2,0,1,"3.5",7565,0
"427","R_2coWugMTawM2DUU","dec 10_1",0,1,0,59,0,1,1,0,"4.8",11508,0
"428","R_2coWugMTawM2DUU","dec 10_2",1,7,0,59,0,1,1,0,"4.8",1364,0
"429","R_2CQ8Kn0rmr0GD6J","dec 11_1",0,4,0,80,0,1,0,0,"4",1562,0
"430","R_2cqGvgbgFWo64fw","nov 20_1",0,4,0,39,1,3,1,2,"4.9",5515,0
"431","R_2CsmXwDydJLnQVM","dec 3_1",0,4,0,37,0,4,1,2,"3.7",5914,0
"432","R_2Cv9gkoxHGEGy9Y","dec 4_1",0,5,0,19,0,2,1,1,"3.3",11137,0
"433","R_2CVcwuaDDUr9xY3","nov 20_1",1,6,0,42,1,3,1,2,"4.6",10580,0
"434","R_2cvGgcV766oQJ5F","dec 10_1",0,4,0,35,0,1,0,1,"4.9",1443,0
"435","R_2cvGgcV766oQJ5F","dec 10_2",1,5,0,35,0,1,0,1,"4.9",6515,0
"436","R_2czRO5VblJfxhlY","dec 3_2",0,3,0,32,1,2,1,0,"4.2",11023,0
"437","R_2D2oE1PZUt3bCaR","nov 20_3",1,6,0,68,0,3,0,1,"3.5",386,0
"438","R_2dF5q2Uc9GPttXA","dec 4_2",0,4,0,18,1,1,1,1,"3.6",6097,0
"439","R_2dgaO7PvwciSMwW","dec 3_2",0,4,0,32,0,1,1,1,"3.2",5931,0
"440","R_2dKlDgNncivu9sE","nov 21_3",0,2,0,50,0,3,0,2,"3.6",5642,0
"441","R_2DOAo3yet0WmN0d","dec 10_1",0,3,0,36,1,3,1,0,"4.6",6489,0
"442","R_2DOAo3yet0WmN0d","dec 10_2",0,1,0,36,0,3,1,0,"4.6",11561,0
"443","R_2dpaP4COHl9R0Pj","dec 10_1",0,6,0,25,0,1,1,0,"1",1420,0
"444","R_2DSrO7JHc4gLNKC","dec 10_1",0,2,0,38,0,3,0,2,"3.2",1351,0
"445","R_2DSrO7JHc4gLNKC","dec 10_2",1,5,0,38,0,3,0,2,"3.2",11495,0
"446","R_2E11DdMS4HraJJ4","nov 20_3",0,5,0,20,0,1,1,1,"3.8",10615,0
"447","R_2EEnhZoRKWVRPxr","dec 3_1",1,5,0,40,0,4,1,2,"3.8",5913,0
"448","R_2EEnhZoRKWVRPxr","dec 3_2",0,4,0,40,1,4,1,2,"3.8",841,0
"449","R_2EfKFCB9RcalbBH","dec 10_2",0,3,0,33,0,3,0,1,"3.5",6430,0
"450","R_2EgjzPBFdRHMe7y","dec 11_1",0,4,0,63,0,4,0,2,"3.4",1611,0
"451","R_2EzypAdo2LfI5Rp","dec 11_1",0,5,0,43,0,3,0,3,"3.5",6710,0
"452","R_2EzypAdo2LfI5Rp","dec 11_3",0,4,0,43,0,3,0,3,"3.5",11782,0
"453","R_2f2kVOWS5MwGn8w","nov 20_1",1,7,0,73,1,2,0,0,"5",5455,0
"454","R_2f2kVOWS5MwGn8w","nov 20_3",0,1,0,73,0,2,0,0,"5",383,0
"455","R_2f88eioKD9lkdUv","dec 10_2",0,3,0,38,0,3,0,1,"4",6521,0
"456","R_2f9i5DJwLrMpGRB","dec 10_2",1,4,0,25,0,1,0,0,"4.8",11494,0
"457","R_2fBTcdgCYcsGl5s","dec 4_1",0,3,0,21,0,3,1,3,"4.7",11155,0
"458","R_2fByBtNovsXieRE","dec 4_1",1,5,0,20,0,1,1,0,"4",6122,1
"459","R_2fByBtNovsXieRE","dec 4_2",0,2,0,20,0,1,1,0,"4",11194,1
"460","R_2feABrnGe4G6pTS","dec 4_1",1,6,0,47,1,3,0,0,"4",933,0
"461","R_2feABrnGe4G6pTS","dec 4_2",0,3,0,47,0,3,0,0,"4",6005,0
"462","R_2ffEhg4Rq5Djmkt","dec 3_2",0,1,0,51,0,2,0,2,"5",5831,0
"463","R_2ffwkpXcVs9RjHU","dec 3_2",0,4,0,61,1,5,0,1,"4.1",758,0
"464","R_2fHjmw5Q7wLsHep","dec 4_1",0,5,0,68,1,4,0,1,"4",934,0
"465","R_2lc2prPdKvVhM65","nov 21_3",1,5,0,49,0,3,0,1,"4.5",10727,0
"466","R_2OJYwJZZ6uEmPVt","nov 21_3",0,3,0,24,0,1,1,0,"3.1",10766,0
"467","R_2ONiBqGVzfVs0Mw","dec 11_3",0,5,0,42,1,3,0,2,"4.1",1551,0
"468","R_2OVgeNP0LJsfKfT","nov 21_1",1,5,0,59,1,1,1,0,"3.2",5608,0
"469","R_2OVgeNP0LJsfKfT","nov 21_3",1,5,0,59,1,1,1,0,"3.2",536,0
"470","R_2P73QC0M1MdRxWh","dec 10_2",1,5,0,33,0,1,1,0,"4.4",1390,0
"471","R_2Pd0GvNiCCyEamU","dec 3_1",0,5,0,67,0,3,0,1,"5",10930,0
"472","R_2Pd0GvNiCCyEamU","dec 3_2",0,4,0,67,0,3,0,1,"5",5858,0
"473","R_2PiMvvTnINqZdBy","nov 21_1",0,5,0,42,1,2,1,1,"5",590,0
"474","R_2PiMvvTnINqZdBy","nov 21_3",0,4,0,42,1,2,1,1,"5",5662,0
"475","R_2PnDQxTBhARCTCl","nov 20_3",1,4,0,69,0,3,0,0,"3.6",10504,0
"476","R_2pR0oNYwzW0YxIN","jan 6_1",0,1,0,31,0,1,0,0,"4.4",7546,0
"477","R_2pR0qBiWwuD65SM","nov 21_1",0,2,0,39,0,1,1,1,"3.7",600,0
"478","R_2pRI9tkrk75xpmn","dec 11_1",0,4,0,72,1,1,1,1,"3.7",6573,0
"479","R_2pRI9tkrk75xpmn","dec 11_3",0,6,0,72,1,1,1,1,"3.7",1501,0
"480","R_2pXBNv9v6ELXWhB","dec 4_2",0,4,0,37,NA,1,1,1,"3.1",11153,0
"481","R_2q42dVoDaHFZriP","dec 11_1",0,4,0,34,0,5,1,2,"5",6648,0
"482","R_2qBFrv1aSKuDJWr","dec 11_3",0,1,0,33,0,4,1,2,"3.6",6662,0
"483","R_2qeEQQ4PHxyECkS","dec 11_1",0,4,0,46,NA,3,0,0,"3.1",1636,0
"484","R_2QGkQ7ZdOP8iVZX","nov 21_1",0,4,0,62,1,4,0,3,"4.4",5615,0
"485","R_2QMnoaUcqmBri5y","dec 11_3",0,5,0,54,0,4,0,2,"4.6",1623,0
"486","R_2Qo10d63nxCTdx7","nov 21_3",0,2,0,59,1,4,0,3,"5",10693,0
"487","R_2qqo37beE5q7Tc1","dec 10_1",1,6,0,62,1,1,0,0,"1.8",11594,1
"488","R_2QQZ1lEV6ugQinj","dec 11_3",0,4,0,50,1,3,0,2,"3.1",11784,0
"489","R_2QsX7RQqPbxzu1k","dec 3_1",0,4,0,41,0,3,1,3,"2.8",10981,0
"490","R_2QsX7RQqPbxzu1k","dec 3_2",0,3,0,41,0,3,1,3,"2.8",5909,0
"491","R_2QuMEs71dnasNVG","dec 10_1",0,4,0,62,1,1,1,0,"4.7",6438,0
"492","R_2QuMEs71dnasNVG","dec 10_2",1,5,0,62,0,1,1,0,"4.7",1366,0
"493","R_2qw6oCgFjOiOEYo","nov 20_1",0,4,0,41,1,2,1,0,"4.7",336,0
"494","R_2qw6oCgFjOiOEYo","nov 20_3",0,4,0,41,0,2,1,0,"4.7",5408,0
"495","R_2qwPBjiLC6VeChc","dec 10_1",0,3,0,29,0,1,0,1,"4.5",1337,0
"496","R_2qwPBjiLC6VeChc","dec 10_2",0,5,0,29,0,1,0,1,"4.5",11481,0
"497","R_2QybuMc3Cz3CWsZ","dec 4_1",0,4,0,33,NA,1,1,0,"1",1015,0
"498","R_2r5Z1uVAyNH08WB","dec 4_1",1,7,0,42,1,3,1,1,"4.4",6066,1
"499","R_2r5Z1uVAyNH08WB","dec 4_2",0,4,0,42,0,3,1,1,"4.4",994,0
"500","R_2riwF4GMvJKu6rd","dec 3_1",1,7,0,68,0,4,0,3,"3.8",5854,0
"501","R_2riwF4GMvJKu6rd","dec 3_2",0,6,0,68,1,4,0,3,"3.8",10926,0
"502","R_2rJfBWTBz4DDEUr","dec 4_2",0,3,0,37,0,3,1,2,"5",6091,0
"503","R_2rju2c1cHX0B6y1","nov 21_1",0,2,0,63,0,4,1,1,"4",538,0
"504","R_2rju2c1cHX0B6y1","nov 21_3",1,6,0,63,0,4,1,1,"4",5610,0
"505","R_2rkfGTSl7RSbYSA","dec 3_1",0,1,0,48,0,1,1,1,"1.4",895,0
"506","R_2rkjDxs7R5YayeO","nov 21_1",0,5,0,49,0,5,0,3,"5",10655,0
"507","R_2rkjDxs7R5YayeO","nov 21_3",0,4,0,49,0,5,0,3,"5",5583,0
"508","R_2rluCT7uH2EG6DX","dec 3_1",0,3,0,43,0,2,0,2,"5",755,0
"509","R_2rNFedvo8bZcRwr","dec 10_2",0,1,0,58,0,4,0,2,"4.6",11499,0
"510","R_2rOpHwAEAkVYTSj","dec 3_2",0,5,0,44,0,2,1,0,"4.1",11027,0
"511","R_2rVFpicbtSWrLtc","dec 11_1",0,6,0,55,0,3,0,3,"3.5",6694,0
"512","R_2rVFpicbtSWrLtc","dec 11_3",0,6,0,55,0,3,0,3,"3.5",11766,0
"513","R_2rVKUKgOm20b6uc","jan 6_1",1,3,0,27,0,1,1,1,"4.1",12670,0
"514","R_2RVWh9oHjWWn5E2","nov 21_3",0,2,0,33,0,2,1,1,"4.4",10769,0
"515","R_2rwIqYkdXe6zsle","nov 20_1",1,5,0,50,0,2,1,0,"4.1",474,0
"516","R_2S3uzT6IsyU5zUU","nov 20_1",1,6,0,73,1,1,0,0,"2.9",392,0
"517","R_2S3uzT6IsyU5zUU","nov 20_3",0,4,0,73,0,1,0,0,"2.9",10536,0
"518","R_2s6GpDMSWJuPzeP","dec 3_2",0,4,0,40,0,2,1,1,"4.3",878,0
"519","R_2SiQe8Hr481isTu","nov 20_1",0,3,0,43,0,3,0,2,"5",369,1
"520","R_2SjGrfXZiGqy3ye","nov 21_1",1,7,0,65,1,3,0,0,"4.8",10704,0
"521","R_2SjGrfXZiGqy3ye","nov 21_3",1,7,0,65,1,3,0,0,"4.8",5632,0
"522","R_2SjlK4yGrMFPals","dec 10_1",1,7,0,33,0,3,0,1,"5",11482,0
"523","R_2sQEFsLANwuQILk","nov 21_3",0,1,0,70,0,3,0,1,"3",492,0
"524","R_2t5o96S4BW3xVHn","dec 4_1",0,4,0,57,0,2,1,1,"4.3",971,0
"525","R_2t5o96S4BW3xVHn","dec 4_2",0,5,0,57,0,2,1,1,"4.3",6043,0
"526","R_2tb3CFydMsdXGQI","dec 10_2",0,1,0,55,0,1,0,1,"3.4",11609,0
"527","R_2teUgCn3SqSLVO6","dec 3_1",0,4,0,62,0,2,0,1,"3.9",5853,0
"528","R_2teUgCn3SqSLVO6","dec 3_2",0,4,0,62,1,2,0,1,"3.9",781,0
"529","R_2TH4TP0iIHebgBD","nov 21_1",0,3,0,71,0,3,0,2,"5",5611,0
"530","R_2TH4TP0iIHebgBD","nov 21_3",0,4,0,71,0,3,0,2,"5",539,0
"531","R_2thvbAKD0i7RuzE","dec 3_1",1,5,0,31,0,3,1,1,"3.9",11001,0
"532","R_2tKWaCOh1nMRFAz","nov 21_1",0,1,0,45,0,1,0,1,"4.3",5685,0
"533","R_2tKWaCOh1nMRFAz","nov 21_3",0,1,0,45,0,1,0,1,"4.3",10757,0
"534","R_2TLebXp9Tq4c68W","dec 3_2",0,7,0,46,0,0,1,0,"2.1",11038,0
"535","R_2TLuF0GHToCGt2I","nov 20_1",1,5,0,38,0,3,0,1,"3.7",430,0
"536","R_2TnK11dWa1trnci","nov 21_3",0,1,0,72,0,4,0,3,"3.7",503,0
"537","R_2TnPCLys9GcrJr4","dec 4_1",1,7,0,72,1,3,0,2,"4.8",964,0
"538","R_2TREWRbJkeH5f35","dec 11_1",1,6,0,42,1,4,0,0,"3.6",11691,0
"539","R_2TREWRbJkeH5f35","dec 11_3",1,6,0,42,1,4,0,0,"3.6",6619,0
"540","R_2trgF1NnFd8NtfS","dec 11_1",0,1,0,52,0,4,0,3,"4.5",1617,0
"541","R_2TYjsmZHe23bGU8","dec 11_3",0,4,0,39,0,5,0,3,"5",6701,1
"542","R_2Tz4aflyAjwOln3","nov 21_1",1,7,0,30,0,1,0,1,"5",10763,0
"543","R_2Tz4aflyAjwOln3","nov 21_3",1,7,0,30,0,1,0,1,"5",5691,0
"544","R_2UblfS2Z4bNMPPY","nov 21_1",0,4,0,65,0,3,1,0,"1.4",505,0
"545","R_2uCb48q2ucRvCHY","dec 11_3",1,6,0,44,1,3,0,2,"4.2",11704,0
"546","R_2UhMCtKX3GtZvOK","nov 21_1",0,3,0,57,1,1,1,1,"4",495,1
"547","R_2uIHelAZnBuksUt","jan 6_1",0,1,0,64,0,1,1,0,"3.6",7593,0
"548","R_2upR5QQ16uPnk21","nov 20_3",1,7,0,34,0,2,1,1,"4.5",5536,0
"549","R_2uPvvwIbDRamHOc","dec 3_1",0,4,0,55,0,4,0,2,"4.8",828,0
"550","R_2uR7Jh8nIA6otRU","dec 10_1",1,7,0,63,1,1,0,0,"4",11614,0
"551","R_2uwyBlsfjboWVmV","nov 21_3",0,2,0,58,0,3,1,0,"3.8",5629,0
"552","R_2v03VGZXfxoUz4x","dec 3_2",0,4,0,52,0,3,0,1,"4.6",928,0
"553","R_2v63HJ4VE5BB9nq","nov 20_3",1,5,0,22,0,3,0,0,"4",421,0
"554","R_2v6xGPuEKYg5QP3","jan 6_1",1,5,0,19,0,1,0,1,"2.9",2425,0
"555","R_2v9a6f4DPCEnLaS","dec 11_1",0,2,0,52,0,4,0,0,"5",11757,0
"556","R_2Vfh3RKQq1cgQat","dec 3_2",0,4,0,38,1,4,1,2,"4.8",10990,0
"557","R_2Vg9GMseEfoTWHX","dec 3_2",0,4,0,63,0,3,0,2,"4.5",11055,0
"558","R_2VHGHSNGGXC8FMX","dec 11_1",0,2,0,35,0,1,1,0,"4.2",11647,0
"559","R_2VJbLzM9G36NTYJ","dec 3_2",0,5,0,35,0,4,0,3,"4.3",5896,0
"560","R_2VQ6L0XeQSO29oo","nov 21_1",0,3,0,67,0,4,0,3,"3.9",562,0
"561","R_2Vr4hf2xLMB1gGK","dec 11_3",1,6,0,48,1,3,0,1,"4.5",6686,0
"562","R_2VrLEfWJEgbM4ZN","dec 10_1",0,4,0,48,1,1,0,2,"3.9",6477,0
"563","R_2VrLEfWJEgbM4ZN","dec 10_2",0,4,0,48,0,1,0,2,"3.9",1405,0
"564","R_2Vyaq06XcmE5jaV","dec 3_2",0,2,0,43,0,4,0,2,"3.3",10914,0
"565","R_2w1fgTNYLDZV4UC","dec 3_1",0,4,0,62,0,3,0,2,"4.3",5828,0
"566","R_2w1fgTNYLDZV4UC","dec 3_2",0,2,0,62,0,3,0,2,"4.3",10900,0
"567","R_2w6UwusqXydG5J7","dec 11_1",0,4,0,35,0,1,0,3,"4.2",6599,0
"568","R_2w6UwusqXydG5J7","dec 11_3",0,5,0,35,0,1,0,3,"4.2",1527,0
"569","R_2WCnZ4Ln9AeOLGS","dec 11_1",0,4,0,35,1,1,0,0,"3.9",6621,0
"570","R_2WCnZ4Ln9AeOLGS","dec 11_3",1,5,0,35,1,1,0,0,"3.9",11693,0
"571","R_2WImCBhgz3CN4cY","dec 4_1",0,4,0,67,0,2,1,2,"3.6",11139,0
"572","R_2wNwN8ZFNwM1RTY","dec 11_3",1,6,0,32,1,1,1,0,"3.6",11731,0
"573","R_2woazGMBvg3G72f","dec 11_3",0,3,0,34,0,1,1,2,"4.7",6650,0
"574","R_2WOwvCmFYaLvO5S","dec 10_1",0,4,0,67,0,3,0,0,"2.6",1478,0
"575","R_2WOwvCmFYaLvO5S","dec 10_2",0,3,0,67,0,3,0,0,"2.6",6550,0
"576","R_2wRBUtCG27a5cfv","dec 11_3",1,6,0,20,1,2,1,1,"3.4",6676,0
"577","R_2wsHHBGMG8FSJu0","jan 6_1",0,3,0,39,0,3,0,2,"5",7572,0
"578","R_2xXkMLpXoIVpR1v","dec 4_1",0,5,0,53,0,2,0,0,"3.1",11101,0
"579","R_2xYknSEo9gWCqlK","dec 10_1",0,2,0,46,1,4,0,3,"4.3",6464,0
"580","R_2xYknSEo9gWCqlK","dec 10_2",0,4,0,46,0,4,0,3,"4.3",1392,0
"581","R_2y2DeyvxktKFeVw","dec 3_1",1,7,0,30,0,2,1,3,"5",5841,1
"582","R_2y2DeyvxktKFeVw","dec 3_2",0,1,0,30,0,2,1,3,"5",10913,1
"583","R_2Y5uX1xA4rPoh4o","nov 20_1",0,5,0,20,0,1,1,2,"3",10467,0
"584","R_2y78ZHtfJ3v3SIo","dec 3_1",0,4,0,62,0,3,0,3,"3.1",809,0
"585","R_2ya0OwGoYr4cl0c","dec 4_2",0,6,0,25,1,1,1,0,"3.2",1056,0
"586","R_2YFFbzxoEH852WD","dec 3_1",0,3,0,28,0,2,1,1,"3.3",5925,0
"587","R_2ygwIpE9lHyL1Ur","dec 11_3",0,6,0,40,1,3,0,1,"3",6651,0
"588","R_2YJ1nZO7TEtT8ng","dec 3_2",0,2,0,68,1,3,1,3,"3.1",10918,0
"589","R_2yl3MC6VuXC3fzg","dec 4_1",0,4,0,40,0,1,1,2,"4.3",6108,0
"590","R_2YlC8eb9ciJs01n","dec 11_1",1,6,0,29,0,4,1,2,"3.6",11713,0
"591","R_2YnYDlFi5z0VBYZ","jan 6_1",0,4,0,31,1,3,1,0,"3.6",12701,0
"592","R_2ysisYXx1oSJYpy","nov 21_3",0,4,0,55,0,2,0,0,"3.1",499,0
"593","R_2z6DMlWHZbQAJgT","nov 20_3",0,2,0,77,0,4,0,3,"3.6",344,0
"594","R_2zbQJzV5Fi3hTJM","dec 11_1",0,2,0,23,0,3,1,3,"4.6",1584,0
"595","R_2zC20MCWaRK7D1H","nov 21_3",0,2,0,67,0,4,1,1,"3.9",533,0
"596","R_2zC4bqQeIDFeQey","nov 21_1",1,6,0,68,1,3,1,1,"1.9",5587,0
"597","R_2zC4bqQeIDFeQey","nov 21_3",1,5,0,68,1,3,1,1,"1.9",10659,0
"598","R_2zC5dLnLvMtQC3L","dec 10_2",0,3,0,60,0,5,0,2,"3.7",1416,0
"599","R_2ZCxqsDW4Xj5PiV","dec 10_1",0,4,0,45,1,1,1,1,"3.9",1453,0
"600","R_2zdtQsFfztA4DwL","dec 10_2",1,4,0,28,0,3,0,0,"3.3",1363,0
"601","R_2ZHRoIOhxi45YVL","nov 20_1",1,5,0,35,0,1,0,1,"4.2",340,0
"602","R_2ZIEwaY9aYIA0j5","nov 20_1",0,4,0,23,1,3,1,1,"3.7",449,0
"603","R_2ZIEwaY9aYIA0j5","nov 20_3",1,5,0,23,0,3,1,1,"3.7",5521,0
"604","R_2ziNDBBeRzS60mh","dec 3_1",0,4,0,74,0,2,0,1,"4",826,0
"605","R_2ziNDBBeRzS60mh","dec 3_2",0,5,0,74,0,2,0,1,"4",10970,0
"606","R_2ZIZ29s2JLDRtkp","dec 3_1",1,5,0,43,0,2,0,2,"4.8",5882,0
"607","R_2ZIZ29s2JLDRtkp","dec 3_2",0,4,0,43,0,2,0,2,"4.8",10954,0
"608","R_2zl0RwhbI4FZpUi","nov 21_1",0,4,0,43,1,2,0,2,"4.7",520,0
"609","R_2zO4vmIpQL9xDT4","dec 11_1",0,4,0,66,1,1,1,0,"3.8",6579,0
"610","R_2zO4vmIpQL9xDT4","dec 11_3",0,3,0,66,1,1,1,0,"3.8",1507,0
"611","R_2zU76u4uzGGNRIv","nov 20_1",1,6,0,37,1,1,1,1,"3.6",10606,0
"612","R_307Yi3K91zebOOJ","dec 10_2",1,7,0,56,0,4,1,3,"4.7",11635,0
"613","R_309246CFXQujt0q","nov 20_1",0,1,0,77,0,5,0,3,"3.3",10525,0
"614","R_30bLpfR2gY3mxR2","dec 3_1",1,7,0,27,0,3,0,2,"4.2",10935,0
"615","R_30cM2JMau2UZ0Im","nov 21_1",0,4,0,29,0,3,0,2,"2.8",10629,0
"616","R_30ibmnhxdubNCrq","nov 21_1",0,1,0,39,1,3,0,1,"4.7",5580,0
"617","R_30ibmnhxdubNCrq","nov 21_3",0,2,0,39,1,3,0,1,"4.7",508,0
"618","R_30jXjo90GELHup8","dec 11_1",0,6,0,46,0,1,1,0,"1.6",6597,0
"619","R_30jXjo90GELHup8","dec 11_3",0,6,0,46,0,1,1,0,"1.6",11669,0
"620","R_30o4covFq0RBw4U","dec 4_1",0,4,0,18,0,1,1,0,"3.3",11146,0
"621","R_30o4covFq0RBw4U","dec 4_2",0,3,0,18,1,1,1,0,"3.3",6074,0
"622","R_30vsuthsahEH3Qn","nov 21_1",0,6,0,34,1,1,0,1,"3.2",10753,0
"623","R_30vsuthsahEH3Qn","nov 21_3",0,4,0,34,1,1,0,1,"3.2",5681,0
"624","R_31a9CFNgiRSrjSF","nov 20_1",0,4,0,74,0,4,0,1,"4",5428,0
"625","R_31hhOlqYRrPIlYH","nov 21_1",0,1,0,58,NA,4,1,0,"4",10645,0
"626","R_31HiAkhzYgbt2KG","nov 21_1",0,3,0,81,1,1,0,0,"3.4",5588,0
"627","R_31HiAkhzYgbt2KG","nov 21_3",0,3,0,81,1,1,0,0,"3.4",10660,0
"628","R_31jjqYssP2T6hss","dec 11_1",0,4,0,55,1,1,1,1,"3.3",1559,0
"629","R_31mHiwlDp15sVBf","nov 21_1",0,1,0,66,0,3,1,1,"4.8",507,0
"630","R_31oblXczFLlmsko","dec 3_1",0,2,0,34,0,3,1,0,"3.9",847,0
"631","R_31oblXczFLlmsko","dec 3_2",0,3,0,34,0,3,1,0,"3.9",10991,0
"632","R_31WZ4omCTDJWj0M","nov 20_3",1,5,0,30,0,3,0,0,"4.7",5450,0
"633","R_31zoNQY1KifKzZs","dec 10_1",0,3,0,66,0,1,1,0,"4.3",11565,0
"634","R_31zoNQY1KifKzZs","dec 10_2",0,2,0,66,0,1,1,0,"4.3",6493,0
"635","R_323bOPYxXp9UBuF","nov 20_3",1,6,0,46,0,3,0,1,"3.3",10492,0
"636","R_325Fvi6iwyT91i3","nov 20_1",0,5,0,27,0,0,0,2,"3.3",10517,0
"637","R_32IO5mEsHQiTJ8N","dec 11_1",0,1,0,48,0,4,0,3,"4.5",1556,0
"638","R_32IO5mEsHQiTJ8N","dec 11_3",0,2,0,48,0,4,0,3,"4.5",6628,0
"639","R_32KEsetk58fC2n8","jan 6_1",0,1,0,59,1,0,0,0,"2.5",12557,0
"640","R_32L5bhtR08gLBfT","dec 3_1",0,3,0,63,0,3,0,2,"3.7",11060,0
"641","R_32L5bhtR08gLBfT","dec 3_2",0,3,0,63,0,3,0,2,"3.7",916,0
"642","R_32QPWXqOEVfCa9A","dec 10_1",0,5,0,53,1,3,0,1,"3.1",1397,0
"643","R_332TyuW0qgEKBRM","nov 21_3",1,7,0,21,0,2,0,1,"4.4",10764,1
"644","R_339d6KUarfVyjpu","dec 11_3",0,2,0,55,1,3,0,3,"2.5",6693,0
"645","R_33CgjFGzBqVrtAp","dec 3_2",1,7,0,30,1,1,1,0,"4",11019,0
"646","R_33CpfaFt2tx6YKx","nov 20_3",1,5,0,68,0,2,0,0,"3.7",357,0
"647","R_33vZzSJpeaB5YgE","nov 20_1",1,5,0,24,0,3,1,0,"3.3",10602,0
"648","R_33wN356aFSOHBDz","jan 6_1",0,4,0,69,1,4,1,0,"3.4",2546,0
"649","R_3CDvVNoM3s5dHh7","dec 11_1",0,4,0,77,1,1,1,2,"3.4",1528,0
"650","R_3CH0BLxq9TByh3x","dec 3_1",0,5,0,34,0,3,1,3,"3.4",5859,0
"651","R_3CI5KWZoFF0nlOR","jan 6_1",0,3,0,44,0,4,0,1,"2.4",7555,0
"652","R_3CJWnlDZ3srb8jv","dec 4_2",0,7,0,20,1,1,1,0,"4.5",11196,0
"653","R_3CT0sIIub4NhPqx","nov 21_1",0,3,0,28,0,4,1,0,"3.8",10696,1
"654","R_3D13io370OGW1DV","dec 10_2",0,4,0,61,0,1,1,0,"1.5",6474,0
"655","R_3D6gI3S4NiuVvOf","dec 10_2",0,5,0,58,0,1,1,2,"5",11525,0
"656","R_3D6MMIFxpjvoskW","dec 3_1",0,4,0,31,0,1,1,1,"3.6",835,0
"657","R_3D7qFoAvH03KVLL","nov 20_3",0,4,0,36,0,1,1,1,"3",10603,0
"658","R_3DcP9l2Tiiz8nTU","nov 21_1",0,1,0,57,1,4,0,2,"5",509,0
"659","R_3DcP9l2Tiiz8nTU","nov 21_3",0,2,0,57,1,4,0,2,"5",10653,0
"660","R_3dE13VvP6nnaIeN","dec 11_1",1,5,0,19,1,1,1,2,"3.9",6589,0
"661","R_3DhWMVlssQgoh6S","nov 20_1",0,4,0,31,0,3,1,0,"2.1",452,0
"662","R_3DhWMVlssQgoh6S","nov 20_3",0,4,0,31,0,3,1,0,"2.1",5524,0
"663","R_3DiMnXD3d92jAwS","nov 20_1",0,2,0,25,0,3,1,0,"3.8",5507,1
"664","R_3DiMnXD3d92jAwS","nov 20_3",1,6,0,25,0,3,1,0,"3.8",435,0
"665","R_3DoKKIpSeRnRSAb","dec 11_1",0,4,0,42,0,1,0,0,"4.1",11683,1
"666","R_3DoKKIpSeRnRSAb","dec 11_3",0,4,0,42,0,1,0,0,"4.1",6611,0
"667","R_3dPKk5y0BXSxxTJ","dec 10_1",0,4,0,42,1,2,0,0,"1.4",6524,0
"668","R_3dQSXsbmPz5PHkQ","nov 20_3",1,7,0,55,0,3,1,1,"5",10483,0
"669","R_3dSKo4rWWsxKqBk","dec 4_2",0,1,0,40,0,2,0,3,"3.6",6022,0
"670","R_3Dw456hfQgIqUxq","jan 6_1",0,2,0,27,0,3,1,2,"4",2541,0
"671","R_3dXNoemMF5OE9Mo","nov 21_1",0,1,0,45,0,3,0,3,"5",483,0
"672","R_3dXNoemMF5OE9Mo","nov 21_3",0,1,0,45,0,3,0,3,"5",10627,0
"673","R_3DXxaRTAisktXl7","nov 21_3",0,3,0,57,0,3,1,1,"4.6",493,0
"674","R_3EhCmlJKZKK76Fl","nov 21_1",1,5,0,26,0,1,1,0,"3",5590,0
"675","R_3EHeaufpYlVdh9j","dec 10_1",0,4,0,57,1,1,0,0,"2.9",6538,0
"676","R_3EHeaufpYlVdh9j","dec 10_2",1,4,0,57,0,1,0,0,"2.9",1466,0
"677","R_3EhYHAfnbBo1MjA","dec 10_2",0,1,0,54,0,2,0,0,"5",11575,0
"678","R_3elvvqiXDfjEMbu","dec 10_1",1,7,0,58,1,1,1,0,"2.3",6543,0
"679","R_3elvvqiXDfjEMbu","dec 10_2",0,3,0,58,0,1,1,0,"2.3",1471,0
"680","R_3EnAAJ6jU8jL0Zk","dec 10_1",0,4,0,34,1,2,0,1,"3",6419,0
"681","R_3EnAAJ6jU8jL0Zk","dec 10_2",1,5,0,34,0,2,0,1,"3",11491,0
"682","R_3Eo43IxV4x8GEia","dec 11_1",0,4,0,40,1,4,0,3,"4.2",1634,0
"683","R_3esloR3fKsxWmUf","nov 20_1",1,7,0,24,0,4,0,2,"4.9",10532,1
"684","R_3etpECZ3lCODoWg","dec 10_1",0,4,0,40,NA,1,0,0,"3.5",1373,0
"685","R_3ewb0chZS9KCOK1","dec 10_2",1,4,0,24,0,1,0,0,"2.9",11568,0
"686","R_3EXtJqR9SKeiMOG","dec 3_1",1,5,0,45,0,5,0,3,"3.9",10955,0
"687","R_3EXtJqR9SKeiMOG","dec 3_2",0,5,0,45,1,5,0,3,"3.9",5883,0
"688","R_3eyN0UwxjISHXWE","dec 11_3",1,5,0,19,0,1,1,0,"4.2",6574,0
"689","R_3F3sYsaRryxHLap","dec 11_1",0,1,0,40,0,3,0,2,"4.7",6715,0
"690","R_3F3zGFrQ30HXfpv","dec 11_1",1,5,0,45,1,1,1,0,"4",11686,0
"691","R_3fd68PDtfVI2gCw","dec 3_1",0,4,0,34,0,1,0,2,"3.5",761,0
"692","R_3FJ3mOnfTB6kTMJ","dec 3_1",0,4,0,69,0,1,0,3,"4.6",5851,0
"693","R_3FKTjO9axgn6xJj","jan 6_1",0,4,0,50,1,1,1,1,"4.7",2452,0
"694","R_3FR1YqkCEJYEtTp","dec 4_2",1,6,0,68,0,2,0,0,"3.3",973,0
"695","R_3FVWki72JiRwCEL","nov 20_1",1,4,0,21,0,3,1,1,"4",416,0
"696","R_3FXO05O9RCjl9Ks","jan 6_1",0,1,0,27,0,1,1,2,"3.3",7530,1
"697","R_3g1uDCrS8H65rti","nov 20_1",0,4,0,68,1,2,0,1,"3.3",399,0
"698","R_3g1uDCrS8H65rti","nov 20_3",0,4,0,68,0,2,0,1,"3.3",5471,0
"699","R_3G7YuGulcZ2aj1h","dec 3_1",1,5,0,28,0,3,1,0,"4.4",5924,0
"700","R_3G8rEOCV6FuYT7U","nov 21_1",0,4,0,64,1,1,0,0,"2.2",5613,0
"701","R_3GdmoOUk4xXYj0K","dec 3_2",0,5,0,69,1,3,0,1,"3.9",5999,0
"702","R_3Ge8AvH744lfD8O","nov 20_3",0,1,0,42,0,2,0,0,"5",5465,1
"703","R_3gMy0KNocMC0fLA","dec 4_1",0,4,0,50,0,2,1,0,"3.7",991,0
"704","R_3Gp8G3S7qtA0eAL","dec 10_2",0,5,0,44,0,3,1,1,"3.7",11582,0
"705","R_3h3Vg4F5RilBfAQ","dec 4_1",0,4,0,41,0,4,1,3,"3.5",11175,0
"706","R_3hDs4q97iuH86tq","dec 10_2",0,3,0,38,0,4,0,1,"4.8",1434,0
"707","R_3hDsaqA8CZhCVNR","dec 10_1",1,5,0,34,1,1,0,0,"2.4",6460,0
"708","R_3hDsaqA8CZhCVNR","dec 10_2",1,5,0,34,0,1,0,0,"2.4",11532,0
"709","R_3hFQDgTfPAhzCCX","dec 11_1",0,2,0,65,0,4,0,3,"3.8",1615,0
"710","R_3hFQDgTfPAhzCCX","dec 11_3",0,2,0,65,0,4,0,3,"3.8",6687,0
"711","R_3hGDGgGU4dyvo7N","jan 6_1",1,5,0,21,0,0,1,0,"3.4",7533,0
"712","R_3HhJ6mX523dQLp0","jan 6_1",1,5,0,58,0,3,0,2,"3.3",2511,0
"713","R_3HIDnsufgpwlCWB","jan 6_1",1,7,0,60,0,1,1,0,"3.7",7557,0
"714","R_3hiq9EBRL8iu0Ga","nov 21_1",1,7,0,30,0,1,1,0,"4.2",489,0
"715","R_3HKbCjWbcILNhrH","nov 21_1",0,2,0,57,1,3,0,1,"3.9",486,0
"716","R_3hlTp78u6EeIOjH","dec 3_2",0,4,0,31,0,3,1,1,"3.5",866,0
"717","R_3hm7O47iEdSewyL","dec 3_1",1,6,0,43,NA,1,0,2,"4.4",11070,0
"718","R_3hn0mZkgi8TYub9","nov 20_1",0,4,0,69,1,3,0,1,"2.3",415,0
"719","R_3Hn4VXhd213iRMl","dec 4_1",0,4,0,61,NA,2,1,2,"4.2",997,0
"720","R_3HNxQfogPgoJXje","nov 21_1",1,6,0,31,0,1,1,1,"3.3",599,0
"721","R_3HoFIMHfaCzEF58","dec 3_1",1,6,0,34,0,3,1,1,"4",5908,0
"722","R_3HqaMcmqLUpbbj9","dec 10_1",0,5,0,59,1,1,1,0,"2.3",1464,0
"723","R_3HqaMcmqLUpbbj9","dec 10_2",0,4,0,59,0,1,1,0,"2.3",6536,0
"724","R_3huNIeb8xHcP3iC","dec 3_2",0,4,0,35,0,2,1,0,"3.5",5965,0
"725","R_3I03CmDeMUvReHU","nov 20_1",1,7,0,28,1,3,0,1,"5",5463,1
"726","R_3I03CmDeMUvReHU","nov 20_3",1,7,0,28,0,3,0,1,"5",10535,0
"727","R_3I69eADrfPMVPfV","dec 4_2",1,4,0,29,1,2,1,1,"4.4",1000,0
"728","R_3I9tUy2z9kbatKf","jan 6_1",0,4,0,56,NA,1,1,0,"1.6",7608,0
"729","R_3iCheI9rCbZuUtU","nov 20_1",0,1,0,40,0,1,0,0,"2.3",10491,0
"730","R_3iCheI9rCbZuUtU","nov 20_3",0,5,0,40,0,1,0,0,"2.3",5419,0
"731","R_3iLwGvbVKTU9wiE","dec 10_1",0,3,0,61,0,4,1,2,"3.7",11620,0
"732","R_3iLwGvbVKTU9wiE","dec 10_2",1,7,0,61,0,4,1,2,"3.7",1476,0
"733","R_3iwCLWpDx0lMWQP","nov 21_1",0,4,0,39,NA,2,1,3,"3.8",595,0
"734","R_3iwCLWpDx0lMWQP","nov 21_3",0,4,0,39,NA,2,1,3,"3.8",10739,0
"735","R_3IXl2OvkwA4lsro","nov 20_3",1,6,0,67,0,4,1,1,"3.7",10562,0
"736","R_3IZb0ZbXjbNvcnu","dec 10_1",0,4,0,64,0,3,1,2,"3.1",11634,0
"737","R_3IZb0ZbXjbNvcnu","dec 10_2",0,4,0,64,0,3,1,2,"3.1",1490,0
"738","R_3J2vyU0wdD54DOk","dec 3_1",0,4,0,20,0,2,1,0,"4.4",11028,0
"739","R_3J2vyU0wdD54DOk","dec 3_2",1,4,0,20,0,2,1,0,"4.4",5956,0
"740","R_3j9fE0cagFAUzjo","nov 21_3",0,4,0,40,NA,1,1,1,"1",5659,0
"741","R_3jcJjs3rltmfSuf","dec 4_2",0,4,0,21,1,3,1,1,"4.6",999,0
"742","R_3JjS07UKo5aezcP","jan 6_1",0,1,0,58,0,1,0,0,"3.8",2509,1
"743","R_3JlosiSoqRvVhOl","nov 20_1",0,3,0,72,0,4,1,1,"2.7",404,0
"744","R_3JnnMLnmEsicJtw","dec 3_1",1,7,0,28,0,1,1,0,"5",850,0
"745","R_3JnnMLnmEsicJtw","dec 3_2",0,7,0,28,1,1,1,0,"5",10994,0
"746","R_3JrusKO6TqVZ1OZ","dec 11_1",1,7,0,34,0,3,0,1,"5",11777,0
"747","R_3JrusKO6TqVZ1OZ","dec 11_3",0,3,0,34,0,3,0,1,"5",1633,0
"748","R_3jTZC1wPWsPHh9i","jan 6_1",0,2,0,50,0,1,0,0,"4.8",12624,1
"749","R_3JyJXxNA0ndr81w","nov 21_3",0,5,0,36,0,1,1,1,"3.5",10740,0
"750","R_3k6RGyDWWjmO5xN","dec 11_3",1,5,0,26,0,4,1,0,"4.6",1606,0
"751","R_3kdHazENBmOGTTR","nov 21_3",0,1,0,26,1,1,0,0,"3.4",5684,0
"752","R_3kgInR4QxrJleeQ","dec 11_3",0,4,0,33,NA,1,1,0,"2.4",11740,0
"753","R_3KILQ3Clz2vox23","dec 3_1",1,5,0,43,0,4,1,1,"4.7",11014,0
"754","R_3KILQ3Clz2vox23","dec 3_2",0,1,0,43,1,4,1,1,"4.7",5942,0
"755","R_3KlokPamJDHDipP","nov 21_3",0,4,0,47,0,3,1,1,"3.2",10690,0
"756","R_3kmHGrdxM0FidfL","nov 20_1",1,6,0,67,1,4,1,1,"2.7",425,0
"757","R_3KO7QTbT8CiSzzS","dec 3_1",0,3,0,67,0,3,0,0,"3.7",816,0
"758","R_3KO7QTbT8CiSzzS","dec 3_2",0,5,0,67,1,3,0,0,"3.7",10960,0
"759","R_3KPFhbs8SGtragb","nov 20_1",0,4,0,27,0,1,1,0,"4.7",447,0
"760","R_3KPFhbs8SGtragb","nov 20_3",0,1,0,27,0,1,1,0,"4.7",10591,0
"761","R_3kq75ggzx3II76x","jan 6_1",1,7,0,43,0,4,0,2,"4.3",12586,0
"762","R_3Ktr0kNgm3K1sFb","dec 11_1",0,4,0,41,0,3,0,0,"2.6",11779,0
"763","R_3kvmH2BBBExpzYn","nov 20_3",0,4,0,50,0,1,1,1,"4.3",5538,0
"764","R_3KW3zjqpY95LiwR","dec 3_1",0,2,0,70,0,2,0,1,"4",10966,1
"765","R_3KW3zjqpY95LiwR","dec 3_2",0,2,0,70,0,2,0,1,"4",5894,1
"766","R_3L6EFoioymIRXtm","dec 3_2",0,2,0,62,0,1,0,0,"2",10937,0
"767","R_3Ldv4dtnUL9pUoa","dec 4_2",1,6,0,70,1,3,0,0,"2.7",965,0
"768","R_3LgRCXLWTILGbLM","dec 3_1",0,2,0,42,0,3,0,1,"4.2",10894,0
"769","R_3lK9aQdzYb18pIT","dec 3_1",0,3,0,44,0,2,1,0,"4.4",5940,0
"770","R_3lLmbI3jPQ6k291","nov 21_1",1,5,0,37,1,1,1,0,"4.2",591,0
"771","R_3lLmbI3jPQ6k291","nov 21_3",1,5,0,37,1,1,1,0,"4.2",5663,0
"772","R_3lQ9XZjJrACPpOC","jan 6_1",0,3,0,36,1,3,0,1,"3.7",12589,0
"773","R_3LXAYjJyDziqfnw","nov 21_3",0,2,0,55,0,4,1,1,"2.4",5607,0
"774","R_3m2ecBGrjVFHwmM","dec 3_1",0,4,0,43,0,2,1,2,"3.9",10987,0
"775","R_3m2haqVDPVo3www","dec 10_1",0,6,0,55,1,1,1,1,"1.9",1473,0
"776","R_3m2haqVDPVo3www","dec 10_2",0,4,0,55,0,1,1,1,"1.9",11617,0
"777","R_3M5mnuuTKSSp1GC","jan 6_1",0,1,0,53,0,1,1,1,"3.4",2486,0
"778","R_3M5tdnRLzX310SD","dec 3_2",1,5,0,66,1,3,0,1,"1.8",5862,0
"779","R_3M5walsUJaUPmQN","dec 11_1",0,5,0,35,1,0,0,1,"3.4",1644,0
"780","R_3M5walsUJaUPmQN","dec 11_3",0,5,0,35,1,0,0,1,"3.4",11788,0
"781","R_3m9SrzDHVTGz7D3","nov 21_3",0,3,0,69,0,2,1,0,"4",524,0
"782","R_3MbqmLoGCr6gQrP","dec 11_1",0,3,0,57,0,3,0,3,"5",1625,0
"783","R_3ME891Zafkeds3n","nov 21_1",0,4,0,45,0,1,1,1,"2.1",10752,0
"784","R_3mf78GuHoMtdIql","dec 3_1",0,3,0,55,0,3,0,1,"4.2",10929,0
"785","R_3MfIA3USlzZVl4M","dec 3_2",1,4,0,66,1,3,0,1,"3.2",783,0
"786","R_3mfrYhzyzXC8gZE","nov 20_1",1,6,0,38,1,2,0,1,"4.9",374,1
"787","R_3mfxy8uqe3SjSjY","dec 3_1",1,5,0,41,0,4,1,1,"4.8",864,0
"788","R_3MhrvpTkTKYiV5X","dec 10_2",1,6,0,59,0,4,0,3,"5",11625,0
"789","R_3MifA2l2TesEH2E","dec 11_1",0,4,0,38,0,1,1,2,"3.2",6577,0
"790","R_3mknHrms3likMJT","dec 4_2",1,7,0,46,0,4,0,2,"3.7",959,0
"791","R_3MnWe0semQVR8QD","dec 11_3",0,4,0,32,1,1,1,0,"3.3",11729,0
"792","R_3mx5upPc9zTud7r","nov 20_1",1,7,0,41,0,1,1,1,"3.5",5513,0
"793","R_3MxU6xhDmSWftqQ","nov 20_1",1,6,0,22,0,4,0,2,"4.5",5459,0
"794","R_3MxU6xhDmSWftqQ","nov 20_3",0,4,0,22,0,4,0,2,"4.5",387,0
"795","R_3MzdSzmwlVsp8tG","jan 6_1",1,7,0,41,0,3,0,3,"4.4",7537,0
"796","R_3n6KUPXziGjoc4F","jan 6_1",0,5,0,32,0,1,0,2,"3.9",2448,1
"797","R_3nASxRPwtUNEYJb","dec 11_1",1,6,0,69,1,1,1,1,"3.6",1523,0
"798","R_3nCTcxKDAoM2OKF","dec 3_1",1,5,0,22,0,1,1,1,"3.2",888,0
"799","R_3NHZXiElbL88fRO","jan 6_1",0,5,0,62,1,3,1,1,"4.8",2560,0
"800","R_3NJrfLV1176fThu","nov 20_1",1,4,0,22,0,1,0,0,"4.1",5485,0
"801","R_3NK9lYyvEwYKpBp","dec 10_1",0,1,0,59,0,4,0,0,"4.2",6558,0
"802","R_3NK9lYyvEwYKpBp","dec 10_2",1,6,0,59,0,4,0,0,"4.2",1486,0
"803","R_3nOavpymD50TiN8","nov 21_3",0,4,0,46,0,3,1,2,"1.8",5661,0
"804","R_3NODfTolywCbC3i","nov 21_3",0,2,0,43,1,4,1,2,"4.6",498,0
"805","R_3noWplTdUEiDPxW","dec 4_1",1,6,0,37,0,3,1,0,"2.6",947,0
"806","R_3nr3uTQk13JiirM","nov 21_1",1,6,0,30,0,2,0,2,"3.6",615,1
"807","R_3NVy3jJErtItfrP","nov 21_3",1,7,0,50,1,4,0,3,"4.7",10711,0
"808","R_3nxFmf0RzdLc4tm","dec 3_1",1,4,0,33,0,1,1,1,"3.6",10998,0
"809","R_3nxFmf0RzdLc4tm","dec 3_2",0,4,0,33,0,1,1,1,"3.6",5926,0
"810","R_3NxMkjVyvAC2qmV","dec 3_2",0,5,0,40,0,1,1,1,"3.4",900,0
"811","R_3NyB0XRVps4kr7Z","dec 3_2",1,5,0,63,1,2,0,1,"4.1",775,0
"812","R_3O6pslJQqdSzknF","dec 10_2",1,7,0,29,0,4,0,2,"4.3",11522,1
"813","R_3OjmRqqQGrMWrwX","nov 20_1",0,3,0,35,1,1,0,3,"3.1",5424,0
"814","R_3OkPXxxGIjqyRtg","nov 21_3",0,1,0,45,1,2,0,1,"3.8",10749,0
"815","R_3oLvocYjeEdNLcd","dec 4_2",0,3,0,49,0,3,0,2,"2.7",11120,0
"816","R_3oTJVZwkYw78Zv8","nov 21_1",0,4,0,36,1,1,1,0,"3.8",5594,0
"817","R_3oTJVZwkYw78Zv8","nov 21_3",0,4,0,36,1,1,1,0,"3.8",10666,0
"818","R_3oyF9Dkn9gaAD6k","dec 4_2",0,1,0,36,0,1,0,0,"4.1",931,0
"819","R_3p5tNgFKT8APV5A","nov 20_3",1,6,0,39,0,3,0,2,"4.6",5435,1
"820","R_3pbi3p7p0sK1tRh","dec 11_3",0,7,0,62,1,1,1,0,"3.7",1514,0
"821","R_3PdlUWzqqraVFDc","dec 4_1",0,5,0,41,0,1,0,1,"4",932,0
"822","R_3pfD8dF7qUAo8Do","nov 20_1",1,5,0,39,0,3,0,0,"5",390,0
"823","R_3PFVJpvvLG4Q5B4","dec 11_1",0,4,0,33,1,1,1,1,"2",1601,0
"824","R_3PFVJpvvLG4Q5B4","dec 11_3",0,3,0,33,1,1,1,1,"2",11745,0
"825","R_3PvIBQtvGtxFtKN","dec 3_2",0,3,0,46,0,4,1,2,"2.9",845,0
"826","R_3PYRQUYJx5GPI5R","dec 11_1",0,3,0,21,1,1,0,2,"4",6620,0
"827","R_3PYRQUYJx5GPI5R","dec 11_3",0,3,0,21,1,1,0,2,"4",11692,0
"828","R_3PzNIUdtrNOoEf5","dec 3_2",0,5,0,47,0,4,1,3,"4.6",851,0
"829","R_3PZR8M9Tkumri3H","dec 10_2",0,1,0,71,0,1,1,0,"3",6547,0
"830","R_3qa1PDa6UnQDRR6","nov 20_1",0,4,0,57,1,3,0,2,"5",10511,0
"831","R_3qBsfMI8rmh67SP","nov 20_1",1,5,0,76,NA,1,0,0,"1.3",10490,0
"832","R_3qBsfMI8rmh67SP","nov 20_3",1,5,0,76,NA,1,0,0,"1.3",5418,0
"833","R_3qDt2xsx0V5IrfL","dec 3_1",1,4,0,32,0,1,1,0,"4.2",5948,0
"834","R_3qJ0DEyQH86hTOu","dec 4_2",0,3,0,45,0,2,0,1,"4.3",6038,0
"835","R_3qJZuSdnKhpYtic","dec 3_1",1,4,0,47,0,2,1,3,"3",11042,0
"836","R_3qJZuSdnKhpYtic","dec 3_2",0,2,0,47,0,2,1,3,"3",5970,1
"837","R_3QKrBmywCBv5ZJb","dec 4_1",1,5,0,22,0,1,0,0,"3.2",6100,0
"838","R_3QKrBmywCBv5ZJb","dec 4_2",0,4,0,22,1,1,0,0,"3.2",11172,1
"839","R_3qkwWUj9oLxljZp","dec 10_2",0,5,0,48,NA,2,0,2,"4.7",1458,0
"840","R_3qset5eGvz85jtw","dec 4_1",1,7,0,70,1,3,0,1,"3.5",972,0
"841","R_3qsQ3SmGmXwSvJT","dec 3_1",0,3,0,45,0,2,0,1,"3.7",817,0
"842","R_3qVGXqOnaFeYSfL","jan 6_1",0,3,0,39,0,4,0,3,"3.7",7483,0
"843","R_3QW6pDwpLVKVEI9","jan 6_1",1,5,0,25,0,2,1,1,"3.3",12558,1
"844","R_3R8CaVrT6AYkwdu","nov 20_1",0,4,0,69,0,3,1,1,"4.9",10549,0
"845","R_3R8CaVrT6AYkwdu","nov 20_3",0,3,0,69,0,3,1,1,"4.9",405,0
"846","R_3RgR5CZITeffdU7","nov 20_1",1,6,0,23,0,3,1,0,"3.9",326,0
"847","R_3RgR5CZITeffdU7","nov 20_3",1,7,0,23,0,3,1,0,"3.9",10470,0
"848","R_3rHuUjdUFj7K8En","nov 20_3",0,3,0,26,0,2,1,0,"4.2",10612,0
"849","R_3Rl0YXsP3q3MGKh","dec 3_2",0,2,0,28,0,1,1,0,"4",11018,0
"850","R_3RlWaMwkDp7tpZi","dec 11_1",0,2,0,45,0,1,0,1,"3.6",6629,0
"851","R_3rOijEPpYbn80I1","dec 3_1",1,6,0,28,0,1,1,0,"3.1",5958,0
"852","R_3rOijEPpYbn80I1","dec 3_2",1,6,0,28,0,1,1,0,"3.1",11030,0
"853","R_3Rr0fhOsfIGAZLN","jan 6_1",0,2,0,39,0,3,1,3,"4.5",12678,0
"854","R_3rSU4f9kVlDToA9","jan 6_1",1,6,0,42,0,4,0,3,"3.9",2410,1
"855","R_3rZkaKTag2IT9nw","nov 20_1",0,2,0,49,1,3,0,2,"4",408,0
"856","R_3sdLUBbULlwyZX6","dec 3_1",0,4,0,31,0,1,1,0,"3.1",10993,0
"857","R_3siVk5Xi4sEpyVw","dec 10_1",1,5,0,50,1,1,1,1,"3.5",1411,0
"858","R_3siVk5Xi4sEpyVw","dec 10_2",0,1,0,50,0,1,1,1,"3.5",11555,0
"859","R_3UWsBuc6rySyT2V","dec 3_1",1,3,0,29,0,4,1,1,"3.6",855,0
"860","R_3wakKCtskWefjc5","dec 11_1",0,4,0,30,0,2,1,1,"3",1582,0
"861","R_3wJXtZjCpbGOTHH","nov 20_1",0,6,0,58,0,2,0,0,"3.8",10508,0
"862","R_3wJXtZjCpbGOTHH","nov 20_3",0,6,0,58,0,2,0,0,"3.8",5436,0
"863","R_3Wsbxz38s6D93AR","dec 4_2",0,5,0,42,0,2,0,1,"3.5",11082,0
"864","R_3xTMiXim1l7hqa5","dec 4_2",1,7,0,65,1,4,1,3,"3.2",990,0
"865","R_3xvK0PxaVcVcEfL","dec 11_1",0,2,0,48,1,4,0,1,"4.7",11783,0
"866","R_3xvK0PxaVcVcEfL","dec 11_3",0,2,0,48,1,4,0,1,"4.7",1639,0
"867","R_43jyOqyI8ObzyLv","dec 11_3",0,4,0,27,0,3,1,0,"4.5",11714,0
"868","R_4JgFaEoTddSzJSN","dec 4_1",1,6,0,33,NA,1,1,1,"3.8",11201,0
"869","R_4JgFaEoTddSzJSN","dec 4_2",1,5,0,33,NA,1,1,1,"3.8",1057,0
"870","R_4YfRGGL6rToIgpj","dec 4_2",0,4,0,41,0,3,1,0,"4.6",11145,0
"871","R_56Cpi4pSyY0tL2h","jan 6_1",1,6,0,67,1,1,1,1,"2.4",2519,0
"872","R_5anieUIwd9rRiZH","nov 21_1",0,1,0,74,0,1,0,1,"2.4",10675,0
"873","R_5anieUIwd9rRiZH","nov 21_3",0,2,0,74,0,1,0,1,"2.4",5603,0
"874","R_5doT0lHq4yeFxiF","jan 6_1",1,6,0,42,0,3,0,1,"4.7",2441,0
"875","R_5gAxevl35NXxcwF","dec 3_1",0,4,0,67,0,4,0,0,"4",924,0
"876","R_5gAxevl35NXxcwF","dec 3_2",1,6,0,67,1,4,0,0,"4",5996,0
"877","R_5nnz5GR1xLOKti1","nov 21_1",0,1,0,66,0,3,1,1,"3.9",558,0
"878","R_6yTFTW3SkeFRVKN","nov 21_1",0,4,0,56,0,4,0,2,"4.1",5637,0
"879","R_6yTFTW3SkeFRVKN","nov 21_3",0,4,0,56,0,4,0,2,"4.1",565,0
"880","R_77cyb9Gy4y5IbqV","dec 3_1",1,5,0,41,0,1,1,1,"3.6",896,0
"881","R_77cyb9Gy4y5IbqV","dec 3_2",0,1,0,41,0,1,1,1,"3.6",5968,0
"882","R_7UlKJXHs1xizLz3","dec 4_1",0,5,0,38,0,3,1,1,"4.8",6086,1
"883","R_7UlKJXHs1xizLz3","dec 4_2",0,4,0,38,1,3,1,1,"4.8",1014,0
"884","R_80oANNz8yVH1gJP","jan 6_1",1,6,0,62,NA,1,1,0,"3.3",2502,0
"885","R_8bSjKZNAI0UzWNP","nov 20_3",1,6,0,45,0,3,1,2,"3.2",337,0
"886","R_8HaWP5OneCkgDjH","dec 4_1",0,3,0,31,NA,0,1,0,"1.6",1026,0
"887","R_8He41Kl7yjiK0Br","nov 20_1",0,4,0,27,0,1,0,0,"4.8",376,0
"888","R_8He41Kl7yjiK0Br","nov 20_3",0,2,0,27,0,1,0,0,"4.8",5448,0
"889","R_8hT1wsDxjSwBCuJ","nov 21_1",0,2,0,77,0,2,0,0,"4.3",534,0
"890","R_8k9YrAC6MscRmqB","dec 11_1",0,4,0,66,0,1,1,0,"1.2",1498,0
"891","R_8k9YrAC6MscRmqB","dec 11_3",0,2,0,66,0,1,1,0,"1.2",6570,0
"892","R_9F93HPjttipWZln","nov 21_1",1,6,0,68,0,3,0,1,"3.6",5614,0
"893","R_9F93HPjttipWZln","nov 21_3",0,2,0,68,0,3,0,1,"3.6",10686,0
"894","R_9O0bcWcB8QNp14t","nov 21_1",1,6,0,39,0,1,1,1,"2.9",10622,0
"895","R_9O0bcWcB8QNp14t","nov 21_3",1,5,0,39,0,1,1,1,"2.9",478,0
"896","R_9SUjrSTcCvm4TQd","dec 3_1",0,6,0,58,0,4,0,1,"3.7",10920,0
"897","R_9TYiKOXuWmWHtg5","dec 4_1",1,7,0,22,NA,1,1,0,"3.8",6125,0
"898","R_9TYiKOXuWmWHtg5","dec 4_2",0,1,0,22,NA,1,1,0,"3.8",1053,0
"899","R_9zE8hiIwU17Y0ox","dec 11_3",0,4,0,43,0,3,0,3,"5",6699,0
"900","R_A7qKDKshzgR4LOp","jan 6_1",0,4,0,37,0,4,0,1,"4",12606,0
"901","R_AcVCudksCWzyKWZ","dec 10_1",0,2,0,65,0,2,1,0,"3.4",6433,0
"902","R_AcVCudksCWzyKWZ","dec 10_2",0,5,0,65,0,2,1,0,"3.4",11505,0
"903","R_AcWaiM2otukbjnr","nov 21_3",0,4,0,19,0,1,1,0,"3.1",626,0
"904","R_AGyyTeJwlYwErmx","dec 10_1",0,5,0,38,NA,3,1,0,"4.4",1462,0
"905","R_AGyyTeJwlYwErmx","dec 10_2",0,4,0,38,NA,3,1,0,"4.4",6534,0
"906","R_ANCgsny3zVJC76h","dec 3_2",0,6,0,35,0,4,1,1,"3.1",10977,0
"907","R_ANi22jPRoc568Sd","dec 11_1",0,3,0,19,0,2,1,1,"4.4",1603,0
"908","R_ANi22jPRoc568Sd","dec 11_3",0,4,0,19,0,2,1,1,"4.4",6675,0
"909","R_Ap2FqCn55uVZFxn","dec 10_2",0,4,0,28,0,1,0,1,"3.1",6421,0
"910","R_ApQlPPVXi9NCXMl","nov 20_3",1,5,0,39,0,1,1,0,"1.8",10619,0
"911","R_Av8Cua8A0OJDt2p","nov 21_1",0,2,0,45,0,1,1,0,"2.4",5651,0
"912","R_Av8Cua8A0OJDt2p","nov 21_3",0,4,0,45,0,1,1,0,"2.4",579,0
"913","R_aXb7g25MTwag3qF","nov 20_1",0,2,0,70,1,3,0,1,"3.6",10526,0
"914","R_b1KOgeTqxiu0Agh","nov 20_3",0,5,0,23,0,1,1,1,"4.3",5529,0
"915","R_BGu7WW3nUySPNYd","nov 21_3",0,5,0,42,0,1,1,1,"5",5675,0
"916","R_bILpZ76WSJywfBL","dec 10_1",0,2,0,40,1,4,0,1,"3.3",1457,0
"917","R_blUHX6CaGHejsqZ","dec 11_1",0,2,0,44,0,3,0,3,"4",11772,0
"918","R_blUHX6CaGHejsqZ","dec 11_3",0,3,0,44,0,3,0,3,"4",6700,0
"919","R_bOXi11hpkHVc305","dec 11_1",0,4,0,28,0,3,1,0,"3.4",11746,0
"920","R_bOXi11hpkHVc305","dec 11_3",0,2,0,28,0,3,1,0,"3.4",1602,0
"921","R_bpIyZCjcMPuFYxX","jan 6_1",1,7,0,62,1,1,1,0,"2.6",2523,0
"922","R_BQdhO4jfdPobLWh","dec 11_3",0,2,0,50,0,3,0,0,"4.4",1553,0
"923","R_bqlDUEx5S816YPT","dec 4_1",1,7,0,49,0,2,0,1,"4.6",948,0
"924","R_BqW8OH9UD0IEB2h","dec 11_1",0,5,0,60,1,1,0,1,"4.2",1496,0
"925","R_BWfUg6UhdJW6geJ","nov 20_1",0,3,0,29,0,3,1,1,"3.8",345,1
"926","R_BWfUg6UhdJW6geJ","nov 20_3",1,5,0,29,0,3,1,1,"3.8",10489,0
"927","R_BwR1Bn6ILlV7NcZ","dec 3_1",0,3,0,29,0,1,0,1,"4.8",771,0
"928","R_BX8ANrJ79yapBHb","nov 20_1",1,6,0,35,0,3,0,2,"4.7",5451,1
"929","R_BX8ANrJ79yapBHb","nov 20_3",1,6,0,35,0,3,0,2,"4.7",10523,1
"930","R_bxBBOR3AxuOUZTX","dec 10_2",1,7,0,59,0,1,1,0,"3.7",1480,0
"931","R_by1NmBgCYDpM8kV","nov 21_3",0,4,0,39,NA,3,1,1,"4.1",5576,0
"932","R_cC3W5r1bqdpGkCZ","dec 4_1",0,4,0,50,0,2,0,3,"5",6121,0
"933","R_cD8GTCyvGXUSabv","dec 10_1",0,3,0,60,0,3,0,1,"2.5",1440,0
"934","R_CdDxHgUVFvOlqj7","dec 10_1",0,3,0,43,1,1,0,3,"4.7",11586,0
"935","R_Ce2fnVkRlREU2Hf","jan 6_1",0,2,0,51,0,3,1,1,"4.2",2550,0
"936","R_Cjnq2H1j36OZUMF","dec 10_2",0,6,0,38,0,0,0,0,"4",6520,0
"937","R_cNfTV4flE4nB3xf","nov 21_1",0,3,0,31,0,2,0,1,"4.5",604,1
"938","R_cNfTV4flE4nB3xf","nov 21_3",0,4,0,31,0,2,0,1,"4.5",5676,1
"939","R_cSgjqKPi1hSbRXr","dec 4_1",0,4,0,41,0,1,1,0,"4.6",1003,0
"940","R_cTTeqzGlUPZxQYx","nov 20_1",1,6,0,43,0,1,1,0,"3.8",476,0
"941","R_cTTeqzGlUPZxQYx","nov 20_3",0,4,0,43,0,1,1,0,"3.8",10620,0
"942","R_cvXUyBk4BQOXE2Z","dec 4_2",0,4,0,40,NA,1,1,1,"2",6078,0
"943","R_cwfAErl6tij6Inv","dec 10_1",0,4,0,38,0,3,0,1,"2.4",1460,0
"944","R_cwfAErl6tij6Inv","dec 10_2",0,3,0,38,0,3,0,1,"2.4",11604,0
"945","R_D2W95pXwx5yIBTr","nov 21_1",1,6,0,32,1,1,1,1,"4.7",5669,0
"946","R_d44UGZX07DdDUt3","dec 4_1",0,5,0,56,1,3,0,3,"4",6060,1
"947","R_d44UGZX07DdDUt3","dec 4_2",0,3,0,56,0,3,0,3,"4",11132,1
"948","R_D5CU2BAe0lH8O3f","dec 3_2",1,7,0,29,0,2,1,0,"3.1",11026,0
"949","R_d5thmQSxlUDVA9X","nov 21_3",0,4,0,31,1,3,1,2,"3.8",5660,0
"950","R_D99mb35bZNDrJTz","dec 3_2",0,4,0,32,1,1,1,3,"4.6",5928,0
"951","R_da0Q5PclFzJbdXb","dec 11_3",1,7,0,35,0,2,1,0,"3.4",6649,0
"952","R_DBLwvf8ZbbU2vYd","dec 10_1",0,1,0,31,0,4,0,3,"4.3",1370,0
"953","R_DcJiFgIq78RMTwR","jan 6_1",1,5,0,61,0,3,1,0,"2.7",7612,0
"954","R_DdcBMF0xoQIJkjv","dec 3_2",1,4,0,22,NA,1,1,0,"4.2",11025,0
"955","R_DhE18VJ0x4pSjPr","nov 21_1",0,2,0,34,0,1,1,0,"4.4",5696,0
"956","R_DIZ9ihnYbUVuCPf","dec 3_2",0,7,0,31,1,1,0,1,"4.8",5872,1
"957","R_dm2OOi8M62j9k3L","dec 11_3",1,6,0,73,0,1,0,0,"5",6617,0
"958","R_DMlfuak8mXmPJMB","dec 10_1",0,4,0,28,0,1,0,2,"4.4",11496,0
"959","R_DMlfuak8mXmPJMB","dec 10_2",0,4,0,28,0,1,0,2,"4.4",1352,0
"960","R_dnCWLoaWraszZGp","nov 20_1",0,1,0,32,0,4,0,1,"4.6",5526,0
"961","R_DnTrPpIbPCe7293","dec 4_2",0,4,0,47,1,4,0,0,"4.5",984,0
"962","R_doh3BaHpUFAQxZn","dec 11_1",1,5,0,56,1,1,1,0,"3.1",6613,0
"963","R_DOYlbNdJE6TayVH","jan 6_1",0,3,0,58,1,0,1,1,"4.8",2507,0
"964","R_DS2K8VCFIswH9Yd","nov 20_1",0,3,0,65,1,1,1,0,"3.6",10471,0
"965","R_DTt2ijBCoVIaKhX","dec 3_1",0,2,0,72,0,5,0,0,"4.2",919,0
"966","R_DUZXAo6yGaDiEvv","dec 11_1",1,7,0,34,0,4,1,2,"5",11719,0
"967","R_DvOaGemyr2uoLgB","dec 4_1",0,5,0,73,0,5,0,2,"2.6",11112,0
"968","R_DvOaGemyr2uoLgB","dec 4_2",0,3,0,73,1,5,0,2,"2.6",968,0
"969","R_e2GUEoEa5NCsnTj","dec 10_1",0,3,0,28,1,2,0,0,"4.7",11511,0
"970","R_e2Oazp3enFBDc65","nov 20_1",0,1,0,38,0,3,1,1,"2.9",10607,0
"971","R_e5Iibe3hHrhTFPH","nov 20_3",1,7,0,42,0,1,1,0,"4.2",5544,0
"972","R_ebdrUcric0VbCaB","nov 20_1",1,6,0,53,1,1,0,1,"4.5",397,1
"973","R_ebdrUcric0VbCaB","nov 20_3",0,1,0,53,0,1,0,1,"4.5",10541,0
"974","R_eD0RYAIjEr3YYFj","dec 4_2",1,6,0,63,1,4,0,2,"4.6",970,0
"975","R_eD8zC6FkMG4lhYZ","nov 21_3",0,4,0,31,0,2,1,3,"3.2",5598,0
"976","R_efWP6LMFg29GliN","nov 21_1",0,4,0,28,1,3,1,0,"2.4",10632,0
"977","R_eKauGt7qA8goETL","nov 21_1",0,4,0,38,1,4,0,1,"3.3",10712,0
"978","R_eKauGt7qA8goETL","nov 21_3",0,4,0,38,1,4,0,1,"3.3",568,0
"979","R_envmSsUkYP6WIHn","nov 21_1",1,4,0,61,1,4,0,1,"2.8",5616,0
"980","R_envmSsUkYP6WIHn","nov 21_3",1,4,0,61,1,4,0,1,"2.8",544,0
"981","R_eqBBriF7bkPi4Nj","nov 20_3",1,6,0,34,0,2,0,1,"4",10473,0
"982","R_eRu6v8bJ3fqqpUZ","jan 6_1",0,4,0,54,0,1,1,0,"3.2",12666,0
"983","R_NWm6rEI2hFyY8wx","dec 10_1",0,4,0,72,0,1,0,0,"5",6502,0
"984","R_O9bNXr9lTFaRgxb","jan 6_1",1,7,0,31,NA,0,0,0,"3.3",7521,0
"985","R_OcY3j7PiNCna3Id","dec 4_1",1,6,0,34,0,2,1,0,"4.7",1008,0
"986","R_OcY3j7PiNCna3Id","dec 4_2",1,6,0,34,0,2,1,0,"4.7",6080,0
"987","R_OEhzrS6objsnwD7","nov 20_1",1,7,0,36,0,1,1,0,"3.6",10578,0
"988","R_OEhzrS6objsnwD7","nov 20_3",0,1,0,36,0,1,1,0,"3.6",434,0
"989","R_OfM1Yeyh6ET0YNz","dec 3_2",0,2,0,31,0,2,1,0,"3.5",11006,0
"990","R_OxJiEWBUXVeEc81","dec 10_1",0,4,0,44,1,3,1,0,"5",6511,0
"991","R_OxJiEWBUXVeEc81","dec 10_2",1,7,0,44,0,3,1,0,"5",1439,0
"992","R_PAiAucnhtKhUOyd","dec 4_1",0,5,0,28,1,1,1,1,"3.5",6088,0
"993","R_PAqOl4mwUmYvBUR","dec 10_1",0,5,0,44,0,3,1,2,"4.4",1428,0
"994","R_PBduuha69VgN3bj","dec 4_2",0,2,0,56,0,1,0,3,"3.8",11100,0
"995","R_pbJ4RFnJ7YPi4kp","dec 10_1",1,6,0,46,0,2,1,0,"2.7",11599,0
"996","R_pc9r8baZLZn8TUB","dec 10_1",0,4,0,63,1,1,1,0,"2.8",11613,0
"997","R_pc9r8baZLZn8TUB","dec 10_2",0,5,0,63,0,1,1,0,"2.8",6541,0
"998","R_pEr7WYW71ADUf97","dec 4_1",0,2,0,27,0,3,1,0,"4.7",1039,0
"999","R_PFYvls1NnzBhW3n","dec 4_2",1,6,0,40,0,4,1,0,"4.8",1033,0
"1000","R_pGDIxxDKtz9FIqZ","dec 10_1",0,1,0,31,0,3,0,1,"4.6",6414,0
"1001","R_pK0cvsZlSGOwPvP","dec 3_1",1,6,0,44,0,3,1,3,"3.3",5932,0
"1002","R_pK0cvsZlSGOwPvP","dec 3_2",0,4,0,44,0,3,1,3,"3.3",11004,0
"1003","R_pKMTTLlipntmM8N","jan 6_1",0,1,0,36,0,3,0,1,"4.1",12608,1
"1004","R_pQ4xVuNLaAEwAAp","dec 10_1",0,4,0,37,0,4,0,2,"3",11559,0
"1005","R_pQ4xVuNLaAEwAAp","dec 10_2",0,6,0,37,0,4,0,2,"3",6487,0
"1006","R_pruZpLZtzCYjcmR","dec 4_1",0,4,0,59,1,4,0,3,"4",11098,0
"1007","R_pruZpLZtzCYjcmR","dec 4_2",1,5,0,59,0,4,0,3,"4",954,0
"1008","R_prwJzO9DohdwV5n","dec 3_2",0,2,0,62,0,3,0,2,"2.5",5876,0
"1009","R_psKMYFKGrrkvVbH","dec 10_2",0,2,0,28,0,3,0,0,"3.2",6411,0
"1010","R_pz7uVJancQ5bIMp","dec 11_3",1,5,0,56,1,1,1,0,"1.9",11687,1
"1011","R_Qai7U1L2k4lhGed","nov 21_3",0,3,0,49,0,4,1,3,"4.3",10705,0
"1012","R_qC5TN7KuDMtVo9b","dec 3_1",0,4,0,76,0,2,0,1,"3",10910,0
"1013","R_QcPmSyfTxJ2DdBL","dec 11_1",0,3,0,80,0,3,0,1,"3.9",1608,0
"1014","R_qE1BP6APmQ0cF6F","dec 11_1",0,4,0,26,NA,3,1,1,"4",11741,0
"1015","R_QfZ2hGYrwjt8yWt","nov 20_1",0,2,0,72,0,2,1,0,"4.1",10494,0
"1016","R_QfZ2hGYrwjt8yWt","nov 20_3",0,2,0,72,0,2,1,0,"4.1",350,1
"1017","R_qJcckSCOJRqgDFn","dec 10_1",0,4,0,47,1,3,0,0,"3.8",11550,0
"1018","R_QmFIhIOEO4nU1I5","jan 6_1",1,6,0,41,0,3,0,1,"4.7",7567,0
"1019","R_qPmKnkzFOUjGZPP","nov 21_1",0,3,0,34,0,2,1,0,"2.8",10737,0
"1020","R_qPmKnkzFOUjGZPP","nov 21_3",0,4,0,34,0,2,1,0,"2.8",593,0
"1021","R_qxUH4zrOl146BeV","dec 10_2",0,4,0,46,0,4,0,0,"4.5",1447,0
"1022","R_r1tVeIeEB0eHXQl","nov 21_3",0,4,0,46,1,3,1,3,"4.9",586,0
"1023","R_R39Un0eqpEMplvj","nov 21_3",1,6,0,65,0,4,0,3,"4.8",5623,0
"1024","R_r3kJMH5SaCVKq8F","nov 21_3",0,2,0,70,0,2,1,2,"1.6",10656,0
"1025","R_reGYN1Yl0QAgllT","jan 6_1",1,6,0,62,1,1,0,2,"2.8",7568,0
"1026","R_Rf40mfQykoRU5bj","nov 21_1",0,3,0,50,0,3,1,1,"5",10724,0
"1027","R_Rf40mfQykoRU5bj","nov 21_3",0,5,0,50,0,3,1,1,"5",580,0
"1028","R_RfyaXOxwpkwZuxj","dec 3_1",0,4,0,28,0,3,1,1,"4",848,1
"1029","R_RfyaXOxwpkwZuxj","dec 3_2",0,2,0,28,0,3,1,1,"4",5920,0
"1030","R_RgXYmwX7xmpjh0B","dec 3_1",1,4,0,39,0,3,1,1,"4.4",11002,0
"1031","R_RhpROdpdRzaL6Ip","nov 20_1",0,4,0,23,0,1,0,0,"4.7",372,0
"1032","R_RhpROdpdRzaL6Ip","nov 20_3",0,4,0,23,0,1,0,0,"4.7",10516,0
"1033","R_rjrQdUPqw2PzN7j","dec 10_1",1,7,0,47,1,1,1,0,"3.5",11588,0
"1034","R_rkW44AQ2l0s3lxD","dec 11_3",1,5,0,71,1,1,1,1,"3.6",6591,0
"1035","R_RqAgEN64u93hq3T","dec 4_2",0,4,0,38,1,3,0,3,"5",960,0
"1036","R_RqN59MzhoRYKq7n","dec 3_2",0,4,0,37,1,1,1,0,"4.7",5949,0
"1037","R_RrCl933xEpG62zf","dec 10_2",0,3,0,79,0,4,1,1,"2.9",11535,0
"1038","R_s6StJPV4JYwsbhT","jan 6_1",0,1,0,40,NA,1,1,0,"5",7518,1
"1039","R_sG7p8G6kJ3pHZGF","dec 11_1",0,3,0,34,0,1,1,0,"3.6",1530,0
"1040","R_sG7p8G6kJ3pHZGF","dec 11_3",0,3,0,34,0,1,1,0,"3.6",6602,0
"1041","R_sGAJU9HoKXlvt1T","nov 21_1",1,6,0,40,1,4,0,3,"4.3",569,0
"1042","R_sGAJU9HoKXlvt1T","nov 21_3",1,7,0,40,1,4,0,3,"4.3",10713,0
"1043","R_sjn9GJx5RxTKaaJ","dec 11_1",0,3,0,28,0,4,1,1,"4.2",11709,0
"1044","R_sjn9GJx5RxTKaaJ","dec 11_3",0,5,0,28,0,4,1,1,"4.2",6637,0
"1045","R_sneEKDhUABKKodb","dec 3_1",1,6,0,35,0,1,1,1,"3",903,0
"1046","R_sneEKDhUABKKodb","dec 3_2",0,2,0,35,0,1,1,1,"3",11047,0
"1047","R_SP1TEzqBQVwFVux","dec 10_1",0,5,0,40,1,3,0,1,"3.8",1396,0
"1048","R_SP1TEzqBQVwFVux","dec 10_2",0,4,0,40,0,3,0,1,"3.8",6468,0
"1049","R_su0SvF7kuH4Xbjj","nov 20_1",0,4,0,43,0,1,1,0,"5",10611,0
"1050","R_su0SvF7kuH4Xbjj","nov 20_3",1,7,0,43,0,1,1,0,"5",467,0
"1051","R_SUlKPpGoYXJe5dD","nov 21_3",0,4,0,73,0,3,0,1,"2.9",10654,0
"1052","R_SVIRPZk4fkG8zG9","jan 6_1",0,6,0,45,1,1,1,0,"5",2477,0
"1053","R_sZJIkCYfnsQcpqh","jan 6_1",1,6,0,32,0,3,1,2,"3.5",12695,0
"1054","R_T0cdMPf50amtM3L","dec 3_1",0,5,0,65,0,3,0,0,"3.1",830,0
"1055","R_T26TUQTpVb4SD7z","jan 6_1",0,1,0,70,0,4,0,1,"3.4",12619,0
"1056","R_T765obaHzI9erS1","nov 20_3",0,4,0,66,0,3,1,3,"4.4",426,0
"1057","R_T7tHJ67NQkiz9lv","dec 11_1",1,6,0,66,1,1,1,0,"4.1",6606,0
"1058","R_T7tHJ67NQkiz9lv","dec 11_3",0,4,0,66,1,1,1,0,"4.1",11678,0
"1059","R_Td7CwmQ82UOLCzD","jan 6_1",1,5,0,35,NA,0,1,1,"2.5",7531,0
"1060","R_tFgOTiiE6fodhmh","dec 4_1",0,3,0,25,0,1,1,0,"3.3",11189,0
"1061","R_tGspMVHAzfhc3br","dec 3_2",1,6,0,51,0,4,0,1,"3.4",5832,0
"1062","R_TkpNcYF7mlkP70Z","dec 10_1",1,5,0,30,1,1,1,0,"4.1",1344,1
"1063","R_TkpNcYF7mlkP70Z","dec 10_2",1,5,0,30,0,1,1,0,"4.1",6416,1
"1064","R_tKVHCGFY865PFrX","dec 10_2",0,2,0,63,0,5,0,3,"4.5",1487,0
"1065","R_tMNKdGz8ay2dyg1","dec 4_2",0,3,0,36,0,4,1,0,"2.9",6110,0
"1066","R_TnErpjq6xQE3d4d","nov 20_1",0,5,0,44,0,1,1,0,"4.2",324,0
"1067","R_TnErpjq6xQE3d4d","nov 20_3",0,4,0,44,0,1,1,0,"4.2",5396,0
"1068","R_tStcHKv5lLonUwp","dec 10_1",0,1,0,29,0,1,0,1,"3.6",11487,0
"1069","R_tStcHKv5lLonUwp","dec 10_2",1,7,0,29,0,1,0,1,"3.6",1343,1
"1070","R_Tu624fLPoi5dfJn","dec 4_1",0,4,0,32,0,3,1,1,"3.9",951,0
"1071","R_Tudh1ICsXPnXNrr","jan 6_1",1,7,0,49,0,1,1,0,"4.6",7578,0
"1072","R_tWH6YTGMdLFs7G9","nov 20_1",1,5,0,32,0,3,0,3,"4.3",10575,0
"1073","R_tWH6YTGMdLFs7G9","nov 20_3",0,4,0,32,0,3,0,3,"4.3",5503,0
"1074","R_u33QM7kb8DPsKfn","dec 10_1",0,1,0,45,NA,1,1,0,"3.2",11509,0
"1075","R_u33QM7kb8DPsKfn","dec 10_2",0,4,0,45,NA,1,1,0,"3.2",1365,0
"1076","R_u8uSwmNdQEJPb21","dec 11_3",1,7,0,34,0,5,0,2,"2.5",11707,0
"1077","R_U9eX1G7V2deJSvL","dec 10_1",0,1,0,30,0,3,1,3,"4.5",1412,0
"1078","R_U9eX1G7V2deJSvL","dec 10_2",1,7,0,30,0,3,1,3,"4.5",11556,0
"1079","R_uembaXmMuPc2XQd","dec 11_3",1,6,0,27,0,3,1,0,"4",1588,0
"1080","R_ueVcW9YQ4W2QD29","dec 10_1",1,6,0,32,1,5,0,1,"4.4",1376,1
"1081","R_ueVcW9YQ4W2QD29","dec 10_2",1,4,0,32,0,5,0,1,"4.4",11520,1
"1082","R_UGPJfkycJgjQKsh","nov 21_1",1,7,0,42,1,1,1,0,"3.5",5628,0
"1083","R_UGPJfkycJgjQKsh","nov 21_3",1,7,0,42,1,1,1,0,"3.5",10700,0
"1084","R_UhIBFLYUa3rMewp","nov 21_3",0,1,0,55,1,3,0,3,"4.8",5553,0
"1085","R_ULoadyg1nOiI4vf","nov 21_1",0,3,0,44,0,3,1,1,"3.2",5601,0
"1086","R_ULoadyg1nOiI4vf","nov 21_3",0,3,0,44,0,3,1,1,"3.2",529,0
"1087","R_UQHctumUDpKO79D","jan 6_1",1,7,0,37,0,1,1,0,"5",12634,0
"1088","R_UQuSfFnrdaG7U6B","jan 6_1",0,1,0,41,1,1,1,1,"1.7",12652,0
"1089","R_UYqtE5UC46Pc6Kl","jan 6_1",1,4,0,26,0,3,1,1,"4.2",2543,0
"1090","R_vBRiGnrJ5ardTUJ","dec 4_1",0,5,0,35,1,5,1,3,"4.4",6101,0
"1091","R_vBRiGnrJ5ardTUJ","dec 4_2",0,4,0,35,0,5,1,3,"4.4",1029,0
"1092","R_vCavge1qmQv0FUZ","nov 20_3",0,4,0,38,0,0,0,0,"2.2",10542,0
"1093","R_VIowmZRUu0STiJb","dec 3_1",1,7,0,72,0,1,0,1,"3.7",5869,0
"1094","R_VIowmZRUu0STiJb","dec 3_2",0,1,0,72,0,1,0,1,"3.7",797,0
"1095","R_vN36PN6KvxAFw5j","dec 11_1",1,7,0,66,1,1,0,0,"4.8",6616,0
"1096","R_vN36PN6KvxAFw5j","dec 11_3",1,7,0,66,1,1,0,0,"4.8",11688,0
"1097","R_vNBkUoS2NQMx8qZ","dec 11_3",0,3,0,63,0,1,1,1,"2.9",11655,0
"1098","R_voY3P3Ek6uFqyqd","dec 3_2",0,4,0,34,0,3,0,0,"3.5",778,0
"1099","R_VPaBFtFboeGr1IJ","nov 20_1",0,5,0,72,1,3,0,1,"2.8",5484,0
"1100","R_vphNyMdPRixPH33","nov 20_1",0,4,0,44,0,1,1,0,"4",473,0
"1101","R_vphNyMdPRixPH33","nov 20_3",0,4,0,44,0,1,1,0,"4",10617,0
"1102","R_vPNcGBFbXs58KZj","dec 10_1",0,4,0,45,0,2,1,0,"2.1",6501,0
"1103","R_vq86GsuQWaV923n","nov 20_1",1,6,0,30,0,1,0,1,"5",403,0
"1104","R_vq86GsuQWaV923n","nov 20_3",1,5,0,30,0,1,0,1,"5",10547,0
"1105","R_VQLNGjW4VldZpuN","dec 3_1",1,7,0,66,0,2,0,2,"4.4",5844,0
"1106","R_VQLNGjW4VldZpuN","dec 3_2",0,4,0,66,0,2,0,2,"4.4",772,0
"1107","R_vqukdLyFGHIPrG1","nov 21_3",0,5,0,56,1,3,1,2,"4.1",5625,0
"1108","R_VR3qyjpaWpSdTln","nov 20_3",1,7,0,39,0,3,0,0,"4.1",5492,0
"1109","R_VUpbydaqDvtZcqt","dec 3_2",0,5,0,29,1,3,0,2,"4.3",831,0
"1110","R_vw4xGMMaGX5mfCN","dec 3_2",0,4,0,47,0,1,0,0,"3.3",5823,0
"1111","R_W1ykrRGxAZVV4Qh","dec 11_1",0,4,0,44,1,3,0,1,"4.9",6704,0
"1112","R_w5JviZKPUqP1Sxz","dec 10_1",0,1,0,56,0,2,1,0,"3.7",11626,0
"1113","R_WATNIyvSNXcHaZH","nov 21_1",1,4,0,47,1,3,1,2,"3.7",5563,0
"1114","R_WATNIyvSNXcHaZH","nov 21_3",1,4,0,47,1,3,1,2,"3.7",491,0
"1115","R_Wilv4jJjtzbWK9X","dec 3_1",0,3,0,40,0,2,1,1,"3.1",11013,0
"1116","R_Wilv4jJjtzbWK9X","dec 3_2",0,3,0,40,0,2,1,1,"3.1",869,0
"1117","R_WjSbCXH76LwLMsN","nov 20_3",0,2,0,24,0,1,1,1,"3.2",10474,0
"1118","R_WkbWzTHQhDO1gYx","jan 6_1",1,6,0,65,1,1,1,1,"3.5",12588,0
"1119","R_wNMaA1Ww6gK7Si5","dec 4_2",0,4,0,30,0,2,1,0,"3.2",6119,0
"1120","R_Wp46DGoKsshhEYN","jan 6_1",1,5,0,31,0,3,0,2,"3.4",7508,1
"1121","R_wR8DtHS5OM1JVAt","dec 3_1",0,3,0,42,0,3,0,1,"5",820,1
"1122","R_wR8DtHS5OM1JVAt","dec 3_2",0,1,0,42,1,3,0,1,"5",5892,1
"1123","R_WwfDEGORIoLIxUZ","dec 11_1",0,6,0,59,1,1,1,0,"4.7",6581,0
"1124","R_WwfDEGORIoLIxUZ","dec 11_3",0,5,0,59,1,1,1,0,"4.7",1509,1
"1125","R_wWZKyPpQo6GEzC1","dec 10_1",1,6,0,63,1,3,0,0,"4.1",6441,0
"1126","R_x0dx94mux5KpeyR","dec 4_1",0,3,0,50,0,3,0,3,"5",6047,1
"1127","R_x6ffrmouAAjLhkd","dec 3_2",0,2,0,47,0,2,1,3,"3",11045,1
"1128","R_x6gZTgATi3RPlfj","dec 3_1",1,6,0,56,0,1,1,0,"2.6",5997,0
"1129","R_x6gZTgATi3RPlfj","dec 3_2",1,4,0,56,0,1,1,0,"2.6",11069,0
"1130","R_xa7okJs6X39ZzEt","dec 10_1",1,5,0,21,1,3,0,0,"4.2",11497,0
"1131","R_xa7okJs6X39ZzEt","dec 10_2",1,5,0,21,0,3,0,0,"4.2",6425,0
"1132","R_xaRKbtpWH3UJh6N","nov 21_1",0,1,0,41,1,3,1,1,"3.6",581,0
"1133","R_xaRKbtpWH3UJh6N","nov 21_3",0,1,0,41,1,3,1,1,"3.6",5653,0
"1134","R_XCjblq1OnwRBjpv","dec 10_1",0,5,0,42,1,5,0,2,"3.8",6505,0
"1135","R_xD82V8WJdAeNxpT","nov 20_3",1,6,0,20,NA,3,1,0,"4.6",10472,0
"1136","R_xGaJe4hp7Rkwg9j","dec 3_1",1,5,0,57,0,4,0,2,"4.7",910,0
"1137","R_xGaJe4hp7Rkwg9j","dec 3_2",1,5,0,57,0,4,0,2,"4.7",5982,0
"1138","R_XiyxiyolOrU0Ivf","dec 11_1",1,7,0,43,0,3,0,3,"5",1610,0
"1139","R_xl5xmmOXBjveGAx","dec 10_1",0,4,0,36,0,3,0,0,"5",1398,0
"1140","R_XMRzMKX4qWOGDzX","dec 10_1",1,7,0,71,0,1,1,0,"2.5",6432,0
"1141","R_XMRzMKX4qWOGDzX","dec 10_2",1,7,0,71,0,1,1,0,"2.5",11504,0
"1142","R_xnPgrl6ZGqyOorD","nov 21_3",0,4,0,72,1,1,1,2,"3.6",497,0
"1143","R_xrSW28ab9HIxWTf","dec 10_1",0,1,0,55,0,1,1,1,"3.3",6549,0
"1144","R_xrSW28ab9HIxWTf","dec 10_2",0,4,0,55,0,1,1,1,"3.3",1477,0
"1145","R_xrXWQfuL8N0LXmV","jan 6_1",1,5,0,28,1,1,0,0,"3.5",12658,0
"1146","R_xrxwR4EPOVQuDiV","dec 10_1",1,5,0,22,1,5,1,1,"3.3",11531,0
"1147","R_xrxwR4EPOVQuDiV","dec 10_2",1,7,0,22,0,5,1,1,"3.3",6459,0
"1148","R_XSBEmxFaWw15cZ3","dec 11_1",0,2,0,74,0,3,0,1,"4.3",6691,0
"1149","R_XSBEmxFaWw15cZ3","dec 11_3",0,1,0,74,0,3,0,1,"4.3",11763,0
"1150","R_xsXBlKSDyc1ufap","dec 11_1",0,4,0,69,1,1,1,1,"3.7",11657,0
"1151","R_xsXBlKSDyc1ufap","dec 11_3",0,3,0,69,1,1,1,1,"3.7",6585,0
"1152","R_XSyjd77eqa1cnW9","dec 10_2",0,1,0,62,0,1,0,1,"2.8",11618,0
"1153","R_xu9ILo5cIhenKYp","nov 21_1",0,2,0,29,0,1,0,0,"3.7",582,0
"1154","R_xuvtxn5sGWT9xyV","dec 11_3",0,3,0,74,0,0,0,1,"4.2",11715,0
"1155","R_xxfoYrdtW1C2tvX","nov 21_1",0,2,0,49,0,1,1,0,"4.4",10736,0
"1156","R_xxfoYrdtW1C2tvX","nov 21_3",1,5,0,49,0,1,1,0,"4.4",5664,0
"1157","R_XZDNb2shbfqLRkJ","nov 20_1",0,4,0,69,0,1,0,2,"3",331,0
"1158","R_Y32CzLBiG5OzT6F","dec 11_3",0,4,0,27,0,3,1,1,"4.3",1580,0
"1159","R_Y4TYocfuKqZOAGB","jan 6_1",0,4,0,55,1,3,1,3,"4.6",12708,0
"1160","R_Y4VoGAUzvM4VZzX","dec 4_1",0,4,0,61,0,5,0,0,"2",6013,0
"1161","R_Y68xZDBxOiKc1gZ","dec 10_1",0,2,0,70,0,2,1,1,"2.2",6556,0
"1162","R_yEC8YBGw9JP8ySR","jan 6_1",0,1,0,42,0,4,0,3,"4.8",2432,0
"1163","R_yJGBfGHMBKgpztn","dec 10_1",0,4,0,46,1,4,0,3,"3.7",6497,0
"1164","R_ylumLQnFVHknfOx","dec 10_1",0,4,0,38,0,1,1,2,"4.2",6465,0
"1165","R_ylumLQnFVHknfOx","dec 10_2",0,3,0,38,0,1,1,2,"4.2",11537,0
"1166","R_ymcm04orReieVnX","nov 20_3",0,3,0,71,0,3,0,2,"4.1",10499,0
"1167","R_yNK9bJJtEaMLNwl","jan 6_1",1,6,0,44,1,1,0,0,"4.1",12587,0
"1168","R_YQTHDyHfyBwn42J","nov 21_3",1,6,0,26,0,1,0,1,"4.1",610,0
"1169","R_ysYHSqCSB9itOlH","dec 4_2",0,2,0,20,0,1,1,1,"4",11167,0
"1170","R_yVFeQYFJBfs7YkN","dec 11_1",1,7,0,69,1,1,1,1,"3.3",6607,0
"1171","R_yVFeQYFJBfs7YkN","dec 11_3",0,2,0,69,1,1,1,1,"3.3",11679,0
"1172","R_yWxjYcL2Jhwn6bT","nov 20_1",0,2,0,56,0,3,0,2,"5",5442,0
"1173","R_yWxjYcL2Jhwn6bT","nov 20_3",0,5,0,56,0,3,0,2,"5",370,0
"1174","R_yxLFPcDiVLzlG3n","dec 11_1",0,1,0,75,0,1,1,0,"2.8",11684,0
"1175","R_yyAQdzm8LgyaQx3","dec 11_3",0,4,0,48,NA,4,0,2,"4.7",6702,0
"1176","R_YYp6IfFhysNfosx","nov 20_3",1,6,0,69,0,3,0,2,"3.3",5486,0
"1177","R_z0SnchbUIPB9YZ3","nov 20_3",0,4,0,26,0,3,1,0,"3.5",10588,1
"1178","R_Z2ErYCqOtNhrqQ9","dec 3_1",0,4,0,32,0,3,1,0,"3.4",839,0
"1179","R_z7HgxWV1tFO3FNT","dec 4_1",0,3,0,34,0,3,1,2,"3.8",6109,0
"1180","R_z7qYUAkJ0IcbwPv","dec 4_1",0,4,0,78,0,4,0,1,"2.6",11081,0
"1181","R_zd9wpsdlOF0OTpD","dec 10_2",0,2,0,58,0,1,0,0,"1.8",6473,0
"1182","R_ZFcCe2p7kozmW65","jan 6_1",1,6,0,40,0,4,0,3,"3.4",2431,1
"1183","R_zfkwGYd7kcAdtp7","jan 6_1",0,4,0,28,0,2,0,0,"4",7502,0
"1184","R_ZfO6ucN5oqf02Wt","dec 3_1",0,3,0,37,0,2,1,3,"4.8",885,0
"1185","R_ZJdOaWUxUVpCfTj","jan 6_1",0,4,0,61,1,3,1,3,"4.2",7633,0
"1186","R_ZqSDjuM9oIC3XBT","dec 10_2",0,3,0,33,0,5,1,3,"3.3",11566,0
"1187","R_ZrvR2O37mJo4mu5","dec 4_2",0,5,0,42,0,2,1,1,"3.6",11156,1
"1188","R_zUzbTdgEenP2qhr","dec 10_1",0,4,0,49,1,3,0,1,"3.5",6466,0
