"","ResponseId","Article_day","True_Dummy","Four_Ordinal","Seven_Ordinal","Age","Gender","Education_Score","Income_Score","Ideo_Congruence","Treatment","Dig_Lit_Score","FC_Eval"
"1","R_10pkUNEtcV6OMCU","Day_1_1",0,3,5,35,1,2,1,0,1,41,"FM"
"2","R_1M650C4SP13LBzM","Day_1_1",0,2,3,28,1,4,2,0,1,49,"FM"
"3","R_2w67UkK5xJ0YRY2","Day_1_1",0,2,2,26,1,2,2,0,1,63,"FM"
"4","R_23TttM2XMS0oGth","Day_1_1",0,2,3,40,1,4,2,0,1,57,"FM"
"5","R_1Cr6QLqQcjGmEWV","Day_1_1",1,3,5,53,0,4,2,0,1,57,"FM"
"6","R_2zwiC5XznI1GQNC","Day_1_1",1,4,7,61,1,2,1,0,1,47,"FM"
"7","R_1f9gtWqvqX7DD4y","Day_1_1",0,2,2,31,1,4,2,0,1,65,"FM"
"8","R_xFbsJFVOxgmNrEZ","Day_1_1",0,2,4,31,1,4,1,0,1,48,"FM"
"9","R_Xj4sI7wBqGSbsC5","Day_1_1",0,2,3,48,1,4,3,1,1,52,"FM"
"10","R_3Hk79B6qEfqWKaD","Day_1_1",0,2,2,54,0,3,1,0,1,55,"FM"
"11","R_yx69bWSwS7KJTDb","Day_1_1",0,2,3,25,1,5,1,1,1,40,"FM"
"12","R_3jUIXOwW8rtLv6O","Day_1_1",1,3,4,38,1,4,1,0,1,47,"FM"
"13","R_1ia3Pcd1mcqX7ID","Day_1_1",1,3,4,42,1,5,3,0,1,45,"FM"
"14","R_cUtE2g9RhTXd2Gl","Day_1_1",1,3,3,32,1,4,2,0,1,32,"FM"
"15","R_1o4FTl5RChDyGzY","Day_1_1",0,1,2,58,0,5,2,0,1,64,"FM"
"16","R_3n78jZ6Hp7o3yov","Day_1_1",0,2,4,30,0,5,2,0,1,53,"FM"
"17","R_pKKq0lDl8CMtWb7","Day_1_1",0,2,4,33,0,4,2,1,1,41,"FM"
"18","R_24d72uJHVnyQYtL","Day_1_1",1,4,6,67,0,3,2,0,1,42,"FM"
"19","R_31BoFE303TrI20I","Day_1_1",1,3,5,33,1,3,3,1,1,64,"FM"
"20","R_29bRUJw7avEFWPS","Day_1_1",1,3,7,44,1,2,1,1,1,44,"FM"
"21","R_6DmNQwfWiHVl65r","Day_1_1",0,3,5,71,0,3,1,1,1,40,"FM"
"22","R_1DFFHZYvfjimmAl","Day_1_1",0,1,1,36,0,4,3,0,1,57,"FM"
"23","R_2PpsctGRoIizGAS","Day_1_1",0,1,1,39,1,4,1,0,1,66,"FM"
"24","R_7QHn8x3eLhtGWTn","Day_1_1",0,3,4,33,1,4,2,1,1,57,"FM"
"25","R_9HwEYi8riTtKTW9","Day_1_1",1,4,7,28,1,2,2,1,1,51,"FM"
"26","R_3KT6q7Vntwvmg8Z","Day_1_1",1,3,7,33,1,5,2,1,1,51,"FM"
"27","R_3rNwNy8LbfAkgSp","Day_1_1",0,3,4,29,1,4,2,0,1,50,"FM"
"28","R_3LXaF7Z7z740d2k","Day_1_1",0,1,1,26,1,2,1,0,1,57,"FM"
"29","R_ekCSZIaDtRtLlaV","Day_1_1",0,1,2,55,0,5,2,1,1,50,"FM"
"30","R_ONBQ9F4K4eiEEff","Day_1_1",1,4,7,33,0,2,2,1,1,55,"FM"
"31","R_1Gv8iAs1HEqGuUe","Day_1_1",0,1,1,35,1,4,2,0,1,66,"FM"
"32","R_PNwajSELAD6DGZX","Day_1_1",1,4,5,34,0,3,1,0,1,59,"FM"
"33","R_Wie14Y6yLeam4mt","Day_1_1",0,1,1,33,0,4,2,0,1,59,"FM"
"34","R_1fjF8uhJM4Mkvek","Day_1_1",0,1,1,27,0,2,1,0,1,58,"FM"
"35","R_2Eu812Bc6IVYhl8","Day_1_1",1,3,5,44,1,4,2,1,1,56,"FM"
"36","R_bqJ3HoBP0lqi7CN","Day_1_1",0,3,4,30,0,4,1,1,1,65,"FM"
"37","R_1ILDrpPAAn0CdBx","Day_1_1",1,4,7,45,1,2,1,0,1,63,"FM"
"38","R_339mYCdr4LLvelb","Day_1_3",0,3,5,37,1,4,2,0,1,52,"FM"
"39","R_3Hk79B6qEfqWKaD","Day_1_3",0,1,1,54,0,3,1,0,1,55,"FM"
"40","R_XilsxctsD6UhvsR","Day_1_3",0,2,3,37,0,5,2,0,1,61,"FM"
"41","R_2dNoaZl9MnI4t0A","Day_1_3",0,1,1,33,1,3,2,0,1,64,"FM"
"42","R_12u7hC5r2XVRlBD","Day_1_3",1,4,6,42,1,4,3,0,1,49,"FM"
"43","R_6gSAhAKCKeijlQZ","Day_1_3",1,4,6,39,0,2,2,0,1,50,"FM"
"44","R_1M650C4SP13LBzM","Day_1_3",1,4,5,28,1,4,2,0,1,49,"FM"
"45","R_3yN8a8E0y6lUIqB","Day_1_3",0,1,4,39,0,2,1,0,1,64,"FM"
"46","R_Wie14Y6yLeam4mt","Day_1_3",0,2,6,33,0,4,2,0,1,59,"FM"
"47","R_5ovNt0RyjDe4zhD","Day_1_3",1,3,6,37,1,5,2,0,1,50,"FM"
"48","R_1Cr6QLqQcjGmEWV","Day_1_3",0,1,2,53,0,4,2,0,1,57,"FM"
"49","R_3hfIgiMxT4QVOM6","Day_1_3",1,3,5,51,0,4,1,0,1,62,"FM"
"50","R_7QHn8x3eLhtGWTn","Day_1_3",0,3,3,33,1,4,2,0,1,57,"FM"
"51","R_9HwEYi8riTtKTW9","Day_1_3",1,4,7,28,1,2,2,0,1,51,"FM"
"52","R_3KT6q7Vntwvmg8Z","Day_1_3",1,3,5,33,1,5,2,0,1,51,"FM"
"53","R_3JfnfLnikoja6E7","Day_1_3",0,2,2,38,1,2,2,0,1,53,"FM"
"54","R_3LXaF7Z7z740d2k","Day_1_3",0,2,2,26,1,2,1,0,1,57,"FM"
"55","R_2w67UkK5xJ0YRY2","Day_1_3",0,2,2,26,1,2,2,0,1,63,"FM"
"56","R_10pkUNEtcV6OMCU","Day_1_3",1,4,6,35,1,2,1,0,1,41,"FM"
"57","R_3PhjRWT2oK9dOnT","Day_1_3",0,1,1,35,1,4,2,0,1,57,"FM"
"58","R_1o4FTl5RChDyGzY","Day_1_3",0,2,6,58,0,5,2,0,1,64,"FM"
"59","R_20M3irK9yP7zOGl","Day_1_3",0,1,1,29,0,4,1,0,1,64,"FM"
"60","R_1CpxCDhB1y1Fdps","Day_1_3",1,3,5,35,0,4,2,0,1,50,"FM"
"61","R_31BoFE303TrI20I","Day_1_3",1,3,5,33,1,3,3,0,1,64,"FM"
"62","R_1DFFHZYvfjimmAl","Day_1_3",1,3,5,36,0,4,3,0,1,57,"FM"
"63","R_XSwBTXOS8VVvbEt","Day_1_3",0,2,4,37,1,2,1,0,1,62,"FM"
"64","R_2D1ELT0pRLJHNh9","Day_1_3",1,4,6,34,0,4,2,0,1,59,"FM"
"65","R_6nuIDDUiCc5XdIt","Day_1_3",1,4,7,53,0,3,1,0,1,54,"FM"
"66","R_1ia3Pcd1mcqX7ID","Day_1_3",1,4,5,42,1,5,3,0,1,45,"FM"
"67","R_2CP0ViI1UUoKy8a","Day_1_3",1,3,5,39,1,4,1,0,1,47,"FM"
"68","R_1Iowj4KY95icjDS","Day_1_3",1,4,6,33,0,4,1,0,1,66,"FM"
"69","R_11aKu0pnwMoF1XB","Day_1_3",0,2,3,56,0,2,1,0,1,53,"FM"
"70","R_bqJ3HoBP0lqi7CN","Day_1_3",0,1,2,30,0,4,1,0,1,65,"FM"
"71","R_9XKvVtMFjqSITeN","Day_1_3",0,3,4,36,0,3,2,0,1,52,"FM"
"72","R_28LGm9yGG0Iqu3d","Day_1_3",0,2,3,41,1,2,2,0,1,62,"FM"
"73","R_1f9gtWqvqX7DD4y","Day_1_3",0,1,1,31,1,4,2,0,1,65,"FM"
"74","R_3rNwNy8LbfAkgSp","Day_1_3",0,2,2,29,1,4,2,0,1,50,"FM"
"75","R_24d72uJHVnyQYtL","Day_1_3",1,4,6,67,0,3,2,0,1,42,"FM"
"76","R_3MycWKTJGEI3fkc","Day_1_3",1,3,6,44,1,2,1,0,1,66,"FM"
"77","R_3GoZZFWEtYePuGA","Day_1_3",1,4,6,37,0,3,1,0,1,58,"FM"
"78","R_1rqaciRd2rSa5Zs","Day_10_3",1,4,6,57,0,4,3,1,1,55,"FM"
"79","R_xEeQpSmKfXJFMw9","Day_10_3",1,3,4,47,1,2,1,0,1,53,"FM"
"80","R_0keCk9coMMwU5l7","Day_10_3",0,1,3,43,0,3,1,0,1,52,"FM"
"81","R_25Fx454272R4O5h","Day_10_3",0,3,4,22,1,4,3,1,1,48,"FM"
"82","R_1Ns3K9AubKdFC5e","Day_10_3",1,4,6,32,0,5,3,0,1,41,"FM"
"83","R_3iyXMkanZoHNaEF","Day_10_3",0,2,2,43,0,4,1,0,1,54,"FM"
"84","R_12yuOZ4NAmwedep","Day_10_3",1,3,5,30,0,2,1,0,1,58,"FM"
"85","R_NXwVIucKBLa4dP3","Day_10_3",0,2,2,30,0,4,1,0,1,57,"FM"
"86","R_yIT4AvC8OTk6d2h","Day_10_3",1,4,7,28,1,4,2,0,1,54,"FM"
"87","R_12Kn34bmiCczsIe","Day_10_3",0,1,1,37,1,2,1,0,1,64,"FM"
"88","R_OGRxxdxvs8zwwCd","Day_10_3",0,1,6,36,1,2,1,0,1,42,"FM"
"89","R_3KoQtZqxlX0Pfa5","Day_10_3",0,3,4,45,0,5,1,0,1,57,"FM"
"90","R_2sGvyvdHbUmZ02Z","Day_10_3",0,3,6,32,0,4,1,0,1,62,"FM"
"91","R_1dsghXaQe7bEaf6","Day_10_3",1,3,5,44,0,4,2,1,1,45,"FM"
"92","R_1liat7bJpOOMtUU","Day_10_3",1,4,6,45,0,4,2,0,1,46,"FM"
"93","R_uh8ehSDNeIFebYt","Day_10_3",1,4,7,30,0,2,1,0,1,62,"FM"
"94","R_umNZlidvQAp3PWx","Day_10_3",0,3,4,25,0,5,1,1,1,45,"FM"
"95","R_28AnunyBrPgx8Ri","Day_10_3",0,2,2,35,0,4,2,0,1,49,"FM"
"96","R_VKgOAwQNm35iBqN","Day_10_3",1,3,5,31,0,4,2,1,1,54,"FM"
"97","R_2X6sKkACylcxXHQ","Day_10_3",1,3,4,27,0,4,3,0,1,51,"FM"
"98","R_2Bao65JvQxnBPo8","Day_10_3",1,4,7,33,1,4,1,0,1,60,"FM"
"99","R_saOPuLYOXwBf6Mx","Day_10_3",1,3,6,23,1,2,1,0,1,45,"FM"
"100","R_ANdE2FoZqjsm1Il","Day_10_3",1,4,7,33,1,4,2,1,1,51,"FM"
"101","R_b1xqVVKIaFJjGtH","Day_10_3",0,1,1,37,1,4,1,0,1,56,"FM"
"102","R_3haapAxXxNrDZmS","Day_10_3",1,3,5,60,1,4,1,1,1,38,"FM"
"103","R_3n74dnWFTqPgUNM","Day_10_3",0,2,3,57,0,4,3,1,1,61,"FM"
"104","R_3qroUici3M5Gq56","Day_10_3",0,1,1,27,0,4,2,0,1,51,"FM"
"105","R_bskA4EY54DPOEaB","Day_10_3",0,2,5,29,1,4,1,1,1,53,"FM"
"106","R_3oSMw1ctFL9u5QM","Day_10_3",0,3,4,38,1,2,1,1,1,35,"FM"
"107","R_cvUYn17dmtOBKyB","Day_10_3",0,3,5,36,0,3,2,1,1,49,"FM"
"108","R_3JDel3qSSVb5I32","Day_10_3",0,1,2,35,1,2,3,0,1,66,"FM"
"109","R_rpcFNUESvyFCHst","Day_10_3",0,2,2,30,1,3,2,1,1,63,"FM"
"110","R_3R3q4l5p8OAVGxU","Day_10_3",0,2,2,32,1,4,2,1,1,54,"FM"
"111","R_2q46cBzIiH3UPNG","Day_10_3",0,2,3,22,0,2,1,0,1,43,"FM"
"112","R_88R9wCqgQbrpEGt","Day_10_3",0,3,4,44,0,5,1,1,1,65,"FM"
"113","R_QmEgpaHZFkFLQlP","Day_10_3",0,1,1,28,0,3,1,0,1,53,"FM"
"114","R_1jrH8MMHgTNb3Xq","Day_10_3",1,4,7,24,1,4,2,0,1,41,"FM"
"115","R_RssJ3KxKu4TEXKN","Day_10_3",1,3,5,47,0,5,2,1,1,51,"FM"
"116","R_1lnjuO7yA39frAB","Day_10_3",0,3,5,41,0,5,2,0,1,52,"FM"
"117","R_3HvrN2f1bAWpepI","Day_10_3",1,4,6,34,1,5,3,1,1,58,"FM"
"118","R_42u9Za7RrBEl2c9","Day_10_3",0,2,2,31,0,5,2,0,1,46,"FM"
"119","R_ZKPyrIM3fhnsZfH","Day_10_3",0,3,5,33,1,4,4,1,1,65,"FM"
"120","R_s7El9nYpJExsQYF","Day_10_3",1,4,6,29,0,2,1,0,1,54,"FM"
"121","R_1ImXoxZfXwwTiWl","Day_10_3",1,3,4,63,1,4,1,1,1,46,"FM"
"122","R_2f0PeC9xrqHzB5b","Day_10_3",0,2,1,41,0,4,3,0,1,34,"FM"
"123","R_8jGHqc1zMaychSp","Day_10_3",0,1,1,35,0,5,2,0,1,58,"FM"
"124","R_PNyxtExht77SczD","Day_10_3",0,1,1,63,1,6,3,1,1,53,"FM"
"125","R_2QEC031VOr8eEaZ","Day_10_3",0,3,3,32,1,2,1,1,1,53,"FM"
"126","R_5iPCik5wxLtfBtv","Day_10_3",1,4,7,63,0,4,2,0,1,43,"FM"
"127","R_OAPMqhkNtVuem4h","Day_10_3",1,3,6,40,1,3,2,1,1,66,"FM"
"128","R_3lGjAKfN4P0IuMF","Day_10_3",1,4,7,29,0,5,1,1,1,31,"FM"
"129","R_3KCKlK9lv49effq","Day_10_3",0,2,2,30,0,4,1,0,1,61,"FM"
"130","R_1Hhi6x2wmvepUp9","Day_10_3",1,4,7,38,0,3,2,0,1,55,"FM"
"131","R_XM6WITRk9ItxUVX","Day_10_3",1,3,6,20,0,2,1,0,1,58,"FM"
"132","R_3J5iitaYNZ2juP7","Day_10_3",0,3,4,45,1,4,2,1,1,59,"FM"
"133","R_wYqy28PtpoKys1P","Day_10_3",1,4,6,40,0,2,1,0,1,61,"FM"
"134","R_2Sxa1lwlB9WqZvb","Day_11_1",0,3,4,44,1,3,1,0,1,49,"FM"
"135","R_2f7Dxh5Yheldo2g","Day_11_1",1,3,5,45,0,2,1,0,1,44,"FM"
"136","R_3qI6m5tYdgq4HGU","Day_11_1",0,1,1,36,0,3,2,0,1,52,"FM"
"137","R_PzCYdtgxgjDOugp","Day_11_1",0,1,1,43,1,3,1,0,1,44,"FM"
"138","R_2EFEBlkTIUia8Wi","Day_11_1",1,3,6,35,0,2,1,0,1,55,"FM"
"139","R_1M0WomngKrRENGI","Day_11_1",1,2,3,35,1,4,1,1,1,57,"FM"
"140","R_1kRqfbmCGE0OGU3","Day_11_1",0,3,6,23,1,4,4,0,1,54,"FM"
"141","R_2YaYvhQ5hiQz2KJ","Day_11_1",1,4,5,54,0,3,2,1,1,51,"FM"
"142","R_1Nk97c5HA3KoxMW","Day_11_1",0,2,4,35,0,2,1,0,1,60,"FM"
"143","R_2dossbJ4Gjxm3C8","Day_11_1",1,4,7,49,0,4,3,1,1,62,"FM"
"144","R_PY5wd4VHYtrHSCJ","Day_11_1",1,4,7,43,0,3,2,0,1,59,"FM"
"145","R_124pKC1XXZs4IMD","Day_11_1",0,3,5,19,0,3,2,1,1,46,"FM"
"146","R_0ilMeEkp8f8eRJ7","Day_11_1",1,4,7,47,0,2,2,1,1,66,"FM"
"147","R_1mw7fHbSBjyhbkP","Day_11_1",1,3,5,49,1,4,2,1,1,45,"FM"
"148","R_2zT6z4MbHGszJNy","Day_11_1",1,3,6,24,0,4,2,1,1,38,"FM"
"149","R_1eJfNGmx5Y0mzWI","Day_11_1",1,4,7,57,1,4,1,1,1,66,"FM"
"150","R_3NONkutm1Qyno0u","Day_11_1",0,2,3,18,0,2,4,0,1,62,"FM"
"151","R_1FbKOnfZ3mICgWF","Day_11_1",0,2,2,38,0,2,2,0,1,66,"FM"
"152","R_1M04k1vEMD9sGNL","Day_11_1",0,1,1,52,1,4,2,0,1,65,"FM"
"153","R_28SD43AXnGLSOWD","Day_11_1",0,2,3,34,1,3,1,0,1,47,"FM"
"154","R_XsP4ba9tQxrSXSh","Day_11_1",1,3,6,56,1,4,3,0,1,62,"FM"
"155","R_s841JvaN347zLHP","Day_11_1",0,1,3,20,0,2,1,0,1,63,"FM"
"156","R_3HFdNfvvZcbVWN3","Day_11_1",1,4,6,28,1,4,1,0,1,49,"FM"
"157","R_110ZUSS1THz3gx5","Day_11_1",0,1,1,23,1,3,3,0,1,58,"FM"
"158","R_1mz7mQg6rdRHRGj","Day_11_1",1,4,7,23,0,2,2,0,1,51,"FM"
"159","R_1CBX3DzxfYEoiZ0","Day_11_1",1,4,7,44,0,2,1,1,1,55,"FM"
"160","R_2q4VcH13UlJ2MF6","Day_11_1",0,3,4,31,0,2,1,0,1,62,"FM"
"161","R_rkkJiZymLOICA7v","Day_11_1",1,4,7,57,0,4,1,1,1,44,"FM"
"162","R_210qdmpj97nh58k","Day_11_1",0,2,3,29,1,4,2,1,1,42,"FM"
"163","R_3CU6zJcLSdm2yG0","Day_11_1",0,2,1,28,0,5,1,0,1,57,"FM"
"164","R_AjMwsZ5upV6CC6l","Day_11_1",1,4,7,42,1,3,2,1,1,66,"FM"
"165","R_10CmDSU4DD5D9Xf","Day_11_1",1,3,5,27,0,2,1,0,1,60,"FM"
"166","R_Tw0dugkLAoK7pIZ","Day_11_1",1,4,6,23,0,4,2,0,1,47,"FM"
"167","R_sXsinCgazkxIZHz","Day_11_1",0,2,3,29,1,4,2,0,1,66,"FM"
"168","R_1I3Efo7ZDBk94j1","Day_11_1",1,4,7,34,1,4,2,1,1,46,"FM"
"169","R_2EH02RhiOmwz3MN","Day_11_1",1,4,7,30,0,4,2,0,1,58,"FM"
"170","R_1mf5xdLJQf4JKTJ","Day_11_1",0,2,3,27,1,4,1,0,1,59,"FM"
"171","R_3HM6Wu0803vVGEb","Day_11_1",0,3,4,44,0,2,2,1,1,54,"FM"
"172","R_2BrFFcpSaQ2qL6C","Day_11_1",0,2,3,35,0,4,2,0,1,57,"FM"
"173","R_vdI5iGQky74AfqF","Day_11_1",1,4,6,27,0,2,1,0,1,63,"FM"
"174","R_28IN2c2vqqY7PtO","Day_11_1",0,1,1,29,0,4,2,0,1,48,"FM"
"175","R_1FyL2WMo00auovJ","Day_11_1",1,3,5,42,0,4,1,1,1,53,"FM"
"176","R_d1dYtPOTeKJ2HMB","Day_11_1",0,2,6,60,1,4,2,0,1,54,"FM"
"177","R_3Rqfv5EUHeJG4ZD","Day_11_1",0,2,2,35,0,2,1,0,1,63,"FM"
"178","R_ZmBPxavcxMIEcLv","Day_11_1",1,4,6,26,1,5,2,1,1,50,"FM"
"179","R_3fw7TZo0LheuX2X","Day_11_1",0,1,1,30,1,4,1,0,1,58,"FM"
"180","R_879ttEnMTNLmo4V","Day_11_1",1,3,7,30,0,3,2,1,1,62,"FM"
"181","R_1F96HD89xMS18pL","Day_11_3",0,3,5,60,1,2,1,0,1,45,"FM"
"182","R_2BrFFcpSaQ2qL6C","Day_11_3",1,4,5,35,0,4,2,0,1,57,"FM"
"183","R_3HoY1YcGpXeyGm3","Day_11_3",1,4,7,29,0,3,2,1,1,53,"FM"
"184","R_2dossbJ4Gjxm3C8","Day_11_3",1,4,6,49,0,4,3,1,1,62,"FM"
"185","R_124pKC1XXZs4IMD","Day_11_3",1,4,7,19,0,3,2,1,1,46,"FM"
"186","R_PzCYdtgxgjDOugp","Day_11_3",0,2,1,43,1,3,1,0,1,44,"FM"
"187","R_1mw7fHbSBjyhbkP","Day_11_3",1,4,5,49,1,4,2,1,1,45,"FM"
"188","R_2xQbKqWmVgDjbIl","Day_11_3",1,3,6,33,1,4,2,1,1,47,"FM"
"189","R_2YaYvhQ5hiQz2KJ","Day_11_3",0,3,3,54,0,3,2,1,1,51,"FM"
"190","R_1CBX3DzxfYEoiZ0","Day_11_3",1,3,6,44,0,2,1,1,1,55,"FM"
"191","R_1dnN3CoV0sEMGVE","Day_11_3",1,3,5,45,1,4,2,0,1,60,"FM"
"192","R_3oMU0gEfvnhil9Y","Day_11_3",1,3,4,40,0,5,3,0,1,62,"FM"
"193","R_3CKkoV1N2KbDtxh","Day_11_3",1,3,6,40,0,2,3,0,1,60,"FM"
"194","R_2EFEBlkTIUia8Wi","Day_11_3",0,3,4,35,0,2,1,0,1,55,"FM"
"195","R_0ilMeEkp8f8eRJ7","Day_11_3",1,4,6,47,0,2,2,1,1,66,"FM"
"196","R_6ihljME3sHpEaVb","Day_11_3",1,4,7,38,0,2,1,0,1,53,"FM"
"197","R_879ttEnMTNLmo4V","Day_11_3",1,3,5,30,0,3,2,1,1,62,"FM"
"198","R_3EhBonDkzGAn01T","Day_11_3",1,2,3,20,0,2,2,0,1,59,"FM"
"199","R_1M04k1vEMD9sGNL","Day_11_3",0,1,1,52,1,4,2,0,1,65,"FM"
"200","R_2uR4Mgw3PPkyoLU","Day_11_3",0,3,5,40,1,2,2,1,1,52,"FM"
"201","R_3HM6Wu0803vVGEb","Day_11_3",1,3,5,44,0,2,2,1,1,54,"FM"
"202","R_2Sxa1lwlB9WqZvb","Day_11_3",0,1,1,44,1,3,1,0,1,49,"FM"
"203","R_2Yfi0HITRzguF2L","Day_11_3",0,2,2,66,1,4,2,1,1,62,"FM"
"204","R_pz848eWh9iVaKch","Day_11_3",0,3,4,44,1,3,2,0,1,56,"FM"
"205","R_3NONkutm1Qyno0u","Day_11_3",0,2,3,18,0,2,4,0,1,62,"FM"
"206","R_3p3GxQ9s6k8rhNT","Day_11_3",1,4,6,41,1,4,1,0,1,66,"FM"
"207","R_1QbWrO8LNnRwYdL","Day_11_3",0,3,4,71,0,3,1,1,1,58,"FM"
"208","R_2q4VcH13UlJ2MF6","Day_11_3",1,4,5,31,0,2,1,0,1,62,"FM"
"209","R_2QKECmMKQTUTZMy","Day_11_3",1,4,5,25,1,4,2,1,1,42,"FM"
"210","R_Tw0dugkLAoK7pIZ","Day_11_3",0,1,1,23,0,4,2,0,1,47,"FM"
"211","R_2RaJBQG0iVYMEXJ","Day_11_3",1,4,7,43,0,4,3,0,1,61,"FM"
"212","R_vdI5iGQky74AfqF","Day_11_3",0,3,4,27,0,2,1,0,1,63,"FM"
"213","R_3HFdNfvvZcbVWN3","Day_11_3",0,3,4,28,1,4,1,0,1,49,"FM"
"214","R_2aeRkdTL0kjzjZ9","Day_11_3",0,1,1,36,0,4,2,0,1,62,"FM"
"215","R_pfU9qsFl6nglVgR","Day_11_3",1,2,3,59,0,6,4,1,1,50,"FM"
"216","R_PY5wd4VHYtrHSCJ","Day_11_3",0,2,3,43,0,3,2,0,1,59,"FM"
"217","R_3fw7TZo0LheuX2X","Day_11_3",0,3,5,30,1,4,1,0,1,58,"FM"
"218","R_3Rqfv5EUHeJG4ZD","Day_11_3",1,3,5,35,0,2,1,0,1,63,"FM"
"219","R_33DTOkN8WBYqgzc","Day_11_3",0,2,2,44,0,5,1,0,1,56,"FM"
"220","R_rkkJiZymLOICA7v","Day_11_3",1,4,7,57,0,4,1,1,1,44,"FM"
"221","R_1I3Efo7ZDBk94j1","Day_11_3",0,4,5,34,1,4,2,1,1,46,"FM"
"222","R_XsP4ba9tQxrSXSh","Day_11_3",1,3,6,56,1,4,3,0,1,62,"FM"
"223","R_TtkJuzErzcxWD3r","Day_11_3",0,2,3,40,0,4,1,0,1,61,"FM"
"224","R_3qP9bSuv7EJcsDt","Day_11_3",1,4,7,34,0,2,1,0,1,63,"FM"
"225","R_ZmBPxavcxMIEcLv","Day_11_3",0,3,5,26,1,5,2,1,1,50,"FM"
"226","R_2pMQNo3E2EhmIrW","Day_11_3",0,3,4,36,0,2,2,0,1,54,"FM"
"227","R_zflPC7kCJlC2AwN","Day_11_3",1,3,5,73,0,4,1,1,1,35,"FM"
"228","R_3DeFowSoCR711ZN","Day_11_3",0,3,4,24,0,4,1,0,1,47,"FM"
"229","R_3CU6zJcLSdm2yG0","Day_11_3",0,3,3,28,0,5,1,0,1,57,"FM"
"230","R_s841JvaN347zLHP","Day_11_3",0,1,1,20,0,2,1,0,1,63,"FM"
"231","R_2aemCrJQQuuaEwQ","Day_11_3",0,2,3,33,0,2,1,1,1,53,"FM"
"232","R_2OHhnliySGsDGN2","Day_12_1",0,2,2,46,0,3,1,0,1,60,"FM"
"233","R_2pLWPjEOX1lvgZo","Day_12_1",1,4,6,22,0,2,2,0,1,52,"FM"
"234","R_1dGGS3fjHTPIeNa","Day_12_1",1,4,7,35,1,3,3,0,1,57,"FM"
"235","R_3oNIreNmDtoiPlj","Day_12_1",0,2,4,22,0,4,2,0,1,60,"FM"
"236","R_3EmSqPx3YNGR6hc","Day_12_1",0,3,4,33,1,2,1,0,1,53,"FM"
"237","R_3CVCE05kSa0jk7W","Day_12_1",0,2,2,32,1,3,1,0,1,43,"FM"
"238","R_3HwgknqxN3CNob6","Day_12_1",1,3,4,46,1,3,1,0,1,51,"FM"
"239","R_3PmN7uPL82L2iHr","Day_12_1",0,2,3,23,0,4,2,0,1,51,"FM"
"240","R_33kEZs2tnIiXFbQ","Day_12_1",0,3,6,30,0,3,3,0,1,42,"FM"
"241","R_2urCfSy483qnfs6","Day_12_1",1,3,5,39,0,4,1,1,1,49,"FM"
"242","R_2cnF3cbfGNQcCYl","Day_12_1",0,2,3,20,0,3,4,0,1,52,"FM"
"243","R_2WCmKU4ViN13BYG","Day_12_1",1,4,6,39,0,2,1,0,1,61,"FM"
"244","R_24f2YqYcKm1F7y4","Day_12_1",0,3,4,51,0,2,2,0,1,52,"FM"
"245","R_2DZeruErGC0UxAN","Day_12_1",0,3,4,23,0,4,4,1,1,41,"FM"
"246","R_1IXKia8DOcTBG80","Day_12_1",1,3,4,24,0,2,2,1,1,39,"FM"
"247","R_zfpFPdC9vAGgxRT","Day_12_1",1,3,6,27,1,4,1,0,1,60,"FM"
"248","R_2tsyqOCvwSnvYGB","Day_12_1",1,4,5,41,1,3,2,0,1,57,"FM"
"249","R_1hXdcp3LpdEytxs","Day_12_1",1,2,4,30,1,4,1,1,1,45,"FM"
"250","R_1OOUtBRJTsgJdu4","Day_12_1",1,3,5,33,1,4,2,0,1,64,"FM"
"251","R_a4rNIwLj7upyZuV","Day_12_1",0,1,1,26,0,4,1,0,1,46,"FM"
"252","R_2EbMwHK8uo6c61n","Day_12_1",1,4,7,33,0,4,2,1,1,62,"FM"
"253","R_2U2Y4gdtspkw9mU","Day_12_1",1,4,5,34,0,4,3,1,1,62,"FM"
"254","R_3lskovMBpQinjLr","Day_12_1",0,2,2,36,0,4,2,0,1,63,"FM"
"255","R_2YPOBn5qhLjXdts","Day_12_1",1,3,7,28,1,4,1,1,1,55,"FM"
"256","R_3kAGup0ITGgKZhC","Day_12_1",0,2,2,27,0,4,1,0,1,61,"FM"
"257","R_1hSz0M1k59LEHGQ","Day_12_1",1,3,6,21,0,2,2,0,1,31,"FM"
"258","R_T1JQffzEQhYEa3L","Day_12_1",1,3,6,34,0,3,2,0,1,61,"FM"
"259","R_28GQQm0b1EgpuTq","Day_12_1",0,2,5,30,0,4,2,0,1,56,"FM"
"260","R_1Kkd0yBIOBj51KL","Day_12_1",1,4,7,41,0,4,2,1,1,53,"FM"
"261","R_3JdRQceff6TIAnh","Day_12_1",0,2,3,32,0,4,2,1,1,60,"FM"
"262","R_2YJS5j6NVg4jliv","Day_12_1",0,3,4,48,0,3,1,0,1,46,"FM"
"263","R_2uF0xCIM73b8rgQ","Day_12_1",0,1,1,30,0,4,1,0,1,66,"FM"
"264","R_3lskovMBpQinjLr","Day_12_3",0,1,1,36,0,4,2,0,1,63,"FM"
"265","R_1hSz0M1k59LEHGQ","Day_12_3",1,4,5,21,0,2,2,0,1,31,"FM"
"266","R_3HwgknqxN3CNob6","Day_12_3",0,1,4,46,1,3,1,0,1,51,"FM"
"267","R_1Kkd0yBIOBj51KL","Day_12_3",0,2,2,41,0,4,2,1,1,53,"FM"
"268","R_2do3I14IcaKphn5","Day_12_3",0,2,4,40,0,5,2,1,1,45,"FM"
"269","R_2YJS5j6NVg4jliv","Day_12_3",0,3,4,48,0,3,1,0,1,46,"FM"
"270","R_12xacBFD30myNiZ","Day_12_3",0,2,3,27,0,4,2,1,1,49,"FM"
"271","R_3kAGup0ITGgKZhC","Day_12_3",0,2,4,27,0,4,1,0,1,61,"FM"
"272","R_3Hi52z8zMbrTa1c","Day_12_3",0,1,1,41,1,4,1,0,1,60,"FM"
"273","R_24f2YqYcKm1F7y4","Day_12_3",0,3,4,51,0,2,2,0,1,52,"FM"
"274","R_3qm8U1QeEK2kvTR","Day_12_3",0,2,2,31,1,2,1,0,1,62,"FM"
"275","R_1hXdcp3LpdEytxs","Day_12_3",1,3,5,30,1,4,1,1,1,45,"FM"
"276","R_1dGGS3fjHTPIeNa","Day_12_3",1,4,7,35,1,3,3,0,1,57,"FM"
"277","R_6x2lhuqmicuHOJX","Day_12_3",0,2,4,53,0,2,1,0,1,52,"FM"
"278","R_a4rNIwLj7upyZuV","Day_12_3",0,1,1,26,0,4,1,0,1,46,"FM"
"279","R_264EoyBWyVOZRk4","Day_12_3",0,2,2,46,0,3,2,1,1,57,"FM"
"280","R_2uF0xCIM73b8rgQ","Day_12_3",0,1,1,30,0,4,1,0,1,66,"FM"
"281","R_Oa7m0lKmQiz3Bct","Day_12_3",0,2,2,24,1,4,2,0,1,52,"FM"
"282","R_29cCKDPO20oiE9H","Day_12_3",0,1,1,32,1,5,1,0,1,59,"FM"
"283","R_3m2Gp6ZFt5C6DRy","Day_12_3",0,2,1,31,1,2,1,0,1,64,"FM"
"284","R_2EbMwHK8uo6c61n","Day_12_3",0,2,2,33,0,4,2,1,1,62,"FM"
"285","R_3oNIreNmDtoiPlj","Day_12_3",0,1,1,22,0,4,2,0,1,60,"FM"
"286","R_2zdA2oVVoNtgtdL","Day_12_3",0,1,1,22,1,2,1,0,1,59,"FM"
"287","R_3EmSqPx3YNGR6hc","Day_12_3",0,1,2,33,1,2,1,0,1,53,"FM"
"288","R_3JdRQceff6TIAnh","Day_12_3",0,1,2,32,0,4,2,1,1,60,"FM"
"289","R_2U2Y4gdtspkw9mU","Day_12_3",0,2,2,34,0,4,3,1,1,62,"FM"
"290","R_3h3c8lR9Ul1nE30","Day_12_3",0,2,3,32,1,3,1,1,1,64,"FM"
"291","R_1OOUtBRJTsgJdu4","Day_12_3",0,2,4,33,1,4,2,0,1,64,"FM"
"292","R_2dunNBhxGaBAuqf","Day_12_3",0,3,4,42,0,4,2,1,1,66,"FM"
"293","R_3k063sXpMqsanNb","Day_12_3",0,3,4,65,1,4,2,1,1,43,"FM"
"294","R_DuFCDfdUjBXKc7L","Day_12_3",0,1,1,41,0,2,2,0,1,47,"FM"
"295","R_RxnORA1HeHImF0t","Day_12_3",0,1,1,60,0,3,1,0,1,58,"FM"
"296","R_3PmN7uPL82L2iHr","Day_12_3",0,1,1,23,0,4,2,0,1,51,"FM"
"297","R_2cnF3cbfGNQcCYl","Day_12_3",0,1,1,20,0,3,4,0,1,52,"FM"
"298","R_2tsyqOCvwSnvYGB","Day_12_3",1,3,3,41,1,3,2,0,1,57,"FM"
"299","R_22XGa1Fcr3zYEQS","Day_12_3",0,4,7,53,1,4,2,1,1,41,"FM"
"300","R_3jGay6zo634zY0V","Day_12_3",1,4,7,40,1,2,2,0,1,60,"FM"
"301","R_3rGly71dviIMYAl","Day_12_3",0,2,5,35,1,4,1,0,1,60,"FM"
"302","R_1OoyRu1RWju84z6","Day_3_2",1,4,6,35,1,4,2,0,1,66,"FM"
"303","R_9nwAuMa5rjTKugV","Day_3_2",1,3,5,24,1,4,2,0,1,46,"FM"
"304","R_pMjJK8N0EutXg89","Day_3_2",1,4,6,50,0,3,1,0,1,62,"FM"
"305","R_3JFr5T9gs4Tc9oP","Day_3_2",1,3,5,34,0,3,2,1,1,56,"FM"
"306","R_1lB57zq2SO8keZB","Day_3_2",1,3,4,35,1,4,2,1,1,45,"FM"
"307","R_2rC4eGTqlyYOU5L","Day_3_2",0,2,2,31,1,4,2,0,1,42,"FM"
"308","R_2dNlBXLwfA9rHr5","Day_3_2",1,4,6,33,1,4,2,0,1,33,"FM"
"309","R_33EKy0pzolR2k3G","Day_3_2",0,3,4,21,0,2,2,0,1,34,"FM"
"310","R_wRBEPFyzvQHqTRv","Day_3_2",1,3,5,30,1,5,4,0,1,59,"FM"
"311","R_2rHN1aheJLz9CzH","Day_3_2",0,2,2,35,1,3,1,0,1,57,"FM"
"312","R_2TSR400VM9S7XA7","Day_3_2",1,4,6,42,0,5,1,1,1,58,"FM"
"313","R_ddwGr8A86def9oR","Day_3_2",1,4,7,39,1,5,4,1,1,62,"FM"
"314","R_3p3ehSJHRPtZedW","Day_3_2",1,4,7,24,1,4,2,1,1,64,"FM"
"315","R_26mpcGxdmDRlOz0","Day_3_2",1,4,7,31,0,4,2,1,1,57,"FM"
"316","R_OuFVrMz1INcr4Wd","Day_3_2",1,3,6,49,1,3,3,0,1,64,"FM"
"317","R_qw3JqWHBLvJmQBH","Day_3_2",1,4,7,59,0,5,2,0,1,60,"FM"
"318","R_3NCi6SZDeUuBILL","Day_3_2",1,4,6,54,0,2,1,0,1,48,"FM"
"319","R_2fILXd3ncJwfv5O","Day_3_2",1,4,7,28,1,5,2,0,1,55,"FM"
"320","R_2qwJq39YQiPoqee","Day_3_2",1,3,5,55,0,5,1,1,1,61,"FM"
"321","R_2AR8PmVgtHOgzit","Day_3_2",0,3,5,31,0,2,1,0,1,58,"FM"
"322","R_1T9tY4IjGWTjwyt","Day_3_2",1,4,7,20,1,2,3,1,1,60,"FM"
"323","R_UFKEiKjY1Ag2DSh","Day_3_2",1,3,6,24,0,4,2,0,1,46,"FM"
"324","R_tQZ0N3RJZEGAa09","Day_3_2",0,2,4,23,1,4,3,0,1,32,"FM"
"325","R_ylniYS6Jxk4qHW9","Day_3_2",0,3,6,30,1,4,1,0,1,41,"FM"
"326","R_22tUBvqGx2SODBQ","Day_3_2",1,4,7,30,0,4,1,1,1,66,"FM"
"327","R_1P1xnHJLWjnpKj4","Day_3_2",0,2,3,59,1,2,3,1,1,65,"FM"
"328","R_3fpEsNvQ6T8BADw","Day_3_2",1,3,5,56,0,3,2,0,1,49,"FM"
"329","R_s56r9DwgJmbYHeh","Day_3_2",1,4,7,25,0,4,1,1,1,45,"FM"
"330","R_3Dkme1VCSHwSv2C","Day_3_2",1,4,6,19,1,3,1,0,1,61,"FM"
"331","R_erIiJa1beeo6zhT","Day_4_3",1,4,6,39,0,2,2,0,1,35,"FM"
"332","R_1rOER7NAoM3RCR3","Day_4_3",1,3,5,41,1,4,2,0,1,36,"FM"
"333","R_1oFSyYRLFxnUKB3","Day_4_3",1,4,6,36,0,4,2,0,1,42,"FM"
"334","R_3ffrYOKl3JqaXpf","Day_4_3",1,3,5,32,1,4,1,0,1,65,"FM"
"335","R_10YQ6hIUVnxWquF","Day_4_3",0,2,5,45,1,5,1,0,1,42,"FM"
"336","R_1RmDsjVuoEvFXfX","Day_4_3",0,2,2,58,0,4,2,0,1,59,"FM"
"337","R_0djyHVCIolfEwAF","Day_4_3",1,4,6,34,0,5,1,0,1,45,"FM"
"338","R_2dL64IiZ7cqB4kI","Day_4_3",1,4,7,35,0,4,1,0,1,66,"FM"
"339","R_3dE9JKOEOJSxl9e","Day_4_3",1,4,7,36,1,4,2,0,1,58,"FM"
"340","R_1n2bnP9sgSR120L","Day_4_3",0,3,5,30,0,5,2,0,1,50,"FM"
"341","R_1oFmfdBhucqJjD7","Day_4_3",0,1,2,20,1,2,1,0,1,60,"FM"
"342","R_3fdgvKGZAhbYtzS","Day_4_3",0,3,5,19,0,2,2,0,1,45,"FM"
"343","R_cCHab0HbSiYWc6t","Day_4_3",1,3,5,50,1,4,2,0,1,55,"FM"
"344","R_1DBxUt0Ky9OnRtK","Day_4_3",1,3,5,61,0,4,1,0,1,52,"FM"
"345","R_1f8GvjVD4YcG08K","Day_4_3",0,3,3,30,0,3,1,0,1,25,"FM"
"346","R_20OGOFxgy2H9zQk","Day_4_3",0,3,4,26,0,4,1,0,1,49,"FM"
"347","R_2xLZ2tFFWYNo9DE","Day_4_3",1,4,7,54,0,3,2,0,1,50,"FM"
"348","R_1HiVm0pCUHy73HR","Day_4_3",0,3,4,51,0,5,2,0,1,62,"FM"
"349","R_1i42ciBq8XkJNfQ","Day_4_3",0,2,4,46,0,2,1,0,1,42,"FM"
"350","R_25ZQvjVla75iTMW","Day_4_3",0,2,3,23,0,5,1,0,1,49,"FM"
"351","R_w62Aot1jodHg0GR","Day_4_3",0,2,4,28,0,4,1,0,1,55,"FM"
"352","R_33ycJcXTSEeck5k","Day_4_3",1,3,5,35,0,3,1,0,1,46,"FM"
"353","R_2EtqoxY9e5v2GCM","Day_4_3",1,4,6,52,1,4,2,0,1,61,"FM"
"354","R_Bs9KbOVoaxBYde9","Day_4_3",0,2,2,30,1,4,1,0,1,66,"FM"
"355","R_1Qyhu8klcZjzFI8","Day_4_3",1,3,5,34,0,3,1,0,1,53,"FM"
"356","R_UfhaRUj1wlvQdcB","Day_4_3",1,3,5,36,1,3,1,0,1,34,"FM"
"357","R_3frX1vnowyoNcQL","Day_4_3",0,2,3,46,1,3,1,0,1,63,"FM"
"358","R_rfmuHm1RiwH3ToJ","Day_4_3",0,3,5,26,0,4,2,0,1,65,"FM"
"359","R_124h1ljRZZbHdbU","Day_4_3",0,2,4,41,1,2,1,0,1,52,"FM"
"360","R_31mIp8ngnWbNeBa","Day_4_3",0,2,1,44,1,4,2,0,1,58,"FM"
"361","R_2xVtrgCE2seDdMy","Day_4_3",0,3,4,36,0,5,2,0,1,46,"FM"
"362","R_29hOnM7wCvavnPA","Day_4_3",0,2,5,67,0,5,2,0,1,53,"FM"
"363","R_vp3MffDdOg5esJX","Day_4_3",1,4,7,30,0,4,2,0,1,53,"FM"
"364","R_1K7iyIiIoRkwW6L","Day_4_3",0,1,1,18,0,2,1,0,1,52,"FM"
"365","R_30bE3Gqb7ribSnx","Day_4_3",0,1,1,42,0,4,2,0,1,60,"FM"
"366","R_2xKVprRpR0mranN","Day_4_3",0,3,4,49,0,4,2,0,1,50,"FM"
"367","R_1FOZtGoGkUzc985","Day_4_3",0,1,1,35,1,4,2,0,1,61,"FM"
"368","R_2VHA9BNg0Ya20gG","Day_4_3",1,3,5,28,0,2,1,0,1,50,"FM"
"369","R_3LZpxw4gLOfQL9m","Day_4_3",0,3,5,25,0,4,3,0,1,53,"FM"
"370","R_3ptlfF4oX5ZJqPz","Day_4_3",0,3,4,20,0,2,4,0,1,52,"FM"
"371","R_1GDiWO4kBxYVkGH","Day_4_3",1,4,7,28,1,5,2,0,1,57,"FM"
"372","R_2A1hfSFQAVoxvU0","Day_4_3",0,3,4,27,0,2,2,0,1,56,"FM"
"373","R_UsfCSQhqJW3MK4h","Day_4_3",0,3,4,61,0,5,2,0,1,65,"FM"
"374","R_3oReJNb25BZ0YeJ","Day_4_3",0,2,4,35,0,4,1,0,1,63,"FM"
"375","R_3PYrybwwMUZUTxn","Day_4_3",0,1,2,38,1,2,3,0,1,57,"FM"
"376","R_3NCdgJ19NGvX8f2","Day_4_3",1,3,6,21,0,4,3,0,1,41,"FM"
"377","R_XzkMrQJ5nqMFiqB","Day_5_1",1,4,6,45,1,4,2,1,1,50,"FM"
"378","R_1d6oC64872yBZPi","Day_5_1",1,3,6,25,0,4,2,0,1,55,"FM"
"379","R_306sBubDy78bvTJ","Day_5_1",1,3,5,55,0,4,2,0,1,61,"FM"
"380","R_322SG3CYdIrsSHD","Day_5_1",1,4,6,50,0,4,2,1,1,36,"FM"
"381","R_Wp3emX41akz72wN","Day_5_1",1,4,7,34,0,5,1,0,1,66,"FM"
"382","R_Apn3NGwBk3ko677","Day_5_1",0,2,2,47,0,3,1,0,1,62,"FM"
"383","R_2OTonq3wMKFk21w","Day_5_1",1,3,7,50,1,4,3,1,1,44,"FM"
"384","R_2E6tJkRqyU26MRc","Day_5_1",1,3,5,37,0,5,1,0,1,55,"FM"
"385","R_sSsZVOcNeOs958R","Day_5_1",0,3,3,50,0,2,2,0,1,56,"FM"
"386","R_ZjBiQVnt3vSlo41","Day_5_1",1,3,6,23,1,2,1,1,1,44,"FM"
"387","R_3qNDPkjAt7NFDOp","Day_5_1",1,4,6,30,1,2,2,1,1,61,"FM"
"388","R_27vNA56KyHmQtyU","Day_5_1",1,4,6,35,0,4,2,1,1,50,"FM"
"389","R_211db9TEgPjDt0m","Day_5_1",1,4,6,45,1,4,2,0,1,47,"FM"
"390","R_2fBPU41ihU8fWoy","Day_5_1",0,2,2,31,1,4,1,0,1,59,"FM"
"391","R_7TVrVkZV06BiChX","Day_5_1",1,4,6,33,0,4,1,0,1,47,"FM"
"392","R_2WNJ1RjJfCCAFuf","Day_5_1",0,2,2,31,0,2,1,0,1,56,"FM"
"393","R_eJLv4Pxag6jn2nv","Day_5_1",1,3,4,59,1,2,3,1,1,52,"FM"
"394","R_O9hC6DFaKWQT4U9","Day_5_1",0,2,1,22,0,2,1,0,1,54,"FM"
"395","R_efYD2X90SDXjbDr","Day_5_1",1,4,6,37,1,5,1,1,1,62,"FM"
"396","R_1riwrUHmqUs39Bq","Day_5_1",0,1,7,24,0,3,1,0,1,59,"FM"
"397","R_1LiFDgPXpBtnIK6","Day_5_1",1,4,6,67,0,4,2,1,1,49,"FM"
"398","R_2uCgtpmtDfHxaMW","Day_5_1",0,2,1,38,0,5,2,0,1,46,"FM"
"399","R_2X09OnANVg2Exji","Day_5_1",0,1,1,34,1,4,2,0,1,66,"FM"
"400","R_3O7AsSrPlAJs2pD","Day_5_1",0,2,2,39,0,5,1,1,1,61,"FM"
"401","R_1Lv760cy2nG0ShC","Day_5_1",0,3,4,29,0,2,1,0,1,45,"FM"
"402","R_3g4JfMQi1C6pOds","Day_5_1",1,4,6,51,0,4,2,0,1,40,"FM"
"403","R_1IuBLrLpXwEhLJU","Day_5_1",0,2,4,56,0,2,1,0,1,64,"FM"
"404","R_exFqdkuLHANyKZP","Day_5_1",1,3,5,29,0,2,2,0,1,50,"FM"
"405","R_28Vf8dLWto8Ey69","Day_5_1",1,3,6,32,1,2,1,1,1,61,"FM"
"406","R_scFn1mwxx5UC0Jr","Day_5_1",1,4,7,39,1,4,1,1,1,65,"FM"
"407","R_3MGKnyLKXsSAFu5","Day_5_1",1,4,7,25,0,4,2,1,1,66,"FM"
"408","R_28S3ZrKsl8C9uds","Day_5_1",1,4,6,36,0,4,1,0,1,46,"FM"
"409","R_1r6pw2VaV9dw5rN","Day_5_1",0,2,3,27,0,4,2,0,1,45,"FM"
"410","R_3iEDgAiV3AP8m8X","Day_5_1",1,4,6,39,0,4,2,1,1,46,"FM"
"411","R_DAUkiYGCMsVqL1T","Day_5_2",1,4,6,22,0,4,1,1,1,49,"FM"
"412","R_2Ych1DsBT3dkwsS","Day_5_2",1,4,7,46,0,4,1,1,1,61,"FM"
"413","R_1dz6tLKCczIHJ23","Day_5_2",1,4,7,36,0,2,4,1,1,58,"FM"
"414","R_2zuOITjRGXurXsh","Day_5_2",0,3,5,39,1,6,2,1,1,47,"FM"
"415","R_110X7dYcxCvE3Hy","Day_5_2",1,4,7,39,0,2,2,0,1,52,"FM"
"416","R_2WNJ1RjJfCCAFuf","Day_5_2",0,3,4,31,0,2,1,1,1,56,"FM"
"417","R_3O0l1bztIS0E79D","Day_5_2",1,3,6,42,0,5,3,1,1,57,"FM"
"418","R_3qQknFvrUoCBwPS","Day_5_2",1,3,5,24,1,4,2,1,1,46,"FM"
"419","R_YRBRReZUnwWr7IB","Day_5_2",1,4,7,36,1,2,1,1,1,51,"FM"
"420","R_1IuBLrLpXwEhLJU","Day_5_2",1,4,7,56,0,2,1,1,1,64,"FM"
"421","R_322SG3CYdIrsSHD","Day_5_2",0,2,3,50,0,4,2,0,1,36,"FM"
"422","R_306sBubDy78bvTJ","Day_5_2",1,4,6,55,0,4,2,1,1,61,"FM"
"423","R_2EpczuGurvgUtJI","Day_5_2",1,4,7,51,0,4,1,0,1,60,"FM"
"424","R_2fBPU41ihU8fWoy","Day_5_2",1,4,6,31,1,4,1,1,1,59,"FM"
"425","R_1Lv760cy2nG0ShC","Day_5_2",0,3,5,29,0,2,1,1,1,45,"FM"
"426","R_1QbFutSDzoqIKdf","Day_5_2",1,4,6,44,1,4,2,1,1,47,"FM"
"427","R_1r6pw2VaV9dw5rN","Day_5_2",1,4,7,27,0,4,2,1,1,45,"FM"
"428","R_2SqxncHIYHKr5Pt","Day_5_2",1,4,6,68,1,5,2,1,1,50,"FM"
"429","R_211db9TEgPjDt0m","Day_5_2",1,3,7,45,1,4,2,1,1,47,"FM"
"430","R_Wp3emX41akz72wN","Day_5_2",1,4,7,34,0,5,1,1,1,66,"FM"
"431","R_3g4JfMQi1C6pOds","Day_5_2",1,4,5,51,0,4,2,1,1,40,"FM"
"432","R_efYD2X90SDXjbDr","Day_5_2",0,3,4,37,1,5,1,0,1,62,"FM"
"433","R_28S3ZrKsl8C9uds","Day_5_2",1,4,6,36,0,4,1,1,1,46,"FM"
"434","R_25zL39zP7wQfHMF","Day_5_2",1,4,7,30,1,3,1,1,1,64,"FM"
"435","R_3MGKnyLKXsSAFu5","Day_5_2",1,4,7,25,0,4,2,0,1,66,"FM"
"436","R_scFn1mwxx5UC0Jr","Day_5_2",0,2,3,39,1,4,1,0,1,65,"FM"
"437","R_1IYGxqWEbUt0dej","Day_5_2",1,4,7,27,0,3,2,0,1,36,"FM"
"438","R_3kNu6MD5ds3Njfa","Day_5_2",1,4,6,42,1,5,2,0,1,40,"FM"
"439","R_1Kx3uuuVaWLo9bi","Day_5_2",0,3,4,28,0,3,1,0,1,52,"FM"
"440","R_1jND0xQqSOQYr9X","Day_5_2",1,4,7,35,0,4,3,0,1,41,"FM"
"441","R_1LiFDgPXpBtnIK6","Day_5_2",1,4,6,67,0,4,2,0,1,49,"FM"
"442","R_27vNA56KyHmQtyU","Day_5_2",1,4,6,35,0,4,2,0,1,50,"FM"
"443","R_exFqdkuLHANyKZP","Day_5_2",1,3,5,29,0,2,2,1,1,50,"FM"
"444","R_3iEDgAiV3AP8m8X","Day_5_2",1,4,6,39,0,4,2,0,1,46,"FM"
"445","R_OsdoD6E1FKFHsw9","Day_5_2",1,4,7,33,0,3,1,0,1,54,"FM"
"446","R_1hz1kFZWpKIf58R","Day_5_3",1,4,7,23,0,4,2,0,1,58,"FM"
"447","R_2qaQMqtIoGwfnYf","Day_5_3",1,3,5,60,1,4,1,1,1,43,"FM"
"448","R_OsdoD6E1FKFHsw9","Day_5_3",1,4,4,33,0,3,1,0,1,54,"FM"
"449","R_3qQknFvrUoCBwPS","Day_5_3",0,2,5,24,1,4,2,0,1,46,"FM"
"450","R_3O32f87tm4h6a6e","Day_5_3",1,3,4,34,1,4,1,0,1,57,"FM"
"451","R_1Dx5CC8LBWeQNxR","Day_5_3",1,3,5,27,1,4,3,0,1,59,"FM"
"452","R_3O7AsSrPlAJs2pD","Day_5_3",1,3,5,39,0,5,1,1,1,61,"FM"
"453","R_sXbKhNb9K6dSr2F","Day_5_3",1,4,6,58,0,4,1,0,1,45,"FM"
"454","R_2uCgtpmtDfHxaMW","Day_5_3",0,3,2,38,0,5,2,0,1,46,"FM"
"455","R_3kNu6MD5ds3Njfa","Day_5_3",1,4,6,42,1,5,2,1,1,40,"FM"
"456","R_3qNDPkjAt7NFDOp","Day_5_3",0,3,5,30,1,2,2,1,1,61,"FM"
"457","R_DAUkiYGCMsVqL1T","Day_5_3",1,3,5,22,0,4,1,0,1,49,"FM"
"458","R_Apn3NGwBk3ko677","Day_5_3",0,3,4,47,0,3,1,0,1,62,"FM"
"459","R_2Ych1DsBT3dkwsS","Day_5_3",0,2,3,46,0,4,1,0,1,61,"FM"
"460","R_2fBPU41ihU8fWoy","Day_5_3",0,2,3,31,1,4,1,0,1,59,"FM"
"461","R_scFn1mwxx5UC0Jr","Day_5_3",1,3,6,39,1,4,1,1,1,65,"FM"
"462","R_Wp3emX41akz72wN","Day_5_3",1,3,5,34,0,5,1,0,1,66,"FM"
"463","R_3is2WtZ8YVpKCrW","Day_5_3",0,2,3,54,0,4,2,0,1,44,"FM"
"464","R_25G9Oj3Oz1bckWo","Day_5_3",0,2,2,58,0,2,1,1,1,55,"FM"
"465","R_2X09OnANVg2Exji","Day_5_3",0,3,4,34,1,4,2,0,1,66,"FM"
"466","R_2SqxncHIYHKr5Pt","Day_5_3",0,2,3,68,1,5,2,0,1,50,"FM"
"467","R_2E6tJkRqyU26MRc","Day_5_3",1,4,7,37,0,5,1,0,1,55,"FM"
"468","R_1Kx3uuuVaWLo9bi","Day_5_3",1,4,5,28,0,3,1,0,1,52,"FM"
"469","R_O9hC6DFaKWQT4U9","Day_5_3",1,3,5,22,0,2,1,0,1,54,"FM"
"470","R_3g4JfMQi1C6pOds","Day_5_3",1,4,6,51,0,4,2,0,1,40,"FM"
"471","R_exFqdkuLHANyKZP","Day_5_3",1,3,5,29,0,2,2,0,1,50,"FM"
"472","R_2EpczuGurvgUtJI","Day_5_3",0,3,4,51,0,4,1,1,1,60,"FM"
"473","R_1IYGxqWEbUt0dej","Day_5_3",1,4,7,27,0,3,2,0,1,36,"FM"
"474","R_XzkMrQJ5nqMFiqB","Day_5_3",1,4,6,45,1,4,2,1,1,50,"FM"
"475","R_3O0l1bztIS0E79D","Day_5_3",1,4,7,42,0,5,3,0,1,57,"FM"
"476","R_1jND0xQqSOQYr9X","Day_5_3",0,2,4,35,0,4,3,1,1,41,"FM"
"477","R_28Vf8dLWto8Ey69","Day_5_4",1,3,5,32,1,2,1,1,1,61,"FM"
"478","R_25zL39zP7wQfHMF","Day_5_4",1,4,5,30,1,3,1,0,1,64,"FM"
"479","R_2WNJ1RjJfCCAFuf","Day_5_4",0,1,1,31,0,2,1,0,1,56,"FM"
"480","R_XzkMrQJ5nqMFiqB","Day_5_4",1,4,6,45,1,4,2,1,1,50,"FM"
"481","R_1riwrUHmqUs39Bq","Day_5_4",0,1,1,24,0,3,1,0,1,59,"FM"
"482","R_efYD2X90SDXjbDr","Day_5_4",1,4,7,37,1,5,1,1,1,62,"FM"
"483","R_25G9Oj3Oz1bckWo","Day_5_4",1,4,7,58,0,2,1,1,1,55,"FM"
"484","R_7TVrVkZV06BiChX","Day_5_4",1,4,6,33,0,4,1,0,1,47,"FM"
"485","R_1IuBLrLpXwEhLJU","Day_5_4",0,1,1,56,0,2,1,0,1,64,"FM"
"486","R_1Dx5CC8LBWeQNxR","Day_5_4",0,1,1,27,1,4,3,0,1,59,"FM"
"487","R_3is2WtZ8YVpKCrW","Day_5_4",0,2,2,54,0,4,2,0,1,44,"FM"
"488","R_1QbFutSDzoqIKdf","Day_5_4",1,4,7,44,1,4,2,0,1,47,"FM"
"489","R_2uCgtpmtDfHxaMW","Day_5_4",0,1,1,38,0,5,2,0,1,46,"FM"
"490","R_1dz6tLKCczIHJ23","Day_5_4",0,2,1,36,0,2,4,0,1,58,"FM"
"491","R_YRBRReZUnwWr7IB","Day_5_4",0,2,3,36,1,2,1,0,1,51,"FM"
"492","R_2X09OnANVg2Exji","Day_5_4",0,1,1,34,1,4,2,0,1,66,"FM"
"493","R_1d6oC64872yBZPi","Day_5_4",1,3,6,25,0,4,2,0,1,55,"FM"
"494","R_2qaQMqtIoGwfnYf","Day_5_4",0,3,6,60,1,4,1,1,1,43,"FM"
"495","R_322SG3CYdIrsSHD","Day_5_4",1,3,5,50,0,4,2,1,1,36,"FM"
"496","R_306sBubDy78bvTJ","Day_5_4",0,2,2,55,0,4,2,0,1,61,"FM"
"497","R_eJLv4Pxag6jn2nv","Day_5_4",1,3,4,59,1,2,3,1,1,52,"FM"
"498","R_Apn3NGwBk3ko677","Day_5_4",0,1,1,47,0,3,1,0,1,62,"FM"
"499","R_sSsZVOcNeOs958R","Day_5_4",0,2,2,50,0,2,2,0,1,56,"FM"
"500","R_3kNu6MD5ds3Njfa","Day_5_4",1,1,6,42,1,5,2,1,1,40,"FM"
"501","R_OsdoD6E1FKFHsw9","Day_5_4",1,4,7,33,0,3,1,0,1,54,"FM"
"502","R_3O32f87tm4h6a6e","Day_5_4",0,1,1,34,1,4,1,0,1,57,"FM"
"503","R_3MGKnyLKXsSAFu5","Day_5_4",1,3,5,25,0,4,2,1,1,66,"FM"
"504","R_1r6pw2VaV9dw5rN","Day_5_4",0,2,3,27,0,4,2,0,1,45,"FM"
"505","R_sXbKhNb9K6dSr2F","Day_5_4",1,4,6,58,0,4,1,0,1,45,"FM"
"506","R_110X7dYcxCvE3Hy","Day_5_4",1,4,7,39,0,2,2,0,1,52,"FM"
"507","R_ZjBiQVnt3vSlo41","Day_5_4",0,2,2,23,1,2,1,1,1,44,"FM"
"508","R_1jND0xQqSOQYr9X","Day_5_4",0,1,2,35,0,4,3,1,1,41,"FM"
"509","R_2zuOITjRGXurXsh","Day_5_4",0,1,1,39,1,6,2,0,1,47,"FM"
"510","R_1IYGxqWEbUt0dej","Day_5_4",0,3,4,27,0,3,2,0,1,36,"FM"
"511","R_2OTonq3wMKFk21w","Day_5_4",1,4,5,50,1,4,3,1,1,44,"FM"
"512","R_211db9TEgPjDt0m","Day_5_4",1,3,6,45,1,4,2,0,1,47,"FM"
"513","R_1LiFDgPXpBtnIK6","Day_5_4",1,4,6,67,0,4,2,1,1,49,"FM"
"514","R_3qQknFvrUoCBwPS","Day_5_4",0,2,6,24,1,4,2,0,1,46,"FM"
"515","R_1hz1kFZWpKIf58R","Day_5_4",1,3,6,23,0,4,2,0,1,58,"FM"
"516","R_3EZjTABsiUlbONS","Day_6_1",0,1,2,50,1,3,3,1,1,65,"FM"
"517","R_21mJSgpeXiCpnlJ","Day_6_1",0,1,1,26,0,3,1,0,1,50,"FM"
"518","R_0qxXxT2096WCgOB","Day_6_1",1,3,6,33,0,4,2,1,1,44,"FM"
"519","R_ODn5nHEjz2EA8wN","Day_6_1",0,1,1,43,0,5,2,0,1,57,"FM"
"520","R_1gexZ1oqGVoRnz4","Day_6_1",0,1,1,32,0,2,1,0,1,65,"FM"
"521","R_33B9XrQ17CumFeo","Day_6_1",1,4,7,22,1,2,1,1,1,46,"FM"
"522","R_8CamAreDm4BsSzL","Day_6_1",0,2,1,24,1,4,1,0,1,61,"FM"
"523","R_AikOw7YQntZtWuZ","Day_6_1",0,2,3,26,1,4,2,0,1,65,"FM"
"524","R_3dDEVnHTFDttL0H","Day_6_1",1,4,6,48,1,4,2,1,1,39,"FM"
"525","R_Y084AN74VgOMcmd","Day_6_1",0,1,1,49,1,4,2,1,1,66,"FM"
"526","R_2wzaF2gk19w1xld","Day_6_1",0,3,4,27,0,4,1,0,1,55,"FM"
"527","R_2331kLNovuSPrlz","Day_6_1",0,1,1,26,0,4,1,0,1,60,"FM"
"528","R_1hXfnu4F9jyOhWA","Day_6_1",1,4,7,31,1,4,2,1,1,40,"FM"
"529","R_1rfCbFEFx6PgwP4","Day_6_1",0,1,2,45,0,2,2,0,1,51,"FM"
"530","R_C8q3A5BWO0A1HRT","Day_6_1",1,3,5,41,1,5,2,0,1,45,"FM"
"531","R_DFTmuMp5TwuMmuR","Day_6_1",0,2,4,54,0,2,2,1,1,54,"FM"
"532","R_3CK3GAFPCgOhFJ0","Day_6_1",0,1,1,35,0,2,1,0,1,55,"FM"
"533","R_pEJ2zRniCQtG5od","Day_6_1",0,1,1,30,1,4,4,0,1,61,"FM"
"534","R_Uuw6QNsHZC9xYgp","Day_6_1",0,1,1,63,1,3,2,0,1,60,"FM"
"535","R_1EiZlx7SqdknrKq","Day_6_1",1,4,5,23,1,2,1,1,1,43,"FM"
"536","R_DP4HesDzyIj2gHD","Day_6_1",1,3,5,48,1,2,2,0,1,49,"FM"
"537","R_3oRuVRm0wWSsozh","Day_6_1",1,4,4,36,0,2,2,1,1,49,"FM"
"538","R_2ZOEVPnH4ot1i3H","Day_6_1",0,2,5,44,1,4,1,0,1,55,"FM"
"539","R_1reThb0k0XZRTJk","Day_6_1",0,2,3,34,1,4,1,0,1,60,"FM"
"540","R_2uWgH4WTF4qBMb0","Day_6_1",1,3,6,24,0,4,2,0,1,52,"FM"
"541","R_sSWbtPJBOtJ5jpf","Day_6_1",0,1,2,42,1,5,3,0,1,66,"FM"
"542","R_3iU9nT30PN5iPB9","Day_6_1",0,3,4,27,1,4,2,1,1,60,"FM"
"543","R_3HnX5WU01v29KU5","Day_6_4",0,2,2,43,1,4,1,0,1,54,"FM"
"544","R_1rfCbFEFx6PgwP4","Day_6_4",0,1,2,45,0,2,2,0,1,51,"FM"
"545","R_4TtdvsJ0SMskWop","Day_6_4",1,3,6,23,0,4,2,1,1,37,"FM"
"546","R_3Mm2I20FnXwKuA6","Day_6_4",1,3,5,25,0,4,3,0,1,44,"FM"
"547","R_A6FUx0rqgG8lYVr","Day_6_4",1,4,7,39,1,2,1,1,1,61,"FM"
"548","R_1hXfnu4F9jyOhWA","Day_6_4",1,4,7,31,1,4,2,1,1,40,"FM"
"549","R_8CamAreDm4BsSzL","Day_6_4",0,2,1,24,1,4,1,0,1,61,"FM"
"550","R_2PhE26kxmwfkJ0L","Day_6_4",0,2,3,32,0,4,3,1,1,58,"FM"
"551","R_PTowiHIhzebf173","Day_6_4",0,2,3,30,1,3,3,0,1,56,"FM"
"552","R_bPcgbNgdkNnjrQR","Day_6_4",0,3,2,42,0,5,4,0,1,66,"FM"
"553","R_DFTmuMp5TwuMmuR","Day_6_4",0,3,4,54,0,2,2,1,1,54,"FM"
"554","R_1IkQzvoGKaQSRwd","Day_6_4",0,2,4,40,0,3,3,1,1,62,"FM"
"555","R_2rtV9W1VaNKIkMx","Day_6_4",0,1,1,31,0,4,1,0,1,57,"FM"
"556","R_272kHmHvDab6sPq","Day_6_4",1,3,3,23,0,2,2,0,1,60,"FM"
"557","R_2az6jvLqmSdzZCM","Day_6_4",1,4,7,40,0,4,1,1,1,43,"FM"
"558","R_pEJ2zRniCQtG5od","Day_6_4",0,1,1,30,1,4,4,0,1,61,"FM"
"559","R_2331kLNovuSPrlz","Day_6_4",0,1,6,26,0,4,1,0,1,60,"FM"
"560","R_Y084AN74VgOMcmd","Day_6_4",0,2,5,49,1,4,2,1,1,66,"FM"
"561","R_AikOw7YQntZtWuZ","Day_6_4",1,3,5,26,1,4,2,0,1,65,"FM"
"562","R_3iU9nT30PN5iPB9","Day_6_4",0,1,2,27,1,4,2,1,1,60,"FM"
"563","R_1EiZlx7SqdknrKq","Day_6_4",1,4,6,23,1,2,1,1,1,43,"FM"
"564","R_33B9XrQ17CumFeo","Day_6_4",1,4,7,22,1,2,1,1,1,46,"FM"
"565","R_1DBbGoILdVFzBXZ","Day_6_4",0,1,1,34,0,5,3,0,1,56,"FM"
"566","R_3jcZxVN9Jv8MTsP","Day_7_2",1,4,7,50,1,4,2,1,1,48,"FM"
"567","R_2co58HgVHJG6aEp","Day_7_2",1,4,6,40,0,2,2,1,1,60,"FM"
"568","R_1gHmcRzCty24XY1","Day_7_2",1,4,7,36,1,2,3,0,1,60,"FM"
"569","R_278L0AbZkM9VIrJ","Day_7_2",1,4,6,40,1,4,2,0,1,42,"FM"
"570","R_wLiVtnergXVNjB7","Day_7_2",1,3,5,22,0,4,1,0,1,45,"FM"
"571","R_3GwRSI7oLGsG69m","Day_7_2",1,4,7,62,1,2,2,1,1,63,"FM"
"572","R_2q1Nk6VRH2fUuk5","Day_7_2",1,3,4,35,0,4,1,1,1,48,"FM"
"573","R_3KUdv0FXRQUV3Ij","Day_7_2",0,2,5,26,0,4,1,0,1,52,"FM"
"574","R_2sXtkPvy3AsYoqk","Day_7_2",0,3,5,39,0,2,2,1,1,64,"FM"
"575","R_8q9keRrmJ29KlRD","Day_7_2",1,4,7,26,0,4,2,1,1,45,"FM"
"576","R_r6c7J6A66PnTfi1","Day_7_2",0,2,3,35,0,5,2,1,1,56,"FM"
"577","R_3kBurY8B9NIlHIT","Day_7_2",1,4,6,37,1,4,3,1,1,51,"FM"
"578","R_33BeyoX9XNMMGjf","Day_9_3",1,4,7,42,0,4,1,1,1,56,"FM"
"579","R_1j70nZZnllXI612","Day_9_3",1,4,6,33,1,4,2,1,1,47,"FM"
"580","R_2V7N3TInNMHaEgv","Day_9_3",0,3,4,46,1,4,2,1,1,66,"FM"
"581","R_DM1q4o4318oGk0N","Day_9_3",0,3,5,29,0,4,1,0,1,42,"FM"
"582","R_1IWNwDtV2ycky2t","Day_9_3",1,4,7,38,1,4,2,1,1,66,"FM"
"583","R_30dk6wdup0rU3fY","Day_9_3",0,3,4,28,1,2,2,0,1,57,"FM"
"584","R_2S1e4JKo98MybZW","Day_9_3",0,2,3,36,1,2,1,1,1,63,"FM"
"585","R_2SrwPT5XEqnjq3y","Day_9_3",0,3,5,19,0,2,1,0,1,53,"FM"
"586","R_1CdTvSZD2SCwCTc","Day_9_3",0,3,4,35,0,4,2,0,1,56,"FM"
"587","R_2rZ0VqJ8VWMRB0C","Day_9_3",1,4,7,33,1,4,2,1,1,54,"FM"
"588","R_1P6MQAwGMgs0Loo","Day_9_3",1,3,5,39,0,4,3,0,1,40,"FM"
"589","R_1mQbS6eXGog8n3j","Day_9_3",0,3,4,57,1,6,2,0,1,51,"FM"
"590","R_1dK16k7dgLyPHcs","Day_9_3",0,3,4,36,1,5,1,1,1,62,"FM"
"591","R_D5Hy9CjPZ4vqVSp","Day_9_3",0,3,4,38,1,5,2,0,1,42,"FM"
"592","R_rcgF4h6LylUXPUd","Day_9_3",0,2,1,23,0,3,1,0,1,62,"FM"
"593","R_22LCo65IgjdqFmU","Day_9_3",0,2,3,48,1,2,1,1,1,54,"FM"
"594","R_1IhGVm1ZaQ38Kea","Day_9_3",1,4,7,42,0,2,2,0,1,55,"FM"
"595","R_2QEWqk6A2nnsg7O","Day_9_3",1,4,6,26,0,3,2,0,1,53,"FM"
"596","R_3P7x5JWi3Xcbsqi","Day_9_3",1,4,7,25,1,2,2,0,1,64,"FM"
"597","R_1gtqeumqir3Fl3t","Day_9_3",0,2,2,32,0,4,3,0,1,66,"FM"
"598","R_22Ajbg9iqzxHf7z","Day_9_3",1,4,6,21,0,4,1,0,1,56,"FM"
"599","R_3fYK2X9GZLna7m9","Day_9_3",1,3,5,42,0,2,1,0,1,37,"FM"
"600","R_qONgB05UkJrDcGZ","Day_9_3",1,4,7,52,0,2,2,0,1,42,"FM"
"601","R_RFCL5PXffVqqBwJ","Day_9_3",0,3,4,24,1,2,1,0,1,47,"FM"
"602","R_1hWouDbgPThmJAQ","Day_9_3",0,1,1,46,0,3,2,1,1,61,"FM"
"603","R_3MQEoeRbDGA91jx","Day_9_3",1,3,7,31,1,4,2,1,1,47,"FM"
"604","R_6nz7dRuVVuGySgF","Day_9_3",1,4,5,22,1,2,1,0,1,39,"FM"
"605","R_3JqGYdN07AFVzOf","Day_9_3",0,1,1,41,0,4,1,0,1,50,"FM"
"606","R_SHIu8anABwVwNMZ","Day_9_3",1,4,7,33,1,4,2,1,1,49,"FM"
"607","R_1pMyIpg5dKkSyF4","Day_9_3",1,4,7,39,1,3,2,1,1,57,"FM"
"608","R_1hZlcXLMmDVZudI","Day_9_3",0,2,3,30,0,3,2,1,1,62,"FM"
"609","R_2SHA4PAmYMekNQQ","Day_1_1",0,2,2,24,1,2,2,0,0,45,"FM"
"610","R_3EL9GaQ4jhW6VFE","Day_1_1",0,2,2,52,1,4,3,0,0,62,"FM"
"611","R_DIApoRkc5XHMSiJ","Day_1_1",1,3,6,32,0,4,2,0,0,64,"FM"
"612","R_1MQkyKlJCdcOCfL","Day_1_1",1,4,6,44,0,2,1,0,0,58,"FM"
"613","R_3QYupCANSk9IRmF","Day_1_1",1,4,6,30,1,2,2,0,0,54,"FM"
"614","R_3HLER1xd2xdblTA","Day_1_1",0,2,3,53,1,2,2,0,0,58,"FM"
"615","R_27BUxX1hrag93bU","Day_1_1",1,3,6,35,0,4,2,0,0,56,"FM"
"616","R_sSDb8askd89uHIZ","Day_1_1",1,4,6,28,0,2,1,0,0,50,"FM"
"617","R_31YrTcs39YzlWEt","Day_1_1",0,3,4,55,0,3,2,1,0,47,"FM"
"618","R_d72CcNq6RUTok0N","Day_1_1",0,2,3,29,1,2,2,1,0,54,"FM"
"619","R_23UHYgIKYY7beZ8","Day_1_1",1,4,7,31,0,4,2,0,0,63,"FM"
"620","R_1luiNDjHNMxyf6l","Day_1_1",1,4,6,40,1,4,3,1,0,55,"FM"
"621","R_1pFr2EgT5XEN885","Day_1_1",0,1,1,43,1,5,2,0,0,57,"FM"
"622","R_23fvz3TGpwRq52c","Day_1_1",0,1,2,24,0,4,3,0,0,50,"FM"
"623","R_2uBYONSl8Gd3Itq","Day_1_1",1,4,7,37,1,5,4,1,0,66,"FM"
"624","R_poSOYUdgYWcWE0x","Day_1_1",1,4,6,29,1,5,1,0,0,59,"FM"
"625","R_1OrWwRmUOtbPgMp","Day_1_1",1,4,7,49,0,3,1,0,0,60,"FM"
"626","R_3jcHGUIE2balYmO","Day_1_1",1,3,5,40,1,2,1,1,0,55,"FM"
"627","R_3s6zPRuIThij9Ee","Day_1_1",1,4,7,39,0,4,1,1,0,54,"FM"
"628","R_10HKlUuSWljvrqp","Day_1_1",0,2,4,28,1,4,1,0,0,43,"FM"
"629","R_yR7pnvolKnraNK9","Day_1_1",0,2,2,47,1,4,2,1,0,66,"FM"
"630","R_3e3L1pS99R8qcCE","Day_1_1",1,3,6,67,0,4,2,0,0,58,"FM"
"631","R_2bPMGVyo9T9t8oP","Day_1_1",0,1,1,32,1,3,1,0,0,60,"FM"
"632","R_1P0Q5sxtr30wamF","Day_1_1",0,1,1,42,1,4,2,0,0,59,"FM"
"633","R_1lfB5upbU8O7YfV","Day_1_1",1,4,6,30,0,4,1,1,0,57,"FM"
"634","R_1mVKCgBSFndXcNM","Day_1_1",0,2,2,29,1,4,2,0,0,50,"FM"
"635","R_z5YqiZXOR1TESOJ","Day_1_1",0,2,3,48,1,2,1,0,0,47,"FM"
"636","R_27mzK8fKw0Cbyo4","Day_1_1",1,4,6,33,0,3,1,1,0,54,"FM"
"637","R_1iebICloigpJcNG","Day_1_1",0,2,3,39,1,2,1,1,0,57,"FM"
"638","R_1f1lcPfCp1Os9c1","Day_1_1",0,1,2,32,1,4,1,0,0,53,"FM"
"639","R_2uJJo3vn4MnFN3C","Day_1_1",0,3,5,50,0,5,4,1,0,59,"FM"
"640","R_12i5eDf0NB2NI5K","Day_1_1",0,2,3,38,1,4,1,1,0,61,"FM"
"641","R_qOYNC0Fk12NOQtr","Day_1_1",1,3,6,29,1,2,2,1,0,52,"FM"
"642","R_2zl0F69loi1ZuKe","Day_1_1",0,3,4,62,0,4,1,1,0,52,"FM"
"643","R_3dH3EJY79W5aW1W","Day_1_1",0,1,1,56,0,3,2,0,0,64,"FM"
"644","R_2CrKC2o8rkGy5sI","Day_1_1",0,2,3,50,1,5,2,0,0,64,"FM"
"645","R_T5ynVswOt2OjVRL","Day_1_1",0,3,4,43,0,3,2,0,0,56,"FM"
"646","R_2aQwDG2A895VYak","Day_1_1",0,2,3,40,0,3,1,0,0,50,"FM"
"647","R_2rpusZesPEFARAJ","Day_1_1",0,1,1,71,1,5,1,0,0,56,"FM"
"648","R_1CyjFN08tCtRUPM","Day_1_1",0,3,4,52,0,4,3,0,0,58,"FM"
"649","R_2qq6C028YMrog23","Day_1_1",0,3,5,66,1,5,2,1,0,48,"FM"
"650","R_3n0i6n1NNgrVPRP","Day_1_1",0,2,3,34,1,4,1,0,0,48,"FM"
"651","R_26mQdc8Zux3gJHh","Day_1_1",1,4,7,50,1,5,4,1,0,52,"FM"
"652","R_3ezsba9muO8vbFv","Day_1_1",0,1,1,25,0,4,4,0,0,66,"FM"
"653","R_SPmPHLfa1iJ2v97","Day_1_1",0,2,2,35,0,2,3,0,0,59,"FM"
"654","R_s7HD2m3E9ynGNLH","Day_1_1",0,2,2,72,0,2,1,0,0,40,"FM"
"655","R_2v3a8C3nHBKQnBy","Day_1_1",1,3,6,46,1,5,2,1,0,46,"FM"
"656","R_3DbB1HXzP58EhQ3","Day_1_1",1,4,7,37,0,4,2,1,0,41,"FM"
"657","R_2tbvkcOyVhwDjb2","Day_1_1",0,1,2,40,1,4,2,0,0,53,"FM"
"658","R_3Kwj6A2aBFbRYDJ","Day_1_1",0,3,4,41,0,3,1,0,0,49,"FM"
"659","R_1ePP6M0xrILmcje","Day_1_1",0,1,6,35,1,3,1,0,0,64,"FM"
"660","R_55a06OFtpwOUIM1","Day_1_1",0,1,1,32,0,4,1,1,0,66,"FM"
"661","R_22t2HIeTMqiaiCa","Day_1_1",1,4,7,35,0,2,1,1,0,48,"FM"
"662","R_1K9F5L3BKUsOua6","Day_1_1",0,4,5,46,0,2,2,1,0,28,"FM"
"663","R_3rMJTpw2eyXi87h","Day_1_1",0,1,1,30,1,4,2,0,0,66,"FM"
"664","R_2dMFbNQkjManOjV","Day_1_1",0,2,3,32,1,4,2,0,0,64,"FM"
"665","R_ehQbxaYKTXyU6zv","Day_1_1",1,4,7,31,1,4,1,1,0,63,"FM"
"666","R_2xQnx0jBQoNdaFL","Day_1_1",1,3,7,50,1,4,2,1,0,65,"FM"
"667","R_3QXDW8eZ7d73oor","Day_1_1",0,2,3,25,0,5,2,0,0,40,"FM"
"668","R_BxL0w0a4wPBU7K1","Day_1_1",0,2,3,39,0,4,2,0,0,66,"FM"
"669","R_31BnlMya1nYwVu4","Day_1_1",0,2,3,43,1,2,2,0,0,65,"FM"
"670","R_1mVhYD2WrwXJKJ9","Day_1_1",1,4,7,39,0,4,2,0,0,53,"FM"
"671","R_rcFF25UIWNrCLEB","Day_1_3",1,4,7,58,1,4,1,0,0,61,"FM"
"672","R_2CNwGybcIQnEktJ","Day_1_3",0,1,1,28,1,2,1,0,0,53,"FM"
"673","R_1mVhYD2WrwXJKJ9","Day_1_3",1,4,7,39,0,4,2,0,0,53,"FM"
"674","R_2COKghWcJFaG2QY","Day_1_3",1,3,5,56,0,4,4,0,0,42,"FM"
"675","R_117sQcp0GuxoSJi","Day_1_3",1,4,5,42,0,4,1,0,0,60,"FM"
"676","R_s7HD2m3E9ynGNLH","Day_1_3",0,2,3,72,0,2,1,0,0,40,"FM"
"677","R_Ck0LOwrXY9BBpLz","Day_1_3",0,1,1,25,0,4,2,0,0,55,"FM"
"678","R_23UHYgIKYY7beZ8","Day_1_3",1,3,6,31,0,4,2,0,0,63,"FM"
"679","R_vOk3KIG6Brou7ol","Day_1_3",0,1,1,34,1,3,1,0,0,50,"FM"
"680","R_1mJc44O1JoTUv3O","Day_1_3",1,4,7,47,1,4,1,0,0,65,"FM"
"681","R_velIFfia1bfFV8l","Day_1_3",0,3,5,24,1,2,1,0,0,64,"FM"
"682","R_2uJJo3vn4MnFN3C","Day_1_3",0,1,2,50,0,5,4,0,0,59,"FM"
"683","R_9poi1PMOfUlIOVH","Day_1_3",0,2,4,29,0,3,1,0,0,64,"FM"
"684","R_22ViTzEFVSwllnP","Day_1_3",0,1,1,33,0,2,1,0,0,56,"FM"
"685","R_3dVS8YYhX51iWDb","Day_1_3",0,3,4,26,1,4,4,0,0,50,"FM"
"686","R_D34sAmKvq9ujWTf","Day_1_3",0,2,3,30,1,2,1,0,0,50,"FM"
"687","R_2E0RrGQFeT7j4zk","Day_1_3",0,1,1,38,1,4,4,0,0,66,"FM"
"688","R_3gTbPk6cj8CguwO","Day_1_3",1,3,5,36,0,3,1,0,0,63,"FM"
"689","R_2axn6JVgiduOlyF","Day_1_3",0,2,3,25,1,2,2,0,0,51,"FM"
"690","R_3I4XfQnYB0IEkNZ","Day_1_3",0,3,4,27,1,4,3,0,0,40,"FM"
"691","R_31BnlMya1nYwVu4","Day_1_3",0,2,3,43,1,2,2,0,0,65,"FM"
"692","R_3HLER1xd2xdblTA","Day_1_3",1,4,6,53,1,2,2,0,0,58,"FM"
"693","R_1QuU671mMTHeSVk","Day_1_3",0,2,3,52,0,4,1,0,0,55,"FM"
"694","R_d72CcNq6RUTok0N","Day_1_3",0,2,3,29,1,2,2,0,0,54,"FM"
"695","R_Q0y3SadbOPnb3Ut","Day_1_3",0,1,2,66,1,3,2,0,0,60,"FM"
"696","R_2bPMGVyo9T9t8oP","Day_1_3",0,2,4,32,1,3,1,0,0,60,"FM"
"697","R_1K9F5L3BKUsOua6","Day_1_3",0,3,3,46,0,2,2,0,0,28,"FM"
"698","R_VWO7dQ95VxSmIyR","Day_1_3",1,3,5,53,0,5,2,0,0,51,"FM"
"699","R_2CrKC2o8rkGy5sI","Day_1_3",0,2,2,50,1,5,2,0,0,64,"FM"
"700","R_1LwmPqsZ3VU1MCY","Day_1_3",0,2,3,39,1,4,2,0,0,58,"FM"
"701","R_1EgtX4AKhOHU7SY","Day_1_3",0,3,4,23,1,2,2,0,0,51,"FM"
"702","R_1OgcarKXnozj8Hf","Day_1_3",0,1,1,22,0,5,2,0,0,46,"FM"
"703","R_3lzvqhmsACeCOTx","Day_1_3",1,3,5,60,1,1,1,0,0,41,"FM"
"704","R_2PAnNpcbbNdhqR0","Day_1_3",1,3,4,32,1,4,3,0,0,42,"FM"
"705","R_55a06OFtpwOUIM1","Day_1_3",0,3,4,32,0,4,1,0,0,66,"FM"
"706","R_27mzK8fKw0Cbyo4","Day_1_3",0,2,2,33,0,3,1,0,0,54,"FM"
"707","R_BxL0w0a4wPBU7K1","Day_1_3",0,2,3,39,0,4,2,0,0,66,"FM"
"708","R_2B2I0tfdYLLWaDz","Day_1_3",0,2,3,33,1,4,1,0,0,59,"FM"
"709","R_3dH3EJY79W5aW1W","Day_1_3",0,2,2,56,0,3,2,0,0,64,"FM"
"710","R_3EL9GaQ4jhW6VFE","Day_1_3",0,1,1,52,1,4,3,0,0,62,"FM"
"711","R_1iebICloigpJcNG","Day_1_3",1,3,5,39,1,2,1,0,0,57,"FM"
"712","R_1C6ZKwgBj0StJwU","Day_1_3",1,4,6,25,1,4,2,0,0,39,"FM"
"713","R_poSOYUdgYWcWE0x","Day_1_3",0,3,6,29,1,5,1,0,0,59,"FM"
"714","R_2xQnx0jBQoNdaFL","Day_1_3",1,3,5,50,1,4,2,0,0,65,"FM"
"715","R_3png4HpyErO9r8B","Day_1_3",0,3,4,60,1,4,1,0,0,53,"FM"
"716","R_3QXDW8eZ7d73oor","Day_1_3",0,1,1,25,0,5,2,0,0,40,"FM"
"717","R_1MQkyKlJCdcOCfL","Day_1_3",1,3,5,44,0,2,1,0,0,58,"FM"
"718","R_1pFr2EgT5XEN885","Day_1_3",0,3,5,43,1,5,2,0,0,57,"FM"
"719","R_2AN0WJrztQOAllS","Day_1_3",0,2,2,60,1,4,1,0,0,66,"FM"
"720","R_1i4LXivIpu7vdr1","Day_1_3",1,4,6,65,1,4,1,0,0,40,"FM"
"721","R_sSDb8askd89uHIZ","Day_1_3",0,2,3,28,0,2,1,0,0,50,"FM"
"722","R_2aQwDG2A895VYak","Day_1_3",0,2,3,40,0,3,1,0,0,50,"FM"
"723","R_3lud9cKSaIihlMi","Day_1_3",0,2,2,36,1,4,3,0,0,65,"FM"
"724","R_3QYupCANSk9IRmF","Day_1_3",0,2,4,30,1,2,2,0,0,54,"FM"
"725","R_22KXG1ASfl9xfEz","Day_1_3",1,4,7,50,0,4,1,0,0,59,"FM"
"726","R_3JxTg6zHgt6JMLN","Day_1_3",0,2,3,30,0,4,1,0,0,41,"FM"
"727","R_2pPQAmaWmPwb2LX","Day_1_3",0,1,1,35,1,4,2,0,0,60,"FM"
"728","R_0qznybEFNQxbgOt","Day_1_3",1,4,5,46,0,4,1,0,0,36,"FM"
"729","R_2QxtMjA6QsrBSDr","Day_1_3",0,2,4,32,1,2,2,0,0,62,"FM"
"730","R_1OrWwRmUOtbPgMp","Day_1_3",0,1,6,49,0,3,1,0,0,60,"FM"
"731","R_3ezsba9muO8vbFv","Day_1_3",0,1,1,25,0,4,4,0,0,66,"FM"
"732","R_3syUgK2rJa4iFJ5","Day_1_3",1,3,6,37,0,5,1,0,0,45,"FM"
"733","R_3eHpYvbOUXaJABj","Day_1_3",1,3,5,30,0,4,3,0,0,59,"FM"
"734","R_rcdJVezxSblMALf","Day_1_3",0,2,2,56,1,4,2,0,0,52,"FM"
"735","R_r3jqXmcEcqNve5H","Day_1_3",0,2,5,51,1,4,1,0,0,64,"FM"
"736","R_1K9JK7j6P0bTmih","Day_10_3",0,2,6,47,0,5,2,0,0,56,"FM"
"737","R_3h3nH0e9nKamm8o","Day_10_3",0,2,3,31,1,4,1,1,0,65,"FM"
"738","R_x5gKtU1mOfgJ2tH","Day_10_3",1,4,7,33,1,5,1,0,0,40,"FM"
"739","R_2Bl0CNqsIXSGFjQ","Day_10_3",0,1,1,24,1,3,2,0,0,52,"FM"
"740","R_1KjTNIBPcg7JYWX","Day_10_3",0,3,5,25,0,4,4,0,0,46,"FM"
"741","R_1Kjy0hdw4cOfT3q","Day_10_3",0,2,2,29,0,4,2,0,0,42,"FM"
"742","R_yJaDEjukx0X3RUR","Day_10_3",0,2,2,31,0,4,1,1,0,57,"FM"
"743","R_1OvEr8j8xflYJEM","Day_10_3",0,2,2,30,0,2,2,0,0,52,"FM"
"744","R_3MPrB3Tz3VpDd9U","Day_10_3",0,2,3,59,0,4,1,0,0,50,"FM"
"745","R_3jUtD7L2gxIOqn0","Day_10_3",0,2,4,51,1,3,1,0,0,51,"FM"
"746","R_3dSyZjwEQS864g5","Day_10_3",0,1,2,34,0,5,1,0,0,63,"FM"
"747","R_2wAJzfFjosTYiVp","Day_10_3",1,3,6,25,1,4,3,0,0,62,"FM"
"748","R_126cXYOZ6y4hgcE","Day_10_3",0,2,2,53,0,3,1,0,0,41,"FM"
"749","R_3KqIj6pCs8FybNc","Day_10_3",1,3,5,36,0,4,4,0,0,51,"FM"
"750","R_3Rz0ILtoPFFqCx3","Day_10_3",0,2,3,53,0,5,1,0,0,63,"FM"
"751","R_rjWdX2zF7RsqFy1","Day_10_3",0,2,3,45,1,2,1,1,0,58,"FM"
"752","R_2bQyy27TsUgJLJe","Day_10_3",0,1,1,52,1,6,3,1,0,51,"FM"
"753","R_3qqc34OXqbtfNEh","Day_10_3",1,4,6,31,0,3,2,0,0,64,"FM"
"754","R_1M0TPCok2Wdr37R","Day_10_3",1,4,7,33,1,4,2,1,0,50,"FM"
"755","R_1eISAp0VDujBMdn","Day_10_3",0,3,4,42,0,5,3,1,0,36,"FM"
"756","R_1GMjP1KdMRjJwGt","Day_10_3",0,2,2,68,1,5,1,0,0,63,"FM"
"757","R_3EbSrWAneNSCZcK","Day_10_3",0,2,5,29,0,4,1,0,0,34,"FM"
"758","R_Brd0UMM22YSiZvH","Day_10_3",1,4,6,56,0,2,1,0,0,42,"FM"
"759","R_2B410FWB4K29Yql","Day_10_3",0,1,1,37,1,4,1,0,0,56,"FM"
"760","R_cSCVSTiF30Xnl3H","Day_10_3",1,4,6,39,0,3,2,1,0,38,"FM"
"761","R_1Nmk5m3Cez2t2yj","Day_10_3",1,4,7,22,0,2,1,0,0,51,"FM"
"762","R_oYLAHgPY9OsPwUV","Day_10_3",1,3,5,53,1,2,2,1,0,37,"FM"
"763","R_2ARv3Z4xQTzKsjA","Day_10_3",0,1,1,28,1,2,1,0,0,61,"FM"
"764","R_3CTQMAEFIEKCKls","Day_10_3",0,1,1,56,1,4,1,0,0,66,"FM"
"765","R_1go08oMZRNJcKiv","Day_10_3",0,1,2,55,0,3,3,0,0,56,"FM"
"766","R_2tyYgs9fr4wkREA","Day_10_3",1,4,6,67,0,2,2,0,0,54,"FM"
"767","R_1d4FsPxAtL2DTKB","Day_10_3",0,2,3,53,1,4,2,0,0,61,"FM"
"768","R_tKcDBhNYz3ZM037","Day_10_3",1,4,7,33,1,4,2,1,0,50,"FM"
"769","R_1ohxyk1FEOHZq45","Day_10_3",1,4,7,38,0,4,1,1,0,40,"FM"
"770","R_2eQCPYk7v2gP6SY","Day_10_3",0,1,1,25,0,4,1,0,0,60,"FM"
"771","R_3m1qIusQ4S1tJn1","Day_10_3",1,4,7,41,0,5,3,1,0,64,"FM"
"772","R_1IlYu5J6A4Gus2v","Day_10_3",1,4,7,33,1,4,2,1,0,47,"FM"
"773","R_1jAGhDgCUyTej7X","Day_10_3",0,3,3,65,0,3,2,0,0,51,"FM"
"774","R_OdKwOvLm5aaZtSN","Day_10_3",0,2,4,26,1,5,1,0,0,55,"FM"
"775","R_30wqwx29tWHQzOb","Day_10_3",1,3,6,27,0,5,1,0,0,52,"FM"
"776","R_2CfhXGFONCrKCkb","Day_10_3",1,3,5,33,1,4,1,0,0,42,"FM"
"777","R_2V3d6pQToT1T816","Day_10_3",1,4,4,38,0,2,2,0,0,55,"FM"
"778","R_Pvveyeq3Bf9wVl7","Day_10_3",0,3,5,53,1,4,2,0,0,66,"FM"
"779","R_2zo9NGogoXSNaaD","Day_10_3",1,3,4,46,0,4,2,0,0,43,"FM"
"780","R_2eVIGKjrquZ2e6j","Day_10_3",1,3,4,55,0,2,1,1,0,51,"FM"
"781","R_2b48Dz5DU2gUP8o","Day_10_3",0,3,5,32,0,3,2,0,0,36,"FM"
"782","R_5cNU3lPoD6RU6s1","Day_10_3",1,3,7,70,0,2,1,0,0,54,"FM"
"783","R_WxqWFEJguoJKrpn","Day_10_3",1,4,4,36,0,4,1,1,0,40,"FM"
"784","R_1pmJAwwtEc83tks","Day_10_3",0,3,4,33,0,4,1,0,0,54,"FM"
"785","R_2ePXFAcs2vINg2r","Day_10_3",0,2,4,27,0,4,1,1,0,58,"FM"
"786","R_b1quUlyjS0yDHk5","Day_10_3",0,2,3,25,0,4,2,0,0,46,"FM"
"787","R_1jVNbLp57CWXDUq","Day_10_3",1,4,7,34,0,4,2,0,0,61,"FM"
"788","R_2uWAJnsHSh8w3rR","Day_10_3",0,2,3,30,1,2,2,0,0,46,"FM"
"789","R_6rrrkiPdMeiwXf3","Day_10_3",0,2,2,39,1,4,2,0,0,63,"FM"
"790","R_0oHVSEcsGWhll1T","Day_10_3",0,1,1,39,0,4,1,0,0,55,"FM"
"791","R_0oXV07nRfpuSqA1","Day_11_1",0,2,2,54,1,3,2,0,0,65,"FM"
"792","R_3KpYDnR7EUyCWO1","Day_11_1",1,4,6,22,0,2,2,1,0,53,"FM"
"793","R_1ml9OcGld9F7iBu","Day_11_1",1,4,6,28,1,4,1,0,0,56,"FM"
"794","R_2cAUAQD5wPqNGao","Day_11_1",0,1,1,38,1,4,4,0,0,51,"FM"
"795","R_3EAyn00ENRtvJX7","Day_11_1",1,3,4,28,0,4,1,0,0,33,"FM"
"796","R_210NW53SROlzOLj","Day_11_1",0,2,4,37,0,2,1,0,0,53,"FM"
"797","R_3jczQ5faCtDorCj","Day_11_1",1,4,7,42,0,3,2,1,0,60,"FM"
"798","R_2E69dHXxVnZG9Kw","Day_11_1",1,3,6,44,1,5,3,0,0,61,"FM"
"799","R_2WShcCJaA8gTXl2","Day_11_1",1,4,7,70,0,6,1,1,0,43,"FM"
"800","R_1N2BQrCz2AZlnr8","Day_11_1",0,3,5,37,0,4,3,1,0,58,"FM"
"801","R_2ASTpjSp4VOCDws","Day_11_1",1,4,7,60,1,4,3,1,0,66,"FM"
"802","R_BtvxZkAXv1K92I9","Day_11_1",0,1,7,36,1,4,2,0,0,63,"FM"
"803","R_pH7TWuK1f40aJq1","Day_11_1",0,2,3,39,1,5,2,0,0,62,"FM"
"804","R_2WUoR8vPwNjhrUu","Day_11_1",0,2,3,38,1,3,2,0,0,65,"FM"
"805","R_C90FbTs2kaHEsEx","Day_11_1",0,2,4,46,0,5,2,0,0,64,"FM"
"806","R_21oyjrFGWf21aS5","Day_11_1",0,1,1,32,1,4,4,0,0,65,"FM"
"807","R_u83ezPYdRkmUDkt","Day_11_1",1,4,7,28,1,2,2,0,0,64,"FM"
"808","R_3qgP7KGy4ZfbmTd","Day_11_1",0,2,3,27,0,2,2,0,0,55,"FM"
"809","R_3Mnz1Upra4lnodG","Day_11_1",0,2,2,74,1,6,2,0,0,65,"FM"
"810","R_pnOulCYSK2WhXhf","Day_11_1",1,3,5,39,1,5,3,1,0,60,"FM"
"811","R_1lmHzor7QgKcdCl","Day_11_1",1,3,5,33,1,4,2,1,0,40,"FM"
"812","R_3lSsdnVQEPaKFvA","Day_11_1",0,2,4,30,1,4,2,0,0,61,"FM"
"813","R_3MJQe2LIE4Udolk","Day_11_1",0,2,4,44,1,4,3,0,0,54,"FM"
"814","R_vPTe7KVNi1efNqp","Day_11_1",1,3,4,33,0,3,1,0,0,52,"FM"
"815","R_2VDSMfTvZfA7F0P","Day_11_1",0,2,4,48,0,3,2,0,0,60,"FM"
"816","R_32LnZqTaKpa5qWV","Day_11_1",1,4,7,34,0,2,1,1,0,54,"FM"
"817","R_1pX1geuqqvuMWRP","Day_11_1",0,3,4,33,0,4,2,0,0,48,"FM"
"818","R_10ZukTspoPMKcTh","Day_11_1",0,3,4,60,0,4,1,0,0,41,"FM"
"819","R_2xSi3l2VdMgW51q","Day_11_1",1,3,5,28,0,4,2,1,0,46,"FM"
"820","R_2U3YTqecRxW6lvU","Day_11_1",1,4,7,38,0,5,2,1,0,56,"FM"
"821","R_ONKw4VWrRlIOaoF","Day_11_1",1,4,7,53,0,2,1,1,0,62,"FM"
"822","R_e2TtN0wQ2I41R1D","Day_11_1",1,4,6,49,0,4,2,0,0,63,"FM"
"823","R_2VqAcdWBLqtzrB8","Day_11_1",0,2,4,24,1,4,4,0,0,59,"FM"
"824","R_2951G79K4QWhb9w","Day_11_1",0,1,2,72,0,2,1,0,0,52,"FM"
"825","R_3ElHxiwjb3ivgwX","Day_11_1",0,2,1,44,1,2,2,0,0,66,"FM"
"826","R_3lKp5itSzlFRXzn","Day_11_1",0,1,1,54,0,4,3,1,0,60,"FM"
"827","R_271ApgI9cbNxYl5","Day_11_1",0,1,2,33,0,4,4,0,0,61,"FM"
"828","R_3HStRXo0wJwMi96","Day_11_1",0,3,5,50,0,2,1,0,0,66,"FM"
"829","R_1NwghC65okv9G9o","Day_11_1",0,2,3,52,0,5,4,0,0,54,"FM"
"830","R_yUTKnunfRD9cS6l","Day_11_1",0,3,4,52,0,2,3,0,0,53,"FM"
"831","R_2yfIXc4AbcyM5CI","Day_11_1",0,2,3,42,0,4,2,0,0,35,"FM"
"832","R_1mKnK3oOJLgCPCs","Day_11_1",1,4,5,37,1,3,2,1,0,60,"FM"
"833","R_urXikPfmByjo7wB","Day_11_1",0,3,5,42,1,2,1,0,0,64,"FM"
"834","R_3JFszn1RFCTZ5y8","Day_11_1",0,1,1,26,1,2,1,0,0,60,"FM"
"835","R_2VqAcdWBLqtzrB8","Day_11_3",0,3,4,24,1,4,4,0,0,59,"FM"
"836","R_1ml9OcGld9F7iBu","Day_11_3",1,3,6,28,1,4,1,0,0,56,"FM"
"837","R_3KpYDnR7EUyCWO1","Day_11_3",0,3,4,22,0,2,2,1,0,53,"FM"
"838","R_urXikPfmByjo7wB","Day_11_3",0,2,3,42,1,2,1,0,0,64,"FM"
"839","R_3qgP7KGy4ZfbmTd","Day_11_3",0,3,4,27,0,2,2,0,0,55,"FM"
"840","R_3lKp5itSzlFRXzn","Day_11_3",0,2,1,54,0,4,3,1,0,60,"FM"
"841","R_1o5vB1FOjkWra0Q","Day_11_3",0,2,3,34,0,4,1,0,0,51,"FM"
"842","R_u83ezPYdRkmUDkt","Day_11_3",0,3,3,28,1,2,2,0,0,64,"FM"
"843","R_1mKnK3oOJLgCPCs","Day_11_3",1,4,6,37,1,3,2,1,0,60,"FM"
"844","R_2txQ0Wv5ItKDnvE","Day_11_3",0,3,4,56,1,4,1,1,0,54,"FM"
"845","R_pH7TWuK1f40aJq1","Day_11_3",0,1,1,39,1,5,2,0,0,62,"FM"
"846","R_1FaNmHkgvmWiM9J","Day_11_3",1,3,5,34,0,4,2,0,0,49,"FM"
"847","R_3snUlUqGiyaSi11","Day_11_3",1,4,6,35,0,4,1,1,0,59,"FM"
"848","R_Qh2y3cCIvHhb3dD","Day_11_3",0,3,4,36,1,4,2,0,0,47,"FM"
"849","R_3KW0TjZSak4y3M4","Day_11_3",1,4,5,33,1,4,2,0,0,41,"FM"
"850","R_ONKw4VWrRlIOaoF","Day_11_3",0,3,4,53,0,2,1,1,0,62,"FM"
"851","R_2Yc6qaBT4czBNcZ","Day_11_3",1,4,6,53,0,4,3,1,0,65,"FM"
"852","R_3LXw2zPhtKbdAU5","Day_11_3",1,4,6,48,0,3,2,0,0,59,"FM"
"853","R_3maWoNmVkis8P56","Day_11_3",0,2,2,22,0,2,3,0,0,61,"FM"
"854","R_1N2BQrCz2AZlnr8","Day_11_3",0,2,4,37,0,4,3,1,0,58,"FM"
"855","R_2yfIXc4AbcyM5CI","Day_11_3",0,3,4,42,0,4,2,0,0,35,"FM"
"856","R_TecQ9mlK3JrQGQ1","Day_11_3",0,3,4,26,1,3,2,0,0,60,"FM"
"857","R_32LnZqTaKpa5qWV","Day_11_3",1,3,5,34,0,2,1,1,0,54,"FM"
"858","R_3ElHxiwjb3ivgwX","Day_11_3",0,2,3,44,1,2,2,0,0,66,"FM"
"859","R_BtvxZkAXv1K92I9","Day_11_3",0,2,6,36,1,4,2,0,0,63,"FM"
"860","R_2wnMQUS0WYRhYj2","Day_11_3",0,2,3,33,1,5,1,0,0,62,"FM"
"861","R_0oXV07nRfpuSqA1","Day_11_3",0,2,4,54,1,3,2,0,0,65,"FM"
"862","R_27P5yTEoww4069w","Day_11_3",1,3,4,26,1,2,2,1,0,51,"FM"
"863","R_2WShcCJaA8gTXl2","Day_11_3",1,3,5,70,0,6,1,1,0,43,"FM"
"864","R_25Z0yEWbGZ2LM0F","Day_11_3",0,1,1,23,1,3,1,0,0,64,"FM"
"865","R_D6Rd3d5UirDZYwp","Day_11_3",0,3,5,65,0,3,2,1,0,54,"FM"
"866","R_pnOulCYSK2WhXhf","Day_11_3",0,3,5,39,1,5,3,1,0,60,"FM"
"867","R_21oyjrFGWf21aS5","Day_11_3",0,1,1,32,1,4,4,0,0,65,"FM"
"868","R_e2TtN0wQ2I41R1D","Day_11_3",1,4,6,49,0,4,2,0,0,63,"FM"
"869","R_2rBCckDhTN3DcgY","Day_11_3",0,2,5,34,1,5,3,0,0,48,"FM"
"870","R_2TB50Wx4205QnlS","Day_11_3",1,4,7,57,0,3,1,1,0,65,"FM"
"871","R_vPTe7KVNi1efNqp","Day_11_3",0,1,2,33,0,3,1,0,0,52,"FM"
"872","R_wNxYIDsQQH65UQx","Day_11_3",0,1,1,25,1,4,2,0,0,62,"FM"
"873","R_Or7eVDTBXEPvEyt","Day_11_3",0,2,1,32,0,3,2,1,0,61,"FM"
"874","R_2cAUAQD5wPqNGao","Day_11_3",0,1,2,38,1,4,4,0,0,51,"FM"
"875","R_3HStRXo0wJwMi96","Day_11_3",0,2,5,50,0,2,1,0,0,66,"FM"
"876","R_2xSi3l2VdMgW51q","Day_11_3",1,4,5,28,0,4,2,1,0,46,"FM"
"877","R_22Sn3atTBr1Dj0m","Day_12_1",1,2,6,40,1,4,1,1,0,42,"FM"
"878","R_eqActw5u0wwW3Op","Day_12_1",0,1,1,58,0,2,3,0,0,44,"FM"
"879","R_29fYie5D3vafVCY","Day_12_1",1,4,6,36,1,4,1,0,0,64,"FM"
"880","R_29vxabdKthRjM6z","Day_12_1",0,2,2,34,0,3,1,0,0,62,"FM"
"881","R_1DNNGgbAd8A1SUt","Day_12_1",0,2,5,42,0,2,3,0,0,52,"FM"
"882","R_33vtbDaggcv4REg","Day_12_1",0,2,2,48,0,4,1,0,0,47,"FM"
"883","R_3UEKZQ6ZFwq5f8d","Day_12_1",0,1,7,63,0,3,1,0,0,49,"FM"
"884","R_2vYzVcMe8CG4Lzo","Day_12_1",1,4,6,43,0,3,2,0,0,48,"FM"
"885","R_2X1A93mXzEYrNYC","Day_12_1",0,2,5,25,0,4,2,0,0,60,"FM"
"886","R_28J5qD0WuKFFhIG","Day_12_1",0,3,5,31,1,2,1,1,0,52,"FM"
"887","R_2CBycTczQ83WX6o","Day_12_1",0,2,2,26,0,4,2,0,0,64,"FM"
"888","R_1OJO7rRzN37LSrP","Day_12_1",1,3,5,32,1,4,2,1,0,41,"FM"
"889","R_YPOzDRgrzbOdQt3","Day_12_1",0,2,2,28,1,2,1,0,0,59,"FM"
"890","R_1DOnQ6zL6LtEC7s","Day_12_1",0,1,1,25,0,4,3,0,0,50,"FM"
"891","R_yxU7AMLyB1xoU0x","Day_12_1",1,4,7,57,0,2,1,1,0,64,"FM"
"892","R_1pPTdjvPMeIV4Jd","Day_12_1",0,3,5,26,0,2,1,1,0,49,"FM"
"893","R_b74qpQoJyLHkeBj","Day_12_1",1,4,7,45,1,2,1,0,0,66,"FM"
"894","R_2CTgplhK6NQw3jH","Day_12_1",0,3,5,26,1,4,2,0,0,49,"FM"
"895","R_xlQmVBQ2ITxbVUB","Day_12_1",0,2,1,33,1,2,1,0,0,61,"FM"
"896","R_2sX4tiRLnFggOeg","Day_12_1",0,2,3,21,1,3,1,0,0,59,"FM"
"897","R_1P4ZhNJlmygniqn","Day_12_1",1,3,5,47,0,3,2,1,0,59,"FM"
"898","R_3GCzQrBCeies5YO","Day_12_1",0,1,1,42,1,4,4,0,0,64,"FM"
"899","R_87Ci3C02CJCEDfP","Day_12_1",0,2,5,27,1,5,2,0,0,54,"FM"
"900","R_31i5x9HRuebARHW","Day_12_1",1,4,5,33,0,4,2,0,0,39,"FM"
"901","R_31aXJTIOR7x6nL7","Day_12_1",1,4,7,34,1,4,4,1,0,59,"FM"
"902","R_10Z2ENp8B5bBZC0","Day_12_1",0,2,3,22,0,4,3,0,0,51,"FM"
"903","R_2tteQedLFEWGskx","Day_12_1",0,2,4,33,0,3,2,0,0,65,"FM"
"904","R_1dGlA1hFHBOEXPT","Day_12_1",1,4,6,28,1,2,1,1,0,62,"FM"
"905","R_263VbZ8cvaQIIWQ","Day_12_1",0,1,6,49,1,3,1,0,0,56,"FM"
"906","R_C7VmkOIOI9bN5KN","Day_12_1",0,2,6,50,0,2,2,0,0,66,"FM"
"907","R_wRAgjA7wku6LIzv","Day_12_1",0,2,3,33,0,4,2,0,0,49,"FM"
"908","R_6srNcxSBvfaieEp","Day_12_1",0,2,2,28,1,5,2,0,0,59,"FM"
"909","R_24oB3k6F6EkPMcp","Day_12_1",0,2,2,32,1,2,1,0,0,59,"FM"
"910","R_1Iut4c9XbhFOMSG","Day_12_1",0,2,3,21,0,2,1,0,0,57,"FM"
"911","R_2e9YQd4AU7SOyMU","Day_12_1",0,2,6,53,1,2,2,0,0,59,"FM"
"912","R_3NEsKgNncyMDdrm","Day_12_1",1,4,7,47,0,3,3,0,0,61,"FM"
"913","R_3MsVmaNsatWPBj8","Day_12_1",0,1,1,33,0,5,3,0,0,58,"FM"
"914","R_1g6m9idwjQdEkYY","Day_12_1",0,1,3,52,1,4,3,1,0,64,"FM"
"915","R_Wclianws0bsAV9v","Day_12_1",0,2,2,30,0,2,1,0,0,54,"FM"
"916","R_2w4wQBJgUPQIUFz","Day_12_1",0,2,3,51,1,2,1,0,0,57,"FM"
"917","R_3fjWaLRvcx1QQ96","Day_12_1",1,4,7,43,1,1,1,0,0,66,"FM"
"918","R_3GlXFxH1Xu8zhVA","Day_12_1",0,1,1,30,1,2,3,0,0,38,"FM"
"919","R_1ffmiCYpy0G3Sds","Day_12_3",0,2,4,23,0,2,1,0,0,52,"FM"
"920","R_1P4ZhNJlmygniqn","Day_12_3",1,4,7,47,0,3,2,1,0,59,"FM"
"921","R_2e9YQd4AU7SOyMU","Day_12_3",0,1,7,53,1,2,2,0,0,59,"FM"
"922","R_2zUZLCTdTBpVOou","Day_12_3",0,2,4,27,0,3,1,1,0,48,"FM"
"923","R_Zk6BJZ7kho1QaiZ","Day_12_3",0,2,2,29,0,2,2,0,0,58,"FM"
"924","R_2AEUFZAVLyGILP2","Day_12_3",1,3,5,20,0,2,2,0,0,49,"FM"
"925","R_2DOfgWoIMCklnEh","Day_12_3",0,1,1,30,0,4,2,0,0,65,"FM"
"926","R_2CTgplhK6NQw3jH","Day_12_3",1,3,5,26,1,4,2,0,0,49,"FM"
"927","R_1OJO7rRzN37LSrP","Day_12_3",1,3,6,32,1,4,2,1,0,41,"FM"
"928","R_1SoKkIzRl1Q7m5X","Day_12_3",0,1,1,40,1,3,2,0,0,60,"FM"
"929","R_YPOzDRgrzbOdQt3","Day_12_3",0,1,1,28,1,2,1,0,0,59,"FM"
"930","R_31i5x9HRuebARHW","Day_12_3",1,4,4,33,0,4,2,0,0,39,"FM"
"931","R_2ruLM4kRs0qyXLr","Day_12_3",1,3,5,46,0,5,4,0,0,61,"FM"
"932","R_2vYzVcMe8CG4Lzo","Day_12_3",1,3,6,43,0,3,2,0,0,48,"FM"
"933","R_3fHqFmcSi8fpQ0y","Day_12_3",0,2,4,48,0,3,2,0,0,48,"FM"
"934","R_3Eo6HW2xFUQHeGa","Day_12_3",0,3,4,49,1,2,1,1,0,61,"FM"
"935","R_2w4wQBJgUPQIUFz","Day_12_3",0,2,4,51,1,2,1,0,0,57,"FM"
"936","R_2Bst7eqHQXlV3iU","Day_12_3",0,2,3,28,0,3,1,0,0,61,"FM"
"937","R_3fksOk9afKKyMHA","Day_12_3",1,3,6,32,1,2,1,1,0,51,"FM"
"938","R_1DNNGgbAd8A1SUt","Day_12_3",0,2,3,42,0,2,3,0,0,52,"FM"
"939","R_2CBycTczQ83WX6o","Day_12_3",0,2,3,26,0,4,2,0,0,64,"FM"
"940","R_wRAgjA7wku6LIzv","Day_12_3",0,1,1,33,0,4,2,0,0,49,"FM"
"941","R_22Sn3atTBr1Dj0m","Day_12_3",1,4,6,40,1,4,1,1,0,42,"FM"
"942","R_3nctjDg6ESmeB6N","Day_12_3",0,2,4,47,1,5,1,1,0,92,"FM"
"943","R_3nctjDg6ESmeB6N","Day_12_3",0,2,4,47,1,5,1,1,0,92,"FM"
"944","R_3NEsKgNncyMDdrm","Day_12_3",1,4,7,47,0,3,3,0,0,61,"FM"
"945","R_2sX4tiRLnFggOeg","Day_12_3",0,2,2,21,1,3,1,0,0,59,"FM"
"946","R_28J5qD0WuKFFhIG","Day_12_3",1,4,7,31,1,2,1,1,0,52,"FM"
"947","R_6srNcxSBvfaieEp","Day_12_3",0,2,2,28,1,5,2,0,0,59,"FM"
"948","R_Wclianws0bsAV9v","Day_12_3",0,2,3,30,0,2,1,0,0,54,"FM"
"949","R_b74qpQoJyLHkeBj","Day_12_3",0,2,1,45,1,2,1,0,0,66,"FM"
"950","R_C7VmkOIOI9bN5KN","Day_12_3",0,2,2,50,0,2,2,0,0,66,"FM"
"951","R_28HdGnFlCvqbesW","Day_12_3",0,1,2,33,0,6,3,0,0,50,"FM"
"952","R_UzrT0U8PSVHjyJb","Day_12_3",0,2,3,58,0,2,1,1,0,61,"FM"
"953","R_ZaTLrLdEaxwOTMB","Day_12_3",0,2,2,25,0,4,2,1,0,54,"FM"
"954","R_29fYie5D3vafVCY","Day_12_3",0,3,5,36,1,4,1,0,0,64,"FM"
"955","R_3nCcM9HzwmJavIh","Day_3_2",1,4,7,41,0,4,2,1,0,66,"FM"
"956","R_1MXniyCVVxPdcG4","Day_3_2",1,4,6,39,1,3,1,1,0,57,"FM"
"957","R_6EW7JhstOYlEbzX","Day_3_2",0,2,3,59,0,3,2,0,0,54,"FM"
"958","R_1rrExpw1WKCJeKi","Day_3_2",0,3,4,27,0,3,2,0,0,52,"FM"
"959","R_12DM6pTGFtNrJ89","Day_3_2",0,2,3,28,1,2,2,0,0,57,"FM"
"960","R_2Pp9e88mbuXqBoo","Day_3_2",0,3,4,52,0,3,1,1,0,43,"FM"
"961","R_5omMl8t26mW2Wdj","Day_3_2",0,2,2,63,1,3,1,0,0,60,"FM"
"962","R_1qhemus0OAucTXO","Day_3_2",0,2,3,24,0,4,2,1,0,45,"FM"
"963","R_3qEZ4gY7exwzqfn","Day_3_2",0,2,3,43,1,4,1,0,0,66,"FM"
"964","R_CjhEONEI8rTzSDL","Day_3_2",0,2,4,57,0,4,2,0,0,44,"FM"
"965","R_1dnW2cuubRDuhho","Day_3_2",0,3,3,27,0,5,2,0,0,54,"FM"
"966","R_3JkmJID0oXWgcV1","Day_3_2",0,2,5,35,0,4,2,0,0,61,"FM"
"967","R_2uwH42GOEMHY6ZO","Day_3_2",0,2,2,43,0,2,3,0,0,56,"FM"
"968","R_UFr1lD3qpj3aaHv","Day_3_2",1,4,6,29,1,4,3,0,0,42,"FM"
"969","R_1DZ7aIeqS79ySbK","Day_3_2",0,3,4,37,0,2,1,0,0,54,"FM"
"970","R_1FensFSyJfo9i0x","Day_3_2",0,3,4,40,0,2,2,0,0,54,"FM"
"971","R_2zBajtgAIfPzTp9","Day_3_2",0,2,4,32,0,4,1,1,0,59,"FM"
"972","R_SOuf0ssuRtgkYXT","Day_3_2",0,3,5,48,0,3,1,0,0,53,"FM"
"973","R_3GjfWp5kLuDsL7Z","Day_3_2",1,4,6,33,1,5,4,1,0,47,"FM"
"974","R_0pjFSCYu6LjbkM9","Day_3_2",0,2,5,57,0,3,2,1,0,59,"FM"
"975","R_2U9FkGQyO9fT7RB","Day_3_2",1,3,7,61,0,4,2,0,0,44,"FM"
"976","R_0jouUzoUQbV149b","Day_3_2",0,3,4,56,0,2,1,1,0,66,"FM"
"977","R_sMDupZG7IvODXFf","Day_3_2",0,1,1,41,1,3,2,0,0,66,"FM"
"978","R_uzikhJAgjPcdZYZ","Day_3_2",0,3,5,19,0,2,3,1,0,55,"FM"
"979","R_11jSiUAGVGTsssN","Day_3_2",0,2,1,59,0,5,1,1,0,49,"FM"
"980","R_31LRyOfEop86DzT","Day_3_2",1,3,5,40,0,5,3,1,0,39,"FM"
"981","R_qFnrknKDo5XkY2l","Day_3_2",0,2,3,34,0,4,3,0,0,54,"FM"
"982","R_1GUlybYC7qmRw9r","Day_3_2",0,2,4,27,1,3,2,1,0,38,"FM"
"983","R_oXJIe9usUGUvTGx","Day_3_2",1,3,6,26,0,5,1,1,0,49,"FM"
"984","R_3ml4kv5QCSrBphT","Day_3_2",1,3,4,60,1,4,1,0,0,47,"FM"
"985","R_3lDDcEd2BzntWTd","Day_3_2",0,2,4,22,1,4,1,0,0,59,"FM"
"986","R_3JKI1LklojACLOz","Day_3_2",1,4,7,42,1,2,1,0,0,60,"FM"
"987","R_2OQ2pefb9q6OERX","Day_3_2",1,3,5,69,1,3,1,1,0,56,"FM"
"988","R_1QnL2oj9gvfDUxT","Day_3_2",1,3,5,30,0,4,2,1,0,52,"FM"
"989","R_094hdlKebLLsjSx","Day_3_2",1,3,5,28,0,4,2,1,0,61,"FM"
"990","R_2zzHEzmJBEIR1Fm","Day_3_2",1,4,5,21,0,2,1,1,0,47,"FM"
"991","R_2fAS9IPRWJGIkLa","Day_3_2",0,1,1,36,0,2,2,0,0,56,"FM"
"992","R_2aK5PmtJSmo09ub","Day_3_2",1,3,5,18,0,2,1,1,0,43,"FM"
"993","R_ZgiKmRz1a1QVkIx","Day_3_2",0,2,4,31,1,5,3,0,0,52,"FM"
"994","R_12M5gOCsYAtvl6j","Day_3_2",0,3,4,34,1,4,2,0,0,65,"FM"
"995","R_2VqKL1rxtS4HxJi","Day_3_2",1,4,7,31,0,2,1,0,0,58,"FM"
"996","R_2w63OapDzozYwrB","Day_3_2",0,2,4,43,0,5,3,0,0,48,"FM"
"997","R_2CQao9FVnz96OLA","Day_3_2",1,4,7,33,1,4,2,1,0,64,"FM"
"998","R_3hflO6CUX1SQjX3","Day_3_2",0,3,4,70,0,3,1,0,0,40,"FM"
"999","R_3NCcmIXbgUrGWYc","Day_3_2",0,3,4,32,0,2,1,0,0,57,"FM"
"1000","R_1HqN0uqjpiYRioE","Day_3_2",0,3,3,62,1,2,1,0,0,66,"FM"
"1001","R_3GwbqeF2iJyxtuE","Day_3_2",1,3,5,56,1,5,2,1,0,64,"FM"
"1002","R_3fDJeePqPCBrmK5","Day_3_2",1,3,5,27,1,4,3,1,0,58,"FM"
"1003","R_1LG3dZALZifBGtR","Day_3_2",0,2,3,41,1,4,3,1,0,66,"FM"
"1004","R_125WDcqkugCJIEh","Day_3_2",0,3,5,43,0,3,2,0,0,42,"FM"
"1005","R_Q4Z6YPaJtj3NAo9","Day_3_2",0,2,2,23,1,4,2,0,0,51,"FM"
"1006","R_dgRiMtIcb5e3dKN","Day_3_2",0,3,4,20,1,2,4,0,0,48,"FM"
"1007","R_3Rq3AvZfgVgIxtR","Day_3_2",0,3,4,21,1,2,2,1,0,47,"FM"
"1008","R_1dzBpWHUrfZ5gBa","Day_3_2",0,3,4,29,1,4,1,1,0,52,"FM"
"1009","R_2rPcnIXXh6fLjI9","Day_3_2",1,3,5,30,0,2,1,1,0,59,"FM"
"1010","R_daKpuweK6Ozr1sd","Day_3_2",0,1,1,33,0,3,2,0,0,66,"FM"
"1011","R_3JtppXeeVQmxLE1","Day_3_2",0,2,4,38,0,2,2,1,0,56,"FM"
"1012","R_1QmE47QcGQFsPrk","Day_3_2",0,2,3,46,0,5,2,0,0,57,"FM"
"1013","R_3gUvpCoA76vpdCm","Day_3_2",1,3,5,31,0,4,2,0,0,42,"FM"
"1014","R_3JITpgaAUXUc43R","Day_3_2",0,2,3,41,1,4,2,1,0,42,"FM"
"1015","R_eFCqAUNyTo9EFA5","Day_3_2",0,2,4,28,0,3,2,1,0,60,"FM"
"1016","R_sMB4gZiHPksvO4F","Day_3_2",0,3,5,70,0,6,1,1,0,57,"FM"
"1017","R_pE2aj5JaE1AMrPb","Day_3_2",0,2,1,48,0,3,3,0,0,46,"FM"
"1018","R_3qr0yJpPKqLaLwd","Day_4_3",0,2,2,49,1,2,3,0,0,45,"FM"
"1019","R_3exl6HhiV4ZL6mq","Day_4_3",0,2,4,52,0,5,2,0,0,43,"FM"
"1020","R_3fiPg5W4YOfGJt8","Day_4_3",1,3,6,34,0,3,2,0,0,58,"FM"
"1021","R_UbRwTpGPunva92h","Day_4_3",0,3,5,47,1,5,2,0,0,49,"FM"
"1022","R_11ipxSf7zLY6Jci","Day_4_3",0,2,3,34,1,2,2,0,0,52,"FM"
"1023","R_305J7V8422M8DtC","Day_4_3",1,3,5,25,1,3,2,0,0,29,"FM"
"1024","R_tDoateOeRMBnUA1","Day_4_3",0,2,4,55,0,4,1,0,0,55,"FM"
"1025","R_1hBdqEu9XzPCoYV","Day_4_3",0,3,6,58,0,4,2,0,0,57,"FM"
"1026","R_8pIfG0HcowzMsq5","Day_4_3",1,3,6,25,1,4,2,0,0,56,"FM"
"1027","R_1PRZRyGZZwQF6FH","Day_4_3",0,3,4,33,1,2,4,0,0,64,"FM"
"1028","R_3lzXPFFWjGtqpLu","Day_4_3",0,2,4,60,1,4,1,0,0,60,"FM"
"1029","R_2dEyAkvOAuoTIef","Day_4_3",0,2,5,25,1,4,1,0,0,65,"FM"
"1030","R_1IBhOCq5DYH0aid","Day_4_3",1,3,5,34,0,4,2,0,0,65,"FM"
"1031","R_3GiIn9DNhKpRNGh","Day_4_3",0,3,4,71,0,3,2,0,0,51,"FM"
"1032","R_3iPTNIDrCzYjK3y","Day_4_3",1,3,5,65,1,4,2,0,0,64,"FM"
"1033","R_27r3jg4e6zDOJnT","Day_4_3",0,3,5,46,0,3,1,0,0,51,"FM"
"1034","R_5yV7E3mQs2XrISl","Day_4_3",0,3,6,37,1,5,2,0,0,52,"FM"
"1035","R_2Vr9pKmXHwnb1qU","Day_4_3",0,3,5,34,0,5,4,0,0,53,"FM"
"1036","R_1luwcWITTXmqjpD","Day_4_3",0,2,4,29,0,5,2,0,0,61,"FM"
"1037","R_27lixEdbG44DqA7","Day_4_3",1,3,4,49,0,2,1,0,0,39,"FM"
"1038","R_31SoIJQ8HGXweyb","Day_4_3",0,3,5,31,0,4,1,0,0,60,"FM"
"1039","R_W6DlqObghnGu6yd","Day_4_3",0,2,3,57,0,3,1,0,0,66,"FM"
"1040","R_1FCHqrKjtdxO0j9","Day_4_3",0,2,4,27,1,2,1,0,0,63,"FM"
"1041","R_1k0rRDMdNcnpTo2","Day_4_3",1,4,6,45,1,4,1,0,0,47,"FM"
"1042","R_3scOkGGwIW6cqo1","Day_4_3",0,1,3,70,1,4,1,0,0,53,"FM"
"1043","R_3iJU2F5fbljJKnK","Day_4_3",0,2,2,23,0,2,2,0,0,62,"FM"
"1044","R_1IuuJFNTG3WU4eK","Day_4_3",1,4,6,58,1,4,1,0,0,49,"FM"
"1045","R_2Xb3aqWKKRIbemJ","Day_4_3",1,4,7,57,1,5,1,0,0,66,"FM"
"1046","R_1NqsBMaXxZuuGT0","Day_4_3",1,3,5,59,0,5,1,0,0,65,"FM"
"1047","R_1oBEQ8bbt7W5ErR","Day_4_3",0,1,1,31,0,4,1,0,0,57,"FM"
"1048","R_24iMuP00fHK8xVY","Day_4_3",0,2,3,26,0,4,1,0,0,57,"FM"
"1049","R_1MStInseAV9TSqt","Day_4_3",0,3,4,24,0,2,1,0,0,43,"FM"
"1050","R_pDWKdNP8SolSGYx","Day_4_3",1,3,5,19,0,2,2,0,0,59,"FM"
"1051","R_3Pdg9VPvfg4lfwc","Day_4_3",1,3,6,60,1,5,3,0,0,61,"FM"
"1052","R_3oEZueedkHGoIri","Day_4_3",0,2,4,52,1,3,2,0,0,54,"FM"
"1053","R_2wTWu5SaU5Gx6e9","Day_4_3",0,3,4,59,0,4,2,0,0,57,"FM"
"1054","R_2ePTpyzZp9x3cPh","Day_4_3",0,2,2,34,0,2,1,0,0,56,"FM"
"1055","R_1imma6vGeHhENoi","Day_4_3",1,3,6,31,1,2,1,0,0,54,"FM"
"1056","R_3EQXhqvPA6Vj3Md","Day_4_3",0,2,3,47,0,3,1,0,0,51,"FM"
"1057","R_2aEu1GKdpua4zot","Day_4_3",0,2,2,28,1,4,2,0,0,49,"FM"
"1058","R_3KIzS4nIvcHZ60j","Day_4_3",0,3,2,38,0,4,1,0,0,52,"FM"
"1059","R_0cWH5gGFiGhDnLr","Day_4_3",0,3,4,44,0,5,3,0,0,50,"FM"
"1060","R_8eKXATitMxGZvwt","Day_4_3",0,2,4,49,0,4,2,0,0,43,"FM"
"1061","R_DTdQQasln5RY2yt","Day_4_3",1,3,5,25,0,2,2,0,0,54,"FM"
"1062","R_31B1eDza1KWsaRe","Day_4_3",0,3,5,62,0,5,1,0,0,54,"FM"
"1063","R_9YTzzPgY24DaQmJ","Day_4_3",0,2,3,50,1,4,2,0,0,64,"FM"
"1064","R_vUipdKrFT3qaNLr","Day_4_3",0,2,6,27,1,2,1,0,0,54,"FM"
"1065","R_YS63YCuSLtavIVH","Day_4_3",0,3,4,56,0,5,2,0,0,57,"FM"
"1066","R_bBntKv3KqGCy0N3","Day_4_3",1,3,5,63,0,2,2,0,0,51,"FM"
"1067","R_2Y8GB2BzkXZwd92","Day_4_3",0,2,3,45,0,4,1,0,0,59,"FM"
"1068","R_3U7ZnY5u5PyX15f","Day_4_3",0,2,3,45,0,4,1,0,0,57,"FM"
"1069","R_1KjtyR1ksFPDHkO","Day_5_1",0,1,4,34,0,2,2,0,0,44,"FM"
"1070","R_22DESHUbklHsjMr","Day_5_1",0,1,1,54,1,3,2,0,0,66,"FM"
"1071","R_1jlUvL1iVH11Z90","Day_5_1",1,3,4,19,0,2,2,0,0,44,"FM"
"1072","R_1jBQiiT7YhC3H4N","Day_5_1",0,2,2,61,0,2,1,0,0,54,"FM"
"1073","R_1kT95cvyZb6Kssz","Day_5_1",0,1,7,64,0,4,4,0,0,58,"FM"
"1074","R_2qqmkN0U8VFiu64","Day_5_1",1,3,5,58,0,4,2,1,0,50,"FM"
"1075","R_277hqS7FFIauDd5","Day_5_1",0,3,5,45,0,4,2,0,0,64,"FM"
"1076","R_2bPIA4ifRVowStA","Day_5_1",0,3,4,34,1,6,1,0,0,49,"FM"
"1077","R_2S0J3Bd2CrQYr1p","Day_5_1",1,4,7,29,0,4,2,0,0,58,"FM"
"1078","R_24GE7QdGCcccxN6","Day_5_1",0,1,1,37,0,4,2,0,0,62,"FM"
"1079","R_27pbWWcvNdSjfNF","Day_5_1",0,2,3,48,0,4,2,0,0,56,"FM"
"1080","R_2qE4FLA7gOnp6P2","Day_5_1",0,2,5,29,0,6,2,0,0,66,"FM"
"1081","R_1QaUvy2jZot84W1","Day_5_1",1,4,7,49,0,4,1,0,0,62,"FM"
"1082","R_22mFlnTmSUhtVBJ","Day_5_1",0,3,4,47,0,2,3,1,0,49,"FM"
"1083","R_1o7kdbf2YRPCQGF","Day_5_1",0,1,3,45,0,4,2,0,0,65,"FM"
"1084","R_2SDANWOBodYiVP6","Day_5_1",1,4,7,51,1,3,1,1,0,63,"FM"
"1085","R_2BzDA9y59se4dES","Day_5_1",0,2,3,50,0,5,2,1,0,62,"FM"
"1086","R_28NwWB6xgtCOiTP","Day_5_1",0,1,1,29,0,4,1,0,0,59,"FM"
"1087","R_1LRMhegg5xjuLSb","Day_5_1",0,2,3,68,0,3,1,0,0,44,"FM"
"1088","R_3r0UjrjoiMEbHA6","Day_5_1",1,3,5,48,1,3,2,0,0,56,"FM"
"1089","R_1g0IqZThYQhmGUM","Day_5_1",0,1,2,54,0,5,3,0,0,46,"FM"
"1090","R_2OZ1mYPycA99HWC","Day_5_1",0,2,4,25,0,3,2,0,0,64,"FM"
"1091","R_2OT2nx7N70qOtGG","Day_5_1",0,2,6,33,1,2,1,0,0,52,"FM"
"1092","R_230SyERXCJKUtqN","Day_5_1",1,4,6,45,0,4,2,0,0,48,"FM"
"1093","R_2PyTuub1FPFWYME","Day_5_1",0,2,2,24,0,4,2,0,0,60,"FM"
"1094","R_1mtuGiVFjbHBLwl","Day_5_1",0,3,5,34,0,5,2,0,0,52,"FM"
"1095","R_2a934pEokBEd7ei","Day_5_1",0,1,1,22,1,4,2,0,0,45,"FM"
"1096","R_1MW05c7p9YgWJhq","Day_5_1",0,2,3,33,0,2,1,0,0,56,"FM"
"1097","R_3MSu0HbtPivkuQS","Day_5_1",0,2,4,39,0,3,1,1,0,51,"FM"
"1098","R_DoVSzCg6rpSwTDz","Day_5_1",0,3,4,54,0,3,1,0,0,62,"FM"
"1099","R_3k0NmmPIE57d5MM","Day_5_1",1,4,7,18,0,2,2,0,0,58,"FM"
"1100","R_2TzY3jcxZVvTYBP","Day_5_1",0,3,4,29,1,4,1,0,0,59,"FM"
"1101","R_1Dx6yoYQWQfqH1g","Day_5_1",0,1,1,34,1,4,2,1,0,66,"FM"
"1102","R_25FpK9kXlD9lFwU","Day_5_1",0,3,5,41,1,3,1,1,0,41,"FM"
"1103","R_z2WXNYuOlKOGrjr","Day_5_1",0,2,4,21,1,2,1,0,0,47,"FM"
"1104","R_6FlIXyLngNxnDl7","Day_5_1",1,4,5,47,1,4,2,1,0,51,"FM"
"1105","R_R4QlNENg6xFO7Nn","Day_5_1",0,3,3,28,1,6,1,1,0,51,"FM"
"1106","R_1TjFsn1CkQmj60h","Day_5_1",0,2,6,35,1,4,2,1,0,45,"FM"
"1107","R_3Hv3PinnIZqpGcB","Day_5_1",1,3,5,41,1,4,2,1,0,39,"FM"
"1108","R_2rvHAk7yII2pBOe","Day_5_1",0,2,4,28,1,4,4,0,0,56,"FM"
"1109","R_DAipeRXlE7AIfzX","Day_5_1",1,4,5,74,1,5,2,1,0,57,"FM"
"1110","R_2Uf08qkuzG2RGGR","Day_5_1",1,4,7,28,1,3,2,0,0,59,"FM"
"1111","R_2qmkhQWNU0NUCtM","Day_5_1",1,3,6,28,1,3,3,0,0,64,"FM"
"1112","R_2BqEjVBL1iGLZcX","Day_5_1",0,1,1,29,1,4,2,0,0,56,"FM"
"1113","R_3pa3dhOQFlUxEv9","Day_5_1",0,2,5,46,1,3,1,0,0,60,"FM"
"1114","R_Oee2GVPY5Acbicp","Day_5_1",0,2,3,23,1,3,1,0,0,59,"FM"
"1115","R_2uVbunhaEzqhCkr","Day_5_1",0,3,4,30,1,4,2,0,0,60,"FM"
"1116","R_1Dv8f3X9lkGQoLF","Day_5_1",0,2,2,23,0,4,1,0,0,60,"FM"
"1117","R_2aRYPaccUy9icOe","Day_5_1",1,3,6,21,1,2,2,1,0,61,"FM"
"1118","R_2YYCITM2N2TqPhs","Day_5_1",1,4,7,41,1,4,2,1,0,50,"FM"
"1119","R_XuDW0fnYNp0bIRz","Day_5_1",0,3,4,29,1,5,2,0,0,43,"FM"
"1120","R_V3l1ByfTUpSAkmJ","Day_5_1",0,3,5,25,0,3,1,0,0,45,"FM"
"1121","R_2aysTyynhV26Iyy","Day_5_1",0,2,4,66,1,2,3,1,0,61,"FM"
"1122","R_TkpCWIbQ89N7ENX","Day_5_1",1,4,6,45,0,4,1,0,0,62,"FM"
"1123","R_3MET58celZe7XE5","Day_5_1",0,2,2,37,0,5,1,0,0,61,"FM"
"1124","R_WqRmNxC82OIpIat","Day_5_1",0,1,1,54,1,5,3,0,0,48,"FM"
"1125","R_3Je2sxnQeV2G8Oy","Day_5_1",0,1,1,26,0,5,2,0,0,49,"FM"
"1126","R_sj9c59jN5ayZLRD","Day_5_1",0,2,2,52,1,2,1,0,0,49,"FM"
"1127","R_2QRsqvhdXLT183d","Day_5_1",1,4,7,26,0,4,2,0,0,49,"FM"
"1128","R_2S8qvreEraXBSr3","Day_5_1",1,3,5,62,0,3,2,0,0,47,"FM"
"1129","R_27J1sg2lLpbqUTX","Day_5_1",0,2,3,32,0,2,2,0,0,65,"FM"
"1130","R_PwJhovPpoRtamjv","Day_5_1",0,2,3,29,0,4,2,0,0,46,"FM"
"1131","R_R3oGKGtDbywidMJ","Day_5_1",1,4,5,28,0,4,3,0,0,40,"FM"
"1132","R_2TtymR6niD5vm8g","Day_5_1",0,2,2,26,0,2,1,0,0,56,"FM"
"1133","R_NUXnbDb2vO0n7eF","Day_5_1",0,2,2,25,1,4,3,0,0,60,"FM"
"1134","R_1r1GNKh3zfLtNgm","Day_5_1",1,3,4,40,1,5,1,0,0,66,"FM"
"1135","R_Df5SWhV9eaECRr3","Day_5_1",0,2,2,55,1,4,2,0,0,56,"FM"
"1136","R_3fVqFh1lnN27EQs","Day_5_1",1,4,6,67,0,4,1,0,0,47,"FM"
"1137","R_3qQdJlF2ieAfGOg","Day_5_1",0,2,3,34,1,2,1,0,0,59,"FM"
"1138","R_2TLiQXiGgVk9oc2","Day_5_1",1,4,7,73,1,2,2,1,0,48,"FM"
"1139","R_2b3kXJvvXNopMiK","Day_5_1",0,3,4,27,0,2,2,0,0,62,"FM"
"1140","R_2aPlkmuMr4bvsQq","Day_5_1",0,1,1,31,0,5,2,0,0,51,"FM"
"1141","R_3qaMAGLxbFhQC1n","Day_5_1",0,2,2,35,0,3,1,0,0,62,"FM"
"1142","R_1DpStEc8Nr5h2v1","Day_5_1",0,2,1,42,1,2,1,0,0,58,"FM"
"1143","R_Z1O1fEkvTMRXUsh","Day_5_1",0,3,4,45,0,3,1,0,0,47,"FM"
"1144","R_UZ3HP2gEqmYYtCF","Day_5_1",1,4,7,44,1,4,1,1,0,56,"FM"
"1145","R_VU4NqeXyc3HfEVH","Day_5_1",0,2,2,53,1,4,2,0,0,58,"FM"
"1146","R_TdUKqNrfw4mO5zj","Day_5_1",0,1,1,61,0,5,1,0,0,61,"FM"
"1147","R_2tMrwQmOC5cI8Vl","Day_5_1",0,1,3,37,0,5,2,0,0,45,"FM"
"1148","R_ZEGOZmTt0anVIMV","Day_5_1",1,3,5,28,1,4,2,0,0,53,"FM"
"1149","R_3F5aQp8PAKJofMQ","Day_5_1",0,2,2,32,1,4,1,0,0,59,"FM"
"1150","R_2t9hTHkbv9o3FbQ","Day_5_1",1,4,6,30,1,4,2,0,0,47,"FM"
"1151","R_DAipeRXlE7AIfzX","Day_5_2",0,3,4,74,1,5,2,0,0,57,"FM"
"1152","R_1pLrJE4GoOSTsQd","Day_5_2",0,2,4,29,0,5,2,0,0,58,"FM"
"1153","R_1LRMhegg5xjuLSb","Day_5_2",1,4,7,68,0,3,1,1,0,44,"FM"
"1154","R_3fVqFh1lnN27EQs","Day_5_2",1,4,6,67,0,4,1,1,0,47,"FM"
"1155","R_1EfWl91r5OsGBHA","Day_5_2",0,2,2,52,1,4,4,0,0,49,"FM"
"1156","R_2tmQWfknpcBRsIq","Day_5_2",0,3,4,26,0,4,1,1,0,59,"FM"
"1157","R_1QaUvy2jZot84W1","Day_5_2",1,3,4,49,0,4,1,0,0,62,"FM"
"1158","R_2a934pEokBEd7ei","Day_5_2",1,4,7,22,1,4,2,1,0,45,"FM"
"1159","R_sj9c59jN5ayZLRD","Day_5_2",0,3,5,52,1,2,1,1,0,49,"FM"
"1160","R_b3l6I7FcA4rgSAN","Day_5_2",1,3,5,34,1,4,1,1,0,50,"FM"
"1161","R_2OZ1mYPycA99HWC","Day_5_2",1,4,7,25,0,3,2,1,0,64,"FM"
"1162","R_2QRsqvhdXLT183d","Day_5_2",1,4,7,26,0,4,2,1,0,49,"FM"
"1163","R_1Dx6yoYQWQfqH1g","Day_5_2",1,4,7,34,1,4,2,0,0,66,"FM"
"1164","R_24GE7QdGCcccxN6","Day_5_2",0,3,5,37,0,4,2,1,0,62,"FM"
"1165","R_2S8qvreEraXBSr3","Day_5_2",0,3,4,62,0,3,2,0,0,47,"FM"
"1166","R_2f1FcYhYJKAUuaS","Day_5_2",0,3,6,43,0,5,4,0,0,50,"FM"
"1167","R_2BqEjVBL1iGLZcX","Day_5_2",1,4,5,29,1,4,2,1,0,56,"FM"
"1168","R_24wwRVIaTGXgf3W","Day_5_2",1,3,5,58,1,5,1,0,0,38,"FM"
"1169","R_2t9hTHkbv9o3FbQ","Day_5_2",1,4,6,30,1,4,2,1,0,47,"FM"
"1170","R_1gSo8c382uJkzqg","Day_5_2",1,4,7,25,0,2,1,0,0,62,"FM"
"1171","R_2aysTyynhV26Iyy","Day_5_2",0,2,4,66,1,2,3,0,0,61,"FM"
"1172","R_3nOYHBkvLDNW8Jy","Day_5_2",1,4,7,23,1,4,1,1,0,61,"FM"
"1173","R_3Hv3PinnIZqpGcB","Day_5_2",1,2,6,41,1,4,2,0,0,39,"FM"
"1174","R_1o7kdbf2YRPCQGF","Day_5_2",1,4,6,45,0,4,2,1,0,65,"FM"
"1175","R_V3l1ByfTUpSAkmJ","Day_5_2",0,3,4,25,0,3,1,1,0,45,"FM"
"1176","R_3r0UjrjoiMEbHA6","Day_5_2",1,3,5,48,1,3,2,0,0,56,"FM"
"1177","R_1kT95cvyZb6Kssz","Day_5_2",1,4,7,64,0,4,4,1,0,58,"FM"
"1178","R_2uVbunhaEzqhCkr","Day_5_2",1,4,7,30,1,4,2,1,0,60,"FM"
"1179","R_2pWd9cTXiWABQEt","Day_5_2",0,2,3,37,1,4,3,0,0,37,"FM"
"1180","R_1I6h0Nep9BI2w1N","Day_5_2",0,2,4,31,0,5,3,1,0,63,"FM"
"1181","R_3fC682f8MenV75y","Day_5_2",0,1,7,42,0,5,1,1,0,59,"FM"
"1182","R_1jlUvL1iVH11Z90","Day_5_2",1,4,4,19,0,2,2,1,0,44,"FM"
"1183","R_1nQ8CiwBSrU1kb0","Day_5_2",1,4,7,39,0,5,1,0,0,49,"FM"
"1184","R_1KxPKKm7CyzbWSH","Day_5_2",0,2,3,21,0,4,3,1,0,53,"FM"
"1185","R_27pbWWcvNdSjfNF","Day_5_2",0,2,4,48,0,4,2,1,0,56,"FM"
"1186","R_R3oGKGtDbywidMJ","Day_5_2",1,3,6,28,0,4,3,0,0,40,"FM"
"1187","R_3D0gNOGGJ3fFLcn","Day_5_2",0,2,4,27,0,4,2,0,0,46,"FM"
"1188","R_TkpCWIbQ89N7ENX","Day_5_2",1,3,6,45,0,4,1,1,0,62,"FM"
"1189","R_3GiAlzJsROH6PaV","Day_5_2",1,3,6,35,0,4,2,0,0,51,"FM"
"1190","R_33jTuZbevVLETYZ","Day_5_2",1,4,7,26,0,4,2,1,0,43,"FM"
"1191","R_2E9U3i6o3n8QvyT","Day_5_2",0,2,5,23,1,4,4,0,0,64,"FM"
"1192","R_O84WkGo3GA0M9ON","Day_5_2",1,3,6,62,0,2,1,1,0,38,"FM"
"1193","R_R4QlNENg6xFO7Nn","Day_5_2",1,3,6,28,1,6,1,0,0,51,"FM"
"1194","R_2tmwqgYLCnJum7o","Day_5_2",1,3,5,30,0,4,3,1,0,37,"FM"
"1195","R_3htG43MO2Hd9wgz","Day_5_2",0,2,2,31,1,3,1,1,0,50,"FM"
"1196","R_ZEGOZmTt0anVIMV","Day_5_2",1,3,6,28,1,4,2,1,0,53,"FM"
"1197","R_2VQiSjjVvrAznlZ","Day_5_2",0,2,4,43,0,3,2,0,0,50,"FM"
"1198","R_vx04LDw9ZPn0e1H","Day_5_2",1,4,6,45,1,4,2,0,0,61,"FM"
"1199","R_2qqmkN0U8VFiu64","Day_5_2",1,4,6,58,0,4,2,0,0,50,"FM"
"1200","R_230SyERXCJKUtqN","Day_5_2",1,4,6,45,0,4,2,1,0,48,"FM"
"1201","R_1DpStEc8Nr5h2v1","Day_5_2",1,4,7,42,1,2,1,1,0,58,"FM"
"1202","R_Oee2GVPY5Acbicp","Day_5_2",1,3,6,23,1,3,1,0,0,59,"FM"
"1203","R_242CnHkcd2TlwAX","Day_5_2",0,2,3,29,1,4,3,0,0,61,"FM"
"1204","R_2YYCITM2N2TqPhs","Day_5_2",1,4,7,41,1,4,2,0,0,50,"FM"
"1205","R_NUXnbDb2vO0n7eF","Day_5_2",0,2,3,25,1,4,3,1,0,60,"FM"
"1206","R_r289NJ0lUB2ws8h","Day_5_2",1,4,7,29,0,5,2,0,0,51,"FM"
"1207","R_2RONRWTrrVGUu7h","Day_5_2",1,4,6,46,1,4,2,0,0,48,"FM"
"1208","R_2YDnds9JupiMq1K","Day_5_2",1,4,7,60,1,2,1,1,0,61,"FM"
"1209","R_3kHU2AkqxtoYrbL","Day_5_2",1,4,6,53,0,2,1,1,0,45,"FM"
"1210","R_2qmkhQWNU0NUCtM","Day_5_2",0,2,2,28,1,3,3,0,0,64,"FM"
"1211","R_XuDW0fnYNp0bIRz","Day_5_2",1,3,6,29,1,5,2,1,0,43,"FM"
"1212","R_3HLd0Pkdy5ATbHN","Day_5_2",1,4,6,60,0,3,1,1,0,57,"FM"
"1213","R_1KjtyR1ksFPDHkO","Day_5_2",0,3,4,34,0,2,2,1,0,44,"FM"
"1214","R_1mtuGiVFjbHBLwl","Day_5_2",1,4,6,34,0,5,2,0,0,52,"FM"
"1215","R_DoVSzCg6rpSwTDz","Day_5_2",1,4,7,54,0,3,1,1,0,62,"FM"
"1216","R_33lhFyzYBeEt0i1","Day_5_2",0,2,4,65,1,5,4,0,0,52,"FM"
"1217","R_bjFyLBPeudhTb4l","Day_5_2",1,4,6,41,0,3,1,1,0,52,"FM"
"1218","R_2E9U3i6o3n8QvyT","Day_5_3",0,2,6,23,1,4,4,1,0,64,"FM"
"1219","R_1Dv8f3X9lkGQoLF","Day_5_3",0,2,3,23,0,4,1,0,0,60,"FM"
"1220","R_2QRsqvhdXLT183d","Day_5_3",1,4,7,26,0,4,2,0,0,49,"FM"
"1221","R_2TLiQXiGgVk9oc2","Day_5_3",1,4,7,73,1,2,2,1,0,48,"FM"
"1222","R_1l0hdrf5SNkeNcF","Day_5_3",1,3,6,26,0,2,1,0,0,52,"FM"
"1223","R_ZEGOZmTt0anVIMV","Day_5_3",1,3,5,28,1,4,2,0,0,53,"FM"
"1224","R_242CnHkcd2TlwAX","Day_5_3",1,3,6,29,1,4,3,1,0,61,"FM"
"1225","R_Z1O1fEkvTMRXUsh","Day_5_3",1,4,6,45,0,3,1,0,0,47,"FM"
"1226","R_22LihEJVrD8SYDB","Day_5_3",1,4,7,33,1,2,1,0,0,51,"FM"
"1227","R_6nZHX1S72k9yVax","Day_5_3",0,2,3,32,0,6,3,0,0,39,"FM"
"1228","R_2SDANWOBodYiVP6","Day_5_3",1,4,5,51,1,3,1,1,0,63,"FM"
"1229","R_2PyTuub1FPFWYME","Day_5_3",0,1,2,24,0,4,2,0,0,60,"FM"
"1230","R_1LRMhegg5xjuLSb","Day_5_3",0,3,4,68,0,3,1,0,0,44,"FM"
"1231","R_1r1GNKh3zfLtNgm","Day_5_3",0,2,3,40,1,5,1,0,0,66,"FM"
"1232","R_1g0IqZThYQhmGUM","Day_5_3",1,3,5,54,0,5,3,0,0,46,"FM"
"1233","R_VU4NqeXyc3HfEVH","Day_5_3",1,4,6,53,1,4,2,0,0,58,"FM"
"1234","R_3htG43MO2Hd9wgz","Day_5_3",1,3,5,31,1,3,1,0,0,50,"FM"
"1235","R_2qqmkN0U8VFiu64","Day_5_3",1,4,6,58,0,4,2,1,0,50,"FM"
"1236","R_3G3NdyCACoZKWoM","Day_5_3",1,3,4,52,0,4,4,0,0,52,"FM"
"1237","R_230SyERXCJKUtqN","Day_5_3",1,4,6,45,0,4,2,0,0,48,"FM"
"1238","R_2TtymR6niD5vm8g","Day_5_3",1,4,6,26,0,2,1,0,0,56,"FM"
"1239","R_2a934pEokBEd7ei","Day_5_3",0,3,4,22,1,4,2,0,0,45,"FM"
"1240","R_3HLd0Pkdy5ATbHN","Day_5_3",1,3,5,60,0,3,1,0,0,57,"FM"
"1241","R_3qQdJlF2ieAfGOg","Day_5_3",1,4,6,34,1,2,1,0,0,59,"FM"
"1242","R_2tmwqgYLCnJum7o","Day_5_3",1,3,6,30,0,4,3,0,0,37,"FM"
"1243","R_1pLrJE4GoOSTsQd","Day_5_3",1,3,5,29,0,5,2,1,0,58,"FM"
"1244","R_1TjFsn1CkQmj60h","Day_5_3",1,3,6,35,1,4,2,1,0,45,"FM"
"1245","R_2S8qvreEraXBSr3","Day_5_3",1,3,5,62,0,3,2,0,0,47,"FM"
"1246","R_3ltPQoMeqsXfZIJ","Day_5_3",1,3,5,30,1,2,1,1,0,64,"FM"
"1247","R_124ieQHut2nerZ9","Day_5_3",1,4,6,51,1,4,3,1,0,58,"FM"
"1248","R_WqRmNxC82OIpIat","Day_5_3",0,2,2,54,1,5,3,0,0,48,"FM"
"1249","R_3fVqFh1lnN27EQs","Day_5_3",1,4,6,67,0,4,1,0,0,47,"FM"
"1250","R_25FpK9kXlD9lFwU","Day_5_3",1,4,7,41,1,3,1,1,0,41,"FM"
"1251","R_2OT2nx7N70qOtGG","Day_5_3",0,3,4,33,1,2,1,0,0,52,"FM"
"1252","R_3MSu0HbtPivkuQS","Day_5_3",0,3,2,39,0,3,1,1,0,51,"FM"
"1253","R_1o7kdbf2YRPCQGF","Day_5_3",0,3,4,45,0,4,2,0,0,65,"FM"
"1254","R_2RONRWTrrVGUu7h","Day_5_3",1,4,6,46,1,4,2,1,0,48,"FM"
"1255","R_bjFyLBPeudhTb4l","Day_5_3",1,3,5,41,0,3,1,0,0,52,"FM"
"1256","R_1KxPKKm7CyzbWSH","Day_5_3",1,3,5,21,0,4,3,0,0,53,"FM"
"1257","R_2aPlkmuMr4bvsQq","Day_5_3",0,3,4,31,0,5,2,0,0,51,"FM"
"1258","R_3D0gNOGGJ3fFLcn","Day_5_3",1,4,6,27,0,4,2,1,0,46,"FM"
"1259","R_2bPIA4ifRVowStA","Day_5_3",1,3,5,34,1,6,1,0,0,49,"FM"
"1260","R_27J1sg2lLpbqUTX","Day_5_3",1,3,4,32,0,2,2,0,0,65,"FM"
"1261","R_3fC682f8MenV75y","Day_5_3",0,2,3,42,0,5,1,0,0,59,"FM"
"1262","R_TdUKqNrfw4mO5zj","Day_5_3",0,4,2,61,0,5,1,0,0,61,"FM"
"1263","R_2Uf08qkuzG2RGGR","Day_5_3",0,3,5,28,1,3,2,0,0,59,"FM"
"1264","R_2wnR0jWKMAsX9kh","Day_5_3",1,3,5,22,1,3,1,0,0,65,"FM"
"1265","R_2QzD9koU8gz6vht","Day_5_3",1,3,5,19,1,3,1,1,0,43,"FM"
"1266","R_1gSo8c382uJkzqg","Day_5_3",0,2,3,25,0,2,1,0,0,62,"FM"
"1267","R_33jTuZbevVLETYZ","Day_5_3",1,4,7,26,0,4,2,0,0,43,"FM"
"1268","R_1LoqQb6EdozUkgO","Day_5_3",1,4,6,54,1,4,2,0,0,47,"FM"
"1269","R_1KjtyR1ksFPDHkO","Day_5_3",0,2,3,34,0,2,2,0,0,44,"FM"
"1270","R_b8iwAG2h3ozTjPj","Day_5_3",1,3,5,19,0,2,2,0,0,42,"FM"
"1271","R_33lhFyzYBeEt0i1","Day_5_3",1,3,5,65,1,5,4,1,0,52,"FM"
"1272","R_2f1FcYhYJKAUuaS","Day_5_3",0,3,6,43,0,5,4,0,0,50,"FM"
"1273","R_277hqS7FFIauDd5","Day_5_3",1,4,6,45,0,4,2,0,0,64,"FM"
"1274","R_2OZ1mYPycA99HWC","Day_5_3",1,3,7,25,0,3,2,0,0,64,"FM"
"1275","R_3DqdjWhCGm48Bcg","Day_5_3",1,3,5,31,1,4,1,0,0,62,"FM"
"1276","R_Oee2GVPY5Acbicp","Day_5_3",1,4,6,23,1,3,1,0,0,59,"FM"
"1277","R_1QaUvy2jZot84W1","Day_5_3",1,4,7,49,0,4,1,0,0,62,"FM"
"1278","R_3GiAlzJsROH6PaV","Day_5_3",0,3,5,35,0,4,2,0,0,51,"FM"
"1279","R_2S0J3Bd2CrQYr1p","Day_5_3",1,4,7,29,0,4,2,0,0,58,"FM"
"1280","R_2rvHAk7yII2pBOe","Day_5_3",1,4,6,28,1,4,4,0,0,56,"FM"
"1281","R_PwJhovPpoRtamjv","Day_5_3",0,2,3,29,0,4,2,0,0,46,"FM"
"1282","R_1EfWl91r5OsGBHA","Day_5_3",1,4,7,52,1,4,4,1,0,49,"FM"
"1283","R_28NwWB6xgtCOiTP","Day_5_3",0,2,3,29,0,4,1,0,0,59,"FM"
"1284","R_2VQiSjjVvrAznlZ","Day_5_3",1,3,6,43,0,3,2,1,0,50,"FM"
"1285","R_Df5SWhV9eaECRr3","Day_5_3",0,3,3,55,1,4,2,0,0,56,"FM"
"1286","R_3F5aQp8PAKJofMQ","Day_5_3",0,2,2,32,1,4,1,0,0,59,"FM"
"1287","R_2YDnds9JupiMq1K","Day_5_3",1,4,7,60,1,2,1,0,0,61,"FM"
"1288","R_0TzURzaEkUcHOCd","Day_5_3",0,1,4,59,0,4,1,1,0,63,"FM"
"1289","R_UZ3HP2gEqmYYtCF","Day_5_3",1,4,6,44,1,4,1,1,0,56,"FM"
"1290","R_2qE4FLA7gOnp6P2","Day_5_3",0,3,4,29,0,6,2,0,0,66,"FM"
"1291","R_2wMNezcTl8Rbwmz","Day_5_3",0,2,3,33,0,2,1,0,0,61,"FM"
"1292","R_3qaMAGLxbFhQC1n","Day_5_3",0,2,2,35,0,3,1,0,0,62,"FM"
"1293","R_pB0Y2EUOQWW8E6Z","Day_5_3",1,4,6,44,1,2,1,0,0,57,"FM"
"1294","R_O84WkGo3GA0M9ON","Day_5_3",0,3,4,62,0,2,1,0,0,38,"FM"
"1295","R_DoVSzCg6rpSwTDz","Day_5_3",1,3,5,54,0,3,1,0,0,62,"FM"
"1296","R_b3l6I7FcA4rgSAN","Day_5_3",0,2,3,34,1,4,1,0,0,50,"FM"
"1297","R_2tMrwQmOC5cI8Vl","Day_5_3",0,3,5,37,0,5,2,0,0,45,"FM"
"1298","R_2pWd9cTXiWABQEt","Day_5_4",1,3,5,37,1,4,3,1,0,37,"FM"
"1299","R_124ieQHut2nerZ9","Day_5_4",1,4,7,51,1,4,3,1,0,58,"FM"
"1300","R_22DESHUbklHsjMr","Day_5_4",0,1,1,54,1,3,2,0,0,66,"FM"
"1301","R_1kT95cvyZb6Kssz","Day_5_4",0,1,1,64,0,4,4,0,0,58,"FM"
"1302","R_2PyTuub1FPFWYME","Day_5_4",0,2,2,24,0,4,2,0,0,60,"FM"
"1303","R_2b3kXJvvXNopMiK","Day_5_4",0,2,2,27,0,2,2,0,0,62,"FM"
"1304","R_2BzDA9y59se4dES","Day_5_4",0,3,5,50,0,5,2,1,0,62,"FM"
"1305","R_3k0NmmPIE57d5MM","Day_5_4",0,2,5,18,0,2,2,0,0,58,"FM"
"1306","R_2TzY3jcxZVvTYBP","Day_5_4",0,2,3,29,1,4,1,0,0,59,"FM"
"1307","R_1LoqQb6EdozUkgO","Day_5_4",1,4,7,54,1,4,2,0,0,47,"FM"
"1308","R_24wwRVIaTGXgf3W","Day_5_4",0,2,2,58,1,5,1,0,0,38,"FM"
"1309","R_2QzD9koU8gz6vht","Day_5_4",1,3,5,19,1,3,1,1,0,43,"FM"
"1310","R_3kHU2AkqxtoYrbL","Day_5_4",1,4,6,53,0,2,1,0,0,45,"FM"
"1311","R_3pa3dhOQFlUxEv9","Day_5_4",0,1,7,46,1,3,1,0,0,60,"FM"
"1312","R_2aRYPaccUy9icOe","Day_5_4",0,3,4,21,1,2,2,1,0,61,"FM"
"1313","R_28NwWB6xgtCOiTP","Day_5_4",0,2,4,29,0,4,1,0,0,59,"FM"
"1314","R_1jBQiiT7YhC3H4N","Day_5_4",0,2,3,61,0,2,1,0,0,54,"FM"
"1315","R_2aysTyynhV26Iyy","Day_5_4",1,3,5,66,1,2,3,1,0,61,"FM"
"1316","R_1l0hdrf5SNkeNcF","Day_5_4",0,2,3,26,0,2,1,0,0,52,"FM"
"1317","R_2wMNezcTl8Rbwmz","Day_5_4",0,1,2,33,0,2,1,0,0,61,"FM"
"1318","R_6nZHX1S72k9yVax","Day_5_4",0,3,4,32,0,6,3,0,0,39,"FM"
"1319","R_27J1sg2lLpbqUTX","Day_5_4",0,2,4,32,0,2,2,0,0,65,"FM"
"1320","R_0TzURzaEkUcHOCd","Day_5_4",1,4,7,59,0,4,1,1,0,63,"FM"
"1321","R_2t9hTHkbv9o3FbQ","Day_5_4",1,4,6,30,1,4,2,0,0,47,"FM"
"1322","R_Z1O1fEkvTMRXUsh","Day_5_4",0,2,3,45,0,3,1,0,0,47,"FM"
"1323","R_2E9U3i6o3n8QvyT","Day_5_4",0,3,4,23,1,4,4,1,0,64,"FM"
"1324","R_vx04LDw9ZPn0e1H","Day_5_4",1,3,6,45,1,4,2,1,0,61,"FM"
"1325","R_3qQdJlF2ieAfGOg","Day_5_4",0,3,4,34,1,2,1,0,0,59,"FM"
"1326","R_3nOYHBkvLDNW8Jy","Day_5_4",0,1,2,23,1,4,1,0,0,61,"FM"
"1327","R_2TLiQXiGgVk9oc2","Day_5_4",1,4,7,73,1,2,2,1,0,48,"FM"
"1328","R_3qaMAGLxbFhQC1n","Day_5_4",0,2,4,35,0,3,1,0,0,62,"FM"
"1329","R_3MET58celZe7XE5","Day_5_4",0,2,2,37,0,5,1,0,0,61,"FM"
"1330","R_r289NJ0lUB2ws8h","Day_5_4",1,3,5,29,0,5,2,0,0,51,"FM"
"1331","R_1nQ8CiwBSrU1kb0","Day_5_4",1,4,7,39,0,5,1,1,0,49,"FM"
"1332","R_2TtymR6niD5vm8g","Day_5_4",0,3,4,26,0,2,1,0,0,56,"FM"
"1333","R_6FlIXyLngNxnDl7","Day_5_4",0,3,4,47,1,4,2,1,0,51,"FM"
"1334","R_1I6h0Nep9BI2w1N","Day_5_4",0,2,4,31,0,5,3,0,0,63,"FM"
"1335","R_2uVbunhaEzqhCkr","Day_5_4",0,4,5,30,1,4,2,0,0,60,"FM"
"1336","R_33lhFyzYBeEt0i1","Day_5_4",1,3,5,65,1,5,4,1,0,52,"FM"
"1337","R_25FpK9kXlD9lFwU","Day_5_4",0,2,3,41,1,3,1,1,0,41,"FM"
"1338","R_VU4NqeXyc3HfEVH","Day_5_4",1,4,7,53,1,4,2,0,0,58,"FM"
"1339","R_22mFlnTmSUhtVBJ","Day_5_4",0,3,4,47,0,2,3,1,0,49,"FM"
"1340","R_3F5aQp8PAKJofMQ","Day_5_4",0,1,1,32,1,4,1,0,0,59,"FM"
"1341","R_b8iwAG2h3ozTjPj","Day_5_4",1,3,4,19,0,2,2,0,0,42,"FM"
"1342","R_2qE4FLA7gOnp6P2","Day_5_4",0,1,1,29,0,6,2,0,0,66,"FM"
"1343","R_3ltPQoMeqsXfZIJ","Day_5_4",1,4,6,30,1,2,1,1,0,64,"FM"
"1344","R_22LihEJVrD8SYDB","Day_5_4",0,2,3,33,1,2,1,0,0,51,"FM"
"1345","R_1EfWl91r5OsGBHA","Day_5_4",1,4,7,52,1,4,4,1,0,49,"FM"
"1346","R_1g0IqZThYQhmGUM","Day_5_4",0,2,3,54,0,5,3,0,0,46,"FM"
"1347","R_3Je2sxnQeV2G8Oy","Day_5_4",0,1,1,26,0,5,2,0,0,49,"FM"
"1348","R_2YDnds9JupiMq1K","Day_5_4",0,1,1,60,1,2,1,0,0,61,"FM"
"1349","R_2YYCITM2N2TqPhs","Day_5_4",1,4,7,41,1,4,2,1,0,50,"FM"
"1350","R_z2WXNYuOlKOGrjr","Day_5_4",0,3,4,21,1,2,1,0,0,47,"FM"
"1351","R_3HLd0Pkdy5ATbHN","Day_5_4",0,2,3,60,0,3,1,0,0,57,"FM"
"1352","R_3DqdjWhCGm48Bcg","Day_5_4",0,3,4,31,1,4,1,0,0,62,"FM"
"1353","R_3MSu0HbtPivkuQS","Day_5_4",0,2,4,39,0,3,1,1,0,51,"FM"
"1354","R_242CnHkcd2TlwAX","Day_5_4",1,3,6,29,1,4,3,1,0,61,"FM"
"1355","R_2f1FcYhYJKAUuaS","Day_5_4",0,3,4,43,0,5,4,0,0,50,"FM"
"1356","R_1MW05c7p9YgWJhq","Day_5_4",0,2,3,33,0,2,1,0,0,56,"FM"
"1357","R_3D0gNOGGJ3fFLcn","Day_5_4",1,4,7,27,0,4,2,1,0,46,"FM"
"1358","R_UZ3HP2gEqmYYtCF","Day_5_4",1,4,6,44,1,4,1,1,0,56,"FM"
"1359","R_1Dx6yoYQWQfqH1g","Day_5_4",0,1,1,34,1,4,2,1,0,66,"FM"
"1360","R_2tmQWfknpcBRsIq","Day_5_4",1,3,4,26,0,4,1,0,0,59,"FM"
"1361","R_3G3NdyCACoZKWoM","Day_5_4",0,2,3,52,0,4,4,0,0,52,"FM"
"1362","R_2wnR0jWKMAsX9kh","Day_5_4",0,2,3,22,1,3,1,0,0,65,"FM"
"1363","R_pB0Y2EUOQWW8E6Z","Day_5_4",1,3,5,44,1,2,1,0,0,57,"FM"
"1364","R_33jTuZbevVLETYZ","Day_5_4",1,4,7,26,0,4,2,0,0,43,"FM"
"1365","R_2aPlkmuMr4bvsQq","Day_5_4",0,2,3,31,0,5,2,0,0,51,"FM"
"1366","R_27pbWWcvNdSjfNF","Day_5_4",0,1,2,48,0,4,2,0,0,56,"FM"
"1367","R_Zsrn2mjoHcI7DkR","Day_6_1",0,3,4,28,1,2,1,0,0,61,"FM"
"1368","R_1q9tJg9ZHjy4C1i","Day_6_1",0,3,5,58,0,3,2,1,0,56,"FM"
"1369","R_1gwI75ZGEnxHf7P","Day_6_1",0,2,4,24,0,5,1,1,0,36,"FM"
"1370","R_1qVs5u6EZDf91yZ","Day_6_1",1,3,5,37,1,3,2,1,0,63,"FM"
"1371","R_1jHtPndRpKZ9KHC","Day_6_1",1,4,7,52,0,4,1,1,0,44,"FM"
"1372","R_2aE6HAgHqGfZ8Fj","Day_6_1",0,1,2,33,1,4,2,0,0,49,"FM"
"1373","R_29mNFvNT6cAeRZf","Day_6_1",0,3,4,40,0,4,3,1,0,53,"FM"
"1374","R_1ousLe2vlr2eyI3","Day_6_1",0,2,3,25,1,4,1,0,0,52,"FM"
"1375","R_6tXVSy7JzfeweB3","Day_6_1",1,3,5,30,1,5,2,1,0,38,"FM"
"1376","R_33wB4ASBvsp0zBn","Day_6_1",0,1,2,45,1,1,1,0,0,35,"FM"
"1377","R_2uHvHg96QrhPuMI","Day_6_1",0,1,1,38,1,4,2,0,0,63,"FM"
"1378","R_1JDir4st2VYrCQ1","Day_6_1",0,1,1,27,1,3,2,0,0,59,"FM"
"1379","R_2amHGd94HoYiO3A","Day_6_1",1,4,6,42,1,4,2,0,0,47,"FM"
"1380","R_RzcxvBjjwiOX2AF","Day_6_1",1,4,6,37,0,2,2,0,0,56,"FM"
"1381","R_3OemT1S7X5XP5WF","Day_6_1",0,2,2,37,1,5,1,0,0,61,"FM"
"1382","R_1GLoaz7VRcl8Tu1","Day_6_1",1,4,7,42,0,4,4,0,0,58,"FM"
"1383","R_3KGWuiQMdGcD3XY","Day_6_1",1,3,5,21,1,4,1,1,0,56,"FM"
"1384","R_1r7hFzWVrEVXLaI","Day_6_1",0,1,1,27,1,2,1,0,0,64,"FM"
"1385","R_3KZ9jAK9QyRvfnE","Day_6_1",1,3,5,44,0,4,2,0,0,57,"FM"
"1386","R_2X0rA9Mrm5F5RLZ","Day_6_1",1,3,5,29,0,4,1,1,0,40,"FM"
"1387","R_3nkGQuAQyu5cGdN","Day_6_1",0,1,1,28,1,2,1,0,0,66,"FM"
"1388","R_1ooKq2qHdoeuBOt","Day_6_1",0,2,3,42,0,3,1,0,0,37,"FM"
"1389","R_2BfU9Z39oHwx0CN","Day_6_1",1,2,4,49,0,3,3,1,0,50,"FM"
"1390","R_3lKdpVgUA3WzAg6","Day_6_1",0,2,3,28,0,2,1,0,0,54,"FM"
"1391","R_uqTc6lyOKyzHsop","Day_6_4",0,2,3,32,0,2,1,1,0,47,"FM"
"1392","R_23aeGsFVDzEXzcL","Day_6_4",0,1,1,39,0,2,2,0,0,47,"FM"
"1393","R_22WSQRGhQHAk0PW","Day_6_4",0,2,4,47,0,5,1,0,0,54,"FM"
"1394","R_1jHtPndRpKZ9KHC","Day_6_4",1,4,7,52,0,4,1,1,0,44,"FM"
"1395","R_1gj9NwQCbK7mmWE","Day_6_4",0,1,1,33,0,4,3,0,0,50,"FM"
"1396","R_1GLoaz7VRcl8Tu1","Day_6_4",0,2,2,42,0,4,4,0,0,58,"FM"
"1397","R_1r7hFzWVrEVXLaI","Day_6_4",0,2,2,27,1,2,1,0,0,64,"FM"
"1398","R_3nVj22Wfpkf7GSk","Day_6_4",0,3,5,25,0,4,1,1,0,35,"FM"
"1399","R_6tXVSy7JzfeweB3","Day_6_4",1,3,5,30,1,5,2,1,0,38,"FM"
"1400","R_3lKdpVgUA3WzAg6","Day_6_4",0,2,3,28,0,2,1,0,0,54,"FM"
"1401","R_2BfU9Z39oHwx0CN","Day_6_4",0,2,6,49,0,3,3,1,0,50,"FM"
"1402","R_1QFX7ZmSGjgEyCj","Day_6_4",1,3,7,35,1,2,2,0,0,65,"FM"
"1403","R_3JI4gw2snK3ETnv","Day_6_4",1,3,5,33,1,4,1,1,0,55,"FM"
"1404","R_UQog4OeHtk17oNr","Day_6_4",1,3,6,37,0,5,2,1,0,53,"FM"
"1405","R_1QFmw2X34d2Yo05","Day_6_4",1,3,6,21,1,3,1,1,0,43,"FM"
"1406","R_3JxxbeUubb6geQ2","Day_6_4",0,1,1,19,0,2,1,0,0,61,"FM"
"1407","R_1QN3wdcroeZ3pl7","Day_6_4",1,3,5,26,1,4,2,0,0,55,"FM"
"1408","R_Rh4uaINz2KxP1vP","Day_6_4",0,3,6,52,1,4,2,0,0,43,"FM"
"1409","R_Zsrn2mjoHcI7DkR","Day_6_4",0,2,5,28,1,2,1,0,0,61,"FM"
"1410","R_3LZ30O3ejTDlBzG","Day_6_4",0,2,2,47,0,2,1,0,0,61,"FM"
"1411","R_yD8eaCyoDKqNIjf","Day_6_4",0,3,4,35,0,3,2,0,0,50,"FM"
"1412","R_2xxXQEtv9QE2tT7","Day_6_4",1,4,7,26,0,4,2,0,0,61,"FM"
"1413","R_2Ey0fF2R4Tt3CxA","Day_6_4",0,2,3,64,0,5,4,0,0,48,"FM"
"1414","R_1q9tJg9ZHjy4C1i","Day_6_4",1,4,6,58,0,3,2,1,0,56,"FM"
"1415","R_29mNFvNT6cAeRZf","Day_6_4",0,2,3,40,0,4,3,1,0,53,"FM"
"1416","R_T77O547q61MqcI9","Day_6_4",1,3,5,28,1,3,2,0,0,60,"FM"
"1417","R_2amHGd94HoYiO3A","Day_6_4",1,4,6,42,1,4,2,0,0,47,"FM"
"1418","R_utdLhPe6WNr59Tj","Day_6_4",1,4,7,44,0,4,3,0,0,65,"FM"
"1419","R_279DBRI7IPeT7GL","Day_6_4",0,3,4,38,1,4,1,0,0,40,"FM"
"1420","R_eDNm6vmorNBwTYt","Day_6_4",0,2,2,36,0,4,4,0,0,49,"FM"
"1421","R_3DnK1htW8VASyYL","Day_6_4",1,4,5,38,1,4,2,1,0,54,"FM"
"1422","R_3JgVQbmf3ZbCk5G","Day_6_4",0,2,2,62,1,5,2,0,0,54,"FM"
"1423","R_1gwI75ZGEnxHf7P","Day_6_4",1,4,4,24,0,5,1,1,0,36,"FM"
"1424","R_2cnL4OP3thEExGD","Day_6_4",1,3,5,26,0,4,2,0,0,59,"FM"
"1425","R_2uHvHg96QrhPuMI","Day_6_4",0,1,1,38,1,4,2,0,0,63,"FM"
"1426","R_1JDir4st2VYrCQ1","Day_6_4",0,1,2,27,1,3,2,0,0,59,"FM"
"1427","R_1dKooIpcJsWGOhA","Day_7_2",1,4,7,20,0,2,1,1,0,52,"FM"
"1428","R_31yq8eEhEAogyF7","Day_7_2",0,3,4,47,0,5,2,1,0,60,"FM"
"1429","R_xslbVLOJEhdIkSZ","Day_7_2",0,1,1,26,1,5,2,0,0,58,"FM"
"1430","R_R4FhNU4Z1f1Dheh","Day_7_2",0,3,5,48,1,4,2,1,0,53,"FM"
"1431","R_ZJnRQw2YFufhUM9","Day_7_2",1,3,6,30,0,4,3,1,0,39,"FM"
"1432","R_W8o6USQtTqqNT69","Day_7_2",0,3,5,40,1,4,4,1,0,64,"FM"
"1433","R_1ondnWzcjk1DkSi","Day_7_2",1,3,6,48,0,4,3,1,0,66,"FM"
"1434","R_1CEnsHDHZeBSc5J","Day_7_2",0,2,4,22,0,4,1,0,0,53,"FM"
"1435","R_29voiGfDBjrLArd","Day_7_2",0,1,1,44,0,4,3,1,0,58,"FM"
"1436","R_2zAax97iefyHrO1","Day_7_2",0,2,3,29,0,4,1,1,0,55,"FM"
"1437","R_22S5mLhHuD8UbNw","Day_7_2",0,2,3,38,1,4,1,0,0,46,"FM"
"1438","R_2upPQex65JIdneN","Day_7_2",0,2,3,41,1,2,2,0,0,66,"FM"
"1439","R_2xM1GcoAVBUBsnE","Day_7_2",1,3,6,38,1,2,1,1,0,64,"FM"
"1440","R_2TsEbTgrsRqEsM4","Day_7_2",0,2,2,59,0,2,1,0,0,51,"FM"
"1441","R_25tgBsdhPcOs9jq","Day_7_2",0,2,2,30,1,4,2,0,0,41,"FM"
"1442","R_1MRt8qmVy8NJ8TF","Day_7_2",0,2,3,26,0,4,1,1,0,55,"FM"
"1443","R_2ZCAByKFhLGuvvx","Day_7_2",0,2,4,33,0,2,1,0,0,58,"FM"
"1444","R_1JEoPvV9P464F1v","Day_7_2",0,2,3,53,0,4,3,0,0,60,"FM"
"1445","R_d5SoIJxsslh22NH","Day_7_2",1,4,7,55,1,4,1,1,0,59,"FM"
"1446","R_56F344aLv8Jdlip","Day_7_2",0,2,4,25,1,3,2,1,0,43,"FM"
"1447","R_2yeFaMN0XH4uz0o","Day_7_2",1,4,7,23,1,2,2,0,0,61,"FM"
"1448","R_3mjUSIoKcimFVua","Day_7_2",0,2,2,32,0,4,2,0,0,46,"FM"
"1449","R_2TucVkXYfjezLI2","Day_9_3",0,2,3,30,0,4,1,1,0,42,"FM"
"1450","R_3HvH6VtRa44pA45","Day_9_3",0,1,1,29,1,4,2,0,0,56,"FM"
"1451","R_2azDQXqvozzbbLo","Day_9_3",1,4,6,56,0,3,1,1,0,64,"FM"
"1452","R_2DMSDm6OFULgccV","Day_9_3",1,4,7,42,0,5,1,0,0,42,"FM"
"1453","R_1HegUG5WoL8qEOY","Day_9_3",0,2,3,30,0,4,1,1,0,43,"FM"
"1454","R_PThidlF8WYSEvIJ","Day_9_3",1,4,6,33,1,4,2,1,0,51,"FM"
"1455","R_2agDziHsnAmPAEk","Day_9_3",0,2,2,40,0,2,1,0,0,64,"FM"
"1456","R_2TFWAPc9i6KikG6","Day_9_3",1,4,7,36,0,2,1,0,0,64,"FM"
"1457","R_2dEm14WOXQkOFeG","Day_9_3",0,2,3,47,1,4,2,0,0,64,"FM"
"1458","R_27He87P8St4Nbwq","Day_9_3",0,2,2,31,1,4,2,0,0,52,"FM"
"1459","R_3m82D3MC8c12Kr6","Day_9_3",1,3,6,24,0,2,1,1,0,49,"FM"
"1460","R_2rIQkWN7yXajheR","Day_9_3",1,4,6,36,0,4,2,1,0,42,"FM"
"1461","R_3GkC9pP4wvQ0fc1","Day_9_3",1,4,7,40,1,4,1,0,0,66,"FM"
"1462","R_SP3PpAz2PtQANLb","Day_9_3",1,3,4,35,0,4,2,1,0,38,"FM"
"1463","R_1n9oSULCR6qkGVb","Day_9_3",1,4,5,39,1,4,2,1,0,38,"FM"
"1464","R_2BzaKa4B2fvCxST","Day_9_3",1,3,5,32,1,4,1,1,0,39,"FM"
"1465","R_3nVNPl9MMCuAcvm","Day_9_3",1,4,7,35,1,5,2,0,0,60,"FM"
"1466","R_1kOeD0sjUeeeoDF","Day_9_3",1,4,5,45,0,5,2,1,0,44,"FM"
"1467","R_1pzglqxRzTIT8Tn","Day_9_3",0,3,5,64,0,4,2,0,0,50,"FM"
"1468","R_s6ScH78WgHjl4lz","Day_9_3",0,3,6,42,1,4,3,1,0,50,"FM"
"1469","R_UGfAf4eIKRTYn2F","Day_9_3",0,2,2,48,0,2,4,0,0,62,"FM"
"1470","R_2wNCm41CPyxunK2","Day_9_3",1,3,6,36,0,2,1,1,0,54,"FM"
"1471","R_7aInKUajUAACCjL","Day_9_3",0,2,3,56,1,4,1,1,0,39,"FM"
"1472","R_1ruGjonn9TnskwL","Day_9_3",1,3,5,36,1,4,1,0,0,62,"FM"
"1473","R_2zTqQLlyUGqagGX","Day_9_3",0,1,2,41,1,3,1,0,0,65,"FM"
"1474","R_oZxN4Uea4KyErER","Day_9_3",1,4,6,33,1,4,2,1,0,48,"FM"
"1475","R_30wXT3aDKmkJick","Day_9_3",1,3,6,29,0,4,2,0,0,61,"FM"
"1476","R_2cb9yWZeKxHBs9g","Day_9_3",1,3,6,64,1,4,1,0,0,64,"FM"
"1477","R_1qU1lz7jtRMeqHs","Day_9_3",0,3,4,63,0,5,1,0,0,49,"FM"
"1478","R_2RUNjVd6TPa4gdD","Day_9_3",0,2,3,35,1,4,1,0,0,47,"FM"
"1479","R_z0xFXHBi0ajrQmR","Day_9_3",1,4,7,40,1,5,2,1,0,45,"FM"
"1480","R_2YXRGUv8mZBGMol","Day_9_3",0,2,4,28,1,2,1,1,0,63,"FM"
"1481","R_2WBEJWOF1H2bSap","Day_9_3",0,3,4,33,1,2,1,0,0,52,"FM"
"1482","R_2Pkdqs0iH6wtr2H","Day_9_3",1,3,5,53,0,2,1,1,0,35,"FM"
"1483","R_YXOpo8WXxubK0G5","Day_9_3",0,3,4,53,1,3,2,0,0,59,"FM"
"1484","R_50Hrsa9AI7DCUtH","Day_9_3",1,3,5,30,0,4,1,0,0,43,"FM"
"1485","R_2U02dQPBZJ6kOOR","Day_9_3",0,3,4,48,1,2,1,0,0,58,"FM"
